solid OpenSCAD_Model
  facet normal -0.8128466845916197 -0.5824776968677957 4.421332307208503e-19
    outer loop
      vertex 31.219939979126295 -17.826284287026162 3.5999999999999996
      vertex 31.165275432101016 -17.75 7.2
      vertex 31.165275432101016 -17.75 3.5999999999999996
    endloop
  endfacet
  facet normal -0.7298640726978316 -0.6835923020228756 -8.347341893063862e-20
    outer loop
      vertex 31.47867965644036 -18.121320343559642 3.5999999999999996
      vertex 31.34448057756307 -17.978037445300206 9.2
      vertex 31.34448057756307 -17.978037445300206 3.5999999999999996
    endloop
  endfacet
  facet normal -0.5824776968677963 -0.8128466845916196 0
    outer loop
      vertex 31.77371571297384 -18.380060020873707 3.5999999999999996
      vertex 31.933289300941194 -18.494408836907635 3.5999999999999996
      vertex 31.77371571297384 -18.380060020873707 9.2
    endloop
  endfacet
  facet normal -0.6343932841636483 -0.7730104533627348 0
    outer loop
      vertex 31.621962554699795 -18.255519422436933 3.5999999999999996
      vertex 31.77371571297384 -18.380060020873707 3.5999999999999996
      vertex 31.621962554699795 -18.255519422436933 9.2
    endloop
  endfacet
  facet normal -0.6835923020228756 -0.7298640726978316 -8.347341893063862e-20
    outer loop
      vertex 31.621962554699795 -18.255519422436933 3.5999999999999996
      vertex 31.47867965644036 -18.121320343559642 9.2
      vertex 31.47867965644036 -18.121320343559642 3.5999999999999996
    endloop
  endfacet
  facet normal -0.5280678506503702 -0.8492021815265776 6.486729251598247e-20
    outer loop
      vertex 32.1 -18.598076211353316 3.5999999999999996
      vertex 31.933289300941194 -18.494408836907635 9.2
      vertex 31.933289300941194 -18.494408836907635 3.5999999999999996
    endloop
  endfacet
  facet normal -0.47139673682600003 -0.8819212643483536 0
    outer loop
      vertex 32.1 -18.598076211353316 3.5999999999999996
      vertex 32.273133929343 -18.690618224598065 3.5999999999999996
      vertex 32.1 -18.598076211353316 9.2
    endloop
  endfacet
  facet normal -0.4127070298043791 -0.910863824921183 0
    outer loop
      vertex 32.273133929343 -18.690618224598065 3.5999999999999996
      vertex 32.451949702904734 -18.771638597533858 3.5999999999999996
      vertex 32.273133929343 -18.690618224598065 9.2
    endloop
  endfacet
  facet normal -0.35225004792125003 -0.9359059267573195 0
    outer loop
      vertex 32.451949702904734 -18.771638597533858 3.5999999999999996
      vertex 32.635681604090514 -18.840790388485317 3.5999999999999996
      vertex 32.451949702904734 -18.771638597533858 9.2
    endloop
  endfacet
  facet normal -0.2902846772544564 -0.9569403357322107 0
    outer loop
      vertex 32.635681604090514 -18.840790388485317 3.5999999999999996
      vertex 32.82354286469244 -18.897777478867205 3.5999999999999996
      vertex 32.635681604090514 -18.840790388485317 9.2
    endloop
  endfacet
  facet normal -0.22707626303436554 -0.9738769792773354 0
    outer loop
      vertex 32.82354286469244 -18.897777478867205 3.5999999999999996
      vertex 33.01472903395162 -18.94235584120969 3.5999999999999996
      vertex 32.82354286469244 -18.897777478867205 9.2
    endloop
  endfacet
  facet normal -0.16289547339458618 -0.9866433320848794 0
    outer loop
      vertex 33.01472903395162 -18.94235584120969 3.5999999999999996
      vertex 33.20842142333985 -18.97433458412143 3.5999999999999996
      vertex 33.01472903395162 -18.94235584120969 9.2
    endloop
  endfacet
  facet normal -0.09801714032956228 -0.9951847266721967 0
    outer loop
      vertex 33.20842142333985 -18.97433458412143 3.5999999999999996
      vertex 33.40379061230957 -18.99357676971581 3.5999999999999996
      vertex 33.20842142333985 -18.97433458412143 9.2
    endloop
  endfacet
  facet normal -0.032719082821786524 -0.9994645874763654 0
    outer loop
      vertex 33.40379061230957 -18.99357676971581 3.5999999999999996
      vertex 33.6 -19 3.5999999999999996
      vertex 33.40379061230957 -18.99357676971581 9.2
    endloop
  endfacet
  facet normal 0.032719082821786524 -0.9994645874763654 0
    outer loop
      vertex 33.6 -19 3.5999999999999996
      vertex 33.79620938769043 -18.99357676971581 3.5999999999999996
      vertex 33.6 -19 9.2
    endloop
  endfacet
  facet normal -0.7730104533627348 -0.6343932841636483 1.3790396705377906e-18
    outer loop
      vertex 31.34448057756307 -17.978037445300206 3.5999999999999996
      vertex 31.219939979126295 -17.826284287026162 9.2
      vertex 31.219939979126295 -17.826284287026162 3.5999999999999996
    endloop
  endfacet
  facet normal 0.09801714032956228 -0.9951847266721967 0
    outer loop
      vertex 33.79620938769043 -18.99357676971581 3.5999999999999996
      vertex 33.99157857666015 -18.97433458412143 3.5999999999999996
      vertex 33.79620938769043 -18.99357676971581 9.2
    endloop
  endfacet
  facet normal 0.16289547339458618 -0.9866433320848794 0
    outer loop
      vertex 33.99157857666015 -18.97433458412143 3.5999999999999996
      vertex 34.185270966048385 -18.94235584120969 3.5999999999999996
      vertex 33.99157857666015 -18.97433458412143 9.2
    endloop
  endfacet
  facet normal 0.22707626303436554 -0.9738769792773354 0
    outer loop
      vertex 34.185270966048385 -18.94235584120969 3.5999999999999996
      vertex 34.37645713530756 -18.897777478867205 3.5999999999999996
      vertex 34.185270966048385 -18.94235584120969 9.2
    endloop
  endfacet
  facet normal 0.2902846772544564 -0.9569403357322107 0
    outer loop
      vertex 34.37645713530756 -18.897777478867205 3.5999999999999996
      vertex 34.56431839590949 -18.840790388485317 3.5999999999999996
      vertex 34.37645713530756 -18.897777478867205 9.2
    endloop
  endfacet
  facet normal 0.35225004792125003 -0.9359059267573195 0
    outer loop
      vertex 34.56431839590949 -18.840790388485317 3.5999999999999996
      vertex 34.74805029709527 -18.771638597533858 3.5999999999999996
      vertex 34.56431839590949 -18.840790388485317 9.2
    endloop
  endfacet
  facet normal 0.4127070298043791 -0.910863824921183 0
    outer loop
      vertex 34.74805029709527 -18.771638597533858 3.5999999999999996
      vertex 34.926866070657006 -18.690618224598065 3.5999999999999996
      vertex 34.74805029709527 -18.771638597533858 9.2
    endloop
  endfacet
  facet normal 0.47139673682600003 -0.8819212643483536 0
    outer loop
      vertex 34.926866070657006 -18.690618224598065 3.5999999999999996
      vertex 35.1 -18.598076211353316 3.5999999999999996
      vertex 34.926866070657006 -18.690618224598065 9.2
    endloop
  endfacet
  facet normal 0.5280678506503783 -0.8492021815265725 0
    outer loop
      vertex 35.1 -18.598076211353316 3.5999999999999996
      vertex 35.266710699058805 -18.494408836907635 3.5999999999999996
      vertex 35.1 -18.598076211353316 9.2
    endloop
  endfacet
  facet normal 0.5824776968677876 -0.8128466845916257 0
    outer loop
      vertex 35.266710699058805 -18.494408836907635 3.5999999999999996
      vertex 35.426284287026164 -18.380060020873707 3.5999999999999996
      vertex 35.266710699058805 -18.494408836907635 9.2
    endloop
  endfacet
  facet normal 0.6343932841636393 -0.7730104533627419 0
    outer loop
      vertex 35.426284287026164 -18.380060020873707 3.5999999999999996
      vertex 35.57803744530021 -18.255519422436933 3.5999999999999996
      vertex 35.426284287026164 -18.380060020873707 9.2
    endloop
  endfacet
  facet normal 0.6835923020228756 -0.7298640726978316 0
    outer loop
      vertex 35.57803744530021 -18.255519422436933 3.5999999999999996
      vertex 35.72132034355965 -18.121320343559642 3.5999999999999996
      vertex 35.57803744530021 -18.255519422436933 9.2
    endloop
  endfacet
  facet normal 0.7298640726978406 -0.6835923020228659 0
    outer loop
      vertex 35.72132034355965 -18.121320343559642 3.5999999999999996
      vertex 35.855519422436934 -17.978037445300206 3.5999999999999996
      vertex 35.72132034355965 -18.121320343559642 9.2
    endloop
  endfacet
  facet normal 0.7730104533627348 -0.6343932841636483 0
    outer loop
      vertex 35.855519422436934 -17.978037445300206 3.5999999999999996
      vertex 35.98006002087371 -17.826284287026162 3.5999999999999996
      vertex 35.855519422436934 -17.978037445300206 9.2
    endloop
  endfacet
  facet normal 0.8128466845916019 -0.5824776968678208 0
    outer loop
      vertex 35.98006002087371 -17.826284287026162 3.5999999999999996
      vertex 36.03472456789899 -17.75 3.5999999999999996
      vertex 35.98006002087371 -17.826284287026162 9.2
    endloop
  endfacet
  facet normal -0.8128466845916199 -0.5824776968677958 0
    outer loop
      vertex 31.219939979126295 -17.826284287026162 3.5999999999999996
      vertex 31.219939979126295 -17.826284287026162 9.2
      vertex 31.165275432101016 -17.75 7.2
    endloop
  endfacet
  facet normal 0.8128466845916018 -0.5824776968678207 0
    outer loop
      vertex 36.03472456789899 -17.75 3.5999999999999996
      vertex 36.03472456789899 -17.75 7.2
      vertex 35.98006002087371 -17.826284287026162 9.2
    endloop
  endfacet
  facet normal -0.6343932841636483 -0.7730104533627348 0
    outer loop
      vertex 31.77371571297384 -18.380060020873707 3.5999999999999996
      vertex 31.77371571297384 -18.380060020873707 9.2
      vertex 31.621962554699795 -18.255519422436933 9.2
    endloop
  endfacet
  facet normal -0.6835923020228756 -0.7298640726978316 0
    outer loop
      vertex 31.621962554699795 -18.255519422436933 3.5999999999999996
      vertex 31.621962554699795 -18.255519422436933 9.2
      vertex 31.47867965644036 -18.121320343559642 9.2
    endloop
  endfacet
  facet normal -0.7298640726978316 -0.6835923020228756 0
    outer loop
      vertex 31.47867965644036 -18.121320343559642 3.5999999999999996
      vertex 31.47867965644036 -18.121320343559642 9.2
      vertex 31.34448057756307 -17.978037445300206 9.2
    endloop
  endfacet
  facet normal -0.5280678506503702 -0.8492021815265776 0
    outer loop
      vertex 32.1 -18.598076211353316 3.5999999999999996
      vertex 32.1 -18.598076211353316 9.2
      vertex 31.933289300941194 -18.494408836907635 9.2
    endloop
  endfacet
  facet normal -0.47139673682600003 -0.8819212643483536 0
    outer loop
      vertex 32.273133929343 -18.690618224598065 3.5999999999999996
      vertex 32.273133929343 -18.690618224598065 9.2
      vertex 32.1 -18.598076211353316 9.2
    endloop
  endfacet
  facet normal -0.35225004792125003 -0.9359059267573195 0
    outer loop
      vertex 32.635681604090514 -18.840790388485317 3.5999999999999996
      vertex 32.635681604090514 -18.840790388485317 9.2
      vertex 32.451949702904734 -18.771638597533858 9.2
    endloop
  endfacet
  facet normal -0.2902846772544564 -0.9569403357322107 0
    outer loop
      vertex 32.82354286469244 -18.897777478867205 3.5999999999999996
      vertex 32.82354286469244 -18.897777478867205 9.2
      vertex 32.635681604090514 -18.840790388485317 9.2
    endloop
  endfacet
  facet normal -0.4127070298043791 -0.910863824921183 0
    outer loop
      vertex 32.451949702904734 -18.771638597533858 3.5999999999999996
      vertex 32.451949702904734 -18.771638597533858 9.2
      vertex 32.273133929343 -18.690618224598065 9.2
    endloop
  endfacet
  facet normal -0.5824776968677963 -0.8128466845916196 0
    outer loop
      vertex 31.933289300941194 -18.494408836907635 3.5999999999999996
      vertex 31.933289300941194 -18.494408836907635 9.2
      vertex 31.77371571297384 -18.380060020873707 9.2
    endloop
  endfacet
  facet normal -0.22707626303436554 -0.9738769792773354 0
    outer loop
      vertex 33.01472903395162 -18.94235584120969 3.5999999999999996
      vertex 33.01472903395162 -18.94235584120969 9.2
      vertex 32.82354286469244 -18.897777478867205 9.2
    endloop
  endfacet
  facet normal -0.16289547339458618 -0.9866433320848794 0
    outer loop
      vertex 33.20842142333985 -18.97433458412143 3.5999999999999996
      vertex 33.20842142333985 -18.97433458412143 9.2
      vertex 33.01472903395162 -18.94235584120969 9.2
    endloop
  endfacet
  facet normal -0.09801714032956228 -0.9951847266721967 0
    outer loop
      vertex 33.40379061230957 -18.99357676971581 3.5999999999999996
      vertex 33.40379061230957 -18.99357676971581 9.2
      vertex 33.20842142333985 -18.97433458412143 9.2
    endloop
  endfacet
  facet normal -0.032719082821786524 -0.9994645874763654 0
    outer loop
      vertex 33.6 -19 3.5999999999999996
      vertex 33.6 -19 9.2
      vertex 33.40379061230957 -18.99357676971581 9.2
    endloop
  endfacet
  facet normal 0.032719082821786524 -0.9994645874763654 0
    outer loop
      vertex 33.79620938769043 -18.99357676971581 3.5999999999999996
      vertex 33.79620938769043 -18.99357676971581 9.2
      vertex 33.6 -19 9.2
    endloop
  endfacet
  facet normal -0.7730104533627348 -0.6343932841636483 0
    outer loop
      vertex 31.34448057756307 -17.978037445300206 3.5999999999999996
      vertex 31.34448057756307 -17.978037445300206 9.2
      vertex 31.219939979126295 -17.826284287026162 9.2
    endloop
  endfacet
  facet normal -0.9108638249211799 -0.4127070298043859 -2.195798676228491e-18
    outer loop
      vertex 30.909381775401936 -17.326866070657005 7.2
      vertex 30.828361402466143 -17.14805029709527 9.2
      vertex 30.828361402466143 -17.14805029709527 7.2
    endloop
  endfacet
  facet normal -0.935905926757324 -0.3522500479212381 -3.885253121041337e-19
    outer loop
      vertex 30.828361402466143 -17.14805029709527 7.2
      vertex 30.759209611514684 -16.964318395909483 9.2
      vertex 30.759209611514684 -16.964318395909483 7.2
    endloop
  endfacet
  facet normal -0.8128466845916191 -0.5824776968677966 1.9447190249733095e-18
    outer loop
      vertex 31.165275432101016 -17.75 7.2
      vertex 31.105591163092367 -17.666710699058807 9.2
      vertex 31.105591163092367 -17.666710699058807 7.2
    endloop
  endfacet
  facet normal -0.8492021815265774 -0.5280678506503702 1.8162841904475095e-19
    outer loop
      vertex 31.105591163092367 -17.666710699058807 7.2
      vertex 31.001923788646685 -17.5 9.2
      vertex 31.001923788646685 -17.5 7.2
    endloop
  endfacet
  facet normal -0.8819212643483537 -0.4713967368260001 0
    outer loop
      vertex 30.909381775401936 -17.326866070657005 7.2
      vertex 31.001923788646685 -17.5 7.2
      vertex 30.909381775401936 -17.326866070657005 9.2
    endloop
  endfacet
  facet normal -0.9569403357322075 -0.2902846772544664 0
    outer loop
      vertex 30.702222521132796 -16.776457135307563 7.2
      vertex 30.759209611514684 -16.964318395909483 7.2
      vertex 30.702222521132796 -16.776457135307563 9.2
    endloop
  endfacet
  facet normal -0.9738769792773364 -0.22707626303436151 1.4722356893893996e-18
    outer loop
      vertex 30.702222521132796 -16.776457135307563 7.2
      vertex 30.657644158790312 -16.585270966048384 9.2
      vertex 30.657644158790312 -16.585270966048384 7.2
    endloop
  endfacet
  facet normal -0.986643332084879 -0.1628954733945891 -1.5939171984291844e-20
    outer loop
      vertex 30.657644158790312 -16.585270966048384 7.2
      vertex 30.625665415878572 -16.391578576660155 9.2
      vertex 30.625665415878572 -16.391578576660155 7.2
    endloop
  endfacet
  facet normal -0.9951847266721968 -0.09801714032956052 2.396921890323302e-19
    outer loop
      vertex 30.625665415878572 -16.391578576660155 7.2
      vertex 30.606423230284193 -16.19620938769043 9.2
      vertex 30.606423230284193 -16.19620938769043 7.2
    endloop
  endfacet
  facet normal -0.9994645874763654 -0.03271908282178652 2.6016699262512785e-19
    outer loop
      vertex 30.606423230284193 -16.19620938769043 7.2
      vertex 30.6 -16 9.2
      vertex 30.6 -16 7.2
    endloop
  endfacet
  facet normal 0.09801714032956228 -0.9951847266721967 0
    outer loop
      vertex 33.99157857666015 -18.97433458412143 3.5999999999999996
      vertex 33.99157857666015 -18.97433458412143 9.2
      vertex 33.79620938769043 -18.99357676971581 9.2
    endloop
  endfacet
  facet normal 0.16289547339458618 -0.9866433320848794 0
    outer loop
      vertex 34.185270966048385 -18.94235584120969 3.5999999999999996
      vertex 34.185270966048385 -18.94235584120969 9.2
      vertex 33.99157857666015 -18.97433458412143 9.2
    endloop
  endfacet
  facet normal 0.22707626303436554 -0.9738769792773354 0
    outer loop
      vertex 34.37645713530756 -18.897777478867205 3.5999999999999996
      vertex 34.37645713530756 -18.897777478867205 9.2
      vertex 34.185270966048385 -18.94235584120969 9.2
    endloop
  endfacet
  facet normal 0.2902846772544564 -0.9569403357322107 0
    outer loop
      vertex 34.56431839590949 -18.840790388485317 3.5999999999999996
      vertex 34.56431839590949 -18.840790388485317 9.2
      vertex 34.37645713530756 -18.897777478867205 9.2
    endloop
  endfacet
  facet normal 0.35225004792125003 -0.9359059267573195 0
    outer loop
      vertex 34.74805029709527 -18.771638597533858 3.5999999999999996
      vertex 34.74805029709527 -18.771638597533858 9.2
      vertex 34.56431839590949 -18.840790388485317 9.2
    endloop
  endfacet
  facet normal 0.4127070298043791 -0.910863824921183 0
    outer loop
      vertex 34.926866070657006 -18.690618224598065 3.5999999999999996
      vertex 34.926866070657006 -18.690618224598065 9.2
      vertex 34.74805029709527 -18.771638597533858 9.2
    endloop
  endfacet
  facet normal 0.47139673682600003 -0.8819212643483536 0
    outer loop
      vertex 35.1 -18.598076211353316 3.5999999999999996
      vertex 35.1 -18.598076211353316 9.2
      vertex 34.926866070657006 -18.690618224598065 9.2
    endloop
  endfacet
  facet normal 0.5280678506503783 -0.8492021815265725 0
    outer loop
      vertex 35.266710699058805 -18.494408836907635 3.5999999999999996
      vertex 35.266710699058805 -18.494408836907635 9.2
      vertex 35.1 -18.598076211353316 9.2
    endloop
  endfacet
  facet normal 0.5824776968677876 -0.8128466845916257 0
    outer loop
      vertex 35.426284287026164 -18.380060020873707 3.5999999999999996
      vertex 35.426284287026164 -18.380060020873707 9.2
      vertex 35.266710699058805 -18.494408836907635 9.2
    endloop
  endfacet
  facet normal 0.6343932841636393 -0.7730104533627419 0
    outer loop
      vertex 35.57803744530021 -18.255519422436933 3.5999999999999996
      vertex 35.57803744530021 -18.255519422436933 9.2
      vertex 35.426284287026164 -18.380060020873707 9.2
    endloop
  endfacet
  facet normal 0.6835923020228756 -0.7298640726978316 0
    outer loop
      vertex 35.72132034355965 -18.121320343559642 3.5999999999999996
      vertex 35.72132034355965 -18.121320343559642 9.2
      vertex 35.57803744530021 -18.255519422436933 9.2
    endloop
  endfacet
  facet normal 0.7298640726978406 -0.6835923020228659 0
    outer loop
      vertex 35.855519422436934 -17.978037445300206 3.5999999999999996
      vertex 35.855519422436934 -17.978037445300206 9.2
      vertex 35.72132034355965 -18.121320343559642 9.2
    endloop
  endfacet
  facet normal 0.7730104533627348 -0.6343932841636483 0
    outer loop
      vertex 35.98006002087371 -17.826284287026162 3.5999999999999996
      vertex 35.98006002087371 -17.826284287026162 9.2
      vertex 35.855519422436934 -17.978037445300206 9.2
    endloop
  endfacet
  facet normal 0.8128466845916191 -0.5824776968677966 -1.9447190249733095e-18
    outer loop
      vertex 36.03472456789899 -17.75 7.2
      vertex 36.09440883690764 -17.666710699058807 7.2
      vertex 36.09440883690764 -17.666710699058807 9.2
    endloop
  endfacet
  facet normal 0.8492021815265856 -0.5280678506503572 0
    outer loop
      vertex 36.09440883690764 -17.666710699058807 7.2
      vertex 36.19807621135332 -17.5 7.2
      vertex 36.09440883690764 -17.666710699058807 9.2
    endloop
  endfacet
  facet normal 0.8819212643483613 -0.471396736825986 0
    outer loop
      vertex 36.19807621135332 -17.5 7.2
      vertex 36.29061822459806 -17.326866070657005 7.2
      vertex 36.19807621135332 -17.5 9.2
    endloop
  endfacet
  facet normal 0.910863824921173 -0.41270702980440094 0
    outer loop
      vertex 36.29061822459806 -17.326866070657005 7.2
      vertex 36.37163859753386 -17.14805029709527 7.2
      vertex 36.29061822459806 -17.326866070657005 9.2
    endloop
  endfacet
  facet normal 0.935905926757324 -0.3522500479212381 0
    outer loop
      vertex 36.37163859753386 -17.14805029709527 7.2
      vertex 36.44079038848532 -16.964318395909483 7.2
      vertex 36.37163859753386 -17.14805029709527 9.2
    endloop
  endfacet
  facet normal 0.9569403357322075 -0.2902846772544664 0
    outer loop
      vertex 36.44079038848532 -16.964318395909483 7.2
      vertex 36.49777747886721 -16.776457135307563 7.2
      vertex 36.44079038848532 -16.964318395909483 9.2
    endloop
  endfacet
  facet normal 0.9738769792773364 -0.22707626303436151 0
    outer loop
      vertex 36.49777747886721 -16.776457135307563 7.2
      vertex 36.54235584120969 -16.585270966048384 7.2
      vertex 36.49777747886721 -16.776457135307563 9.2
    endloop
  endfacet
  facet normal 0.986643332084879 -0.1628954733945891 0
    outer loop
      vertex 36.54235584120969 -16.585270966048384 7.2
      vertex 36.57433458412143 -16.391578576660155 7.2
      vertex 36.54235584120969 -16.585270966048384 9.2
    endloop
  endfacet
  facet normal 0.9951847266721968 -0.09801714032956052 0
    outer loop
      vertex 36.57433458412143 -16.391578576660155 7.2
      vertex 36.59357676971581 -16.19620938769043 7.2
      vertex 36.57433458412143 -16.391578576660155 9.2
    endloop
  endfacet
  facet normal 0.9994645874763654 -0.03271908282178652 0
    outer loop
      vertex 36.59357676971581 -16.19620938769043 7.2
      vertex 36.6 -16 7.2
      vertex 36.59357676971581 -16.19620938769043 9.2
    endloop
  endfacet
  facet normal -0.9108638249211799 -0.4127070298043859 0
    outer loop
      vertex 30.909381775401936 -17.326866070657005 7.2
      vertex 30.909381775401936 -17.326866070657005 9.2
      vertex 30.828361402466143 -17.14805029709527 9.2
    endloop
  endfacet
  facet normal -0.935905926757324 -0.3522500479212381 0
    outer loop
      vertex 30.828361402466143 -17.14805029709527 7.2
      vertex 30.828361402466143 -17.14805029709527 9.2
      vertex 30.759209611514684 -16.964318395909483 9.2
    endloop
  endfacet
  facet normal -0.8128466845916195 -0.5824776968677963 -2.4011664668436246e-17
    outer loop
      vertex 31.165275432101016 -17.75 7.2
      vertex 31.219939979126295 -17.826284287026162 9.2
      vertex 31.105591163092367 -17.666710699058807 9.2
    endloop
  endfacet
  facet normal -0.8492021815265774 -0.5280678506503702 0
    outer loop
      vertex 31.105591163092367 -17.666710699058807 7.2
      vertex 31.105591163092367 -17.666710699058807 9.2
      vertex 31.001923788646685 -17.5 9.2
    endloop
  endfacet
  facet normal -0.8819212643483537 -0.4713967368260001 0
    outer loop
      vertex 31.001923788646685 -17.5 7.2
      vertex 31.001923788646685 -17.5 9.2
      vertex 30.909381775401936 -17.326866070657005 9.2
    endloop
  endfacet
  facet normal -0.9569403357322075 -0.2902846772544664 0
    outer loop
      vertex 30.759209611514684 -16.964318395909483 7.2
      vertex 30.759209611514684 -16.964318395909483 9.2
      vertex 30.702222521132796 -16.776457135307563 9.2
    endloop
  endfacet
  facet normal -0.9738769792773364 -0.22707626303436151 0
    outer loop
      vertex 30.702222521132796 -16.776457135307563 7.2
      vertex 30.702222521132796 -16.776457135307563 9.2
      vertex 30.657644158790312 -16.585270966048384 9.2
    endloop
  endfacet
  facet normal -0.986643332084879 -0.1628954733945891 0
    outer loop
      vertex 30.657644158790312 -16.585270966048384 7.2
      vertex 30.657644158790312 -16.585270966048384 9.2
      vertex 30.625665415878572 -16.391578576660155 9.2
    endloop
  endfacet
  facet normal -0.9951847266721968 -0.09801714032956052 0
    outer loop
      vertex 30.625665415878572 -16.391578576660155 7.2
      vertex 30.625665415878572 -16.391578576660155 9.2
      vertex 30.606423230284193 -16.19620938769043 9.2
    endloop
  endfacet
  facet normal -0.9994645874763654 -0.03271908282178652 0
    outer loop
      vertex 30.606423230284193 -16.19620938769043 7.2
      vertex 30.606423230284193 -16.19620938769043 9.2
      vertex 30.6 -16 9.2
    endloop
  endfacet
  facet normal 0.812846684591611 -0.582477696867808 7.289833604949733e-16
    outer loop
      vertex 36.03472456789899 -17.75 7.2
      vertex 36.09440883690764 -17.666710699058807 9.2
      vertex 35.98006002087371 -17.826284287026162 9.2
    endloop
  endfacet
  facet normal 0.8492021815265856 -0.5280678506503572 0
    outer loop
      vertex 36.19807621135332 -17.5 7.2
      vertex 36.19807621135332 -17.5 9.2
      vertex 36.09440883690764 -17.666710699058807 9.2
    endloop
  endfacet
  facet normal 0.8819212643483613 -0.471396736825986 0
    outer loop
      vertex 36.29061822459806 -17.326866070657005 7.2
      vertex 36.29061822459806 -17.326866070657005 9.2
      vertex 36.19807621135332 -17.5 9.2
    endloop
  endfacet
  facet normal 0.910863824921173 -0.41270702980440094 0
    outer loop
      vertex 36.37163859753386 -17.14805029709527 7.2
      vertex 36.37163859753386 -17.14805029709527 9.2
      vertex 36.29061822459806 -17.326866070657005 9.2
    endloop
  endfacet
  facet normal 0.935905926757324 -0.3522500479212381 0
    outer loop
      vertex 36.44079038848532 -16.964318395909483 7.2
      vertex 36.44079038848532 -16.964318395909483 9.2
      vertex 36.37163859753386 -17.14805029709527 9.2
    endloop
  endfacet
  facet normal 0.9569403357322075 -0.2902846772544664 0
    outer loop
      vertex 36.49777747886721 -16.776457135307563 7.2
      vertex 36.49777747886721 -16.776457135307563 9.2
      vertex 36.44079038848532 -16.964318395909483 9.2
    endloop
  endfacet
  facet normal 0.9738769792773364 -0.22707626303436151 0
    outer loop
      vertex 36.54235584120969 -16.585270966048384 7.2
      vertex 36.54235584120969 -16.585270966048384 9.2
      vertex 36.49777747886721 -16.776457135307563 9.2
    endloop
  endfacet
  facet normal 0.986643332084879 -0.1628954733945891 0
    outer loop
      vertex 36.57433458412143 -16.391578576660155 7.2
      vertex 36.57433458412143 -16.391578576660155 9.2
      vertex 36.54235584120969 -16.585270966048384 9.2
    endloop
  endfacet
  facet normal 0.9951847266721968 -0.09801714032956052 0
    outer loop
      vertex 36.59357676971581 -16.19620938769043 7.2
      vertex 36.59357676971581 -16.19620938769043 9.2
      vertex 36.57433458412143 -16.391578576660155 9.2
    endloop
  endfacet
  facet normal 0.9994645874763654 -0.03271908282178652 -2.6016699262512785e-19
    outer loop
      vertex 36.59357676971581 -16.19620938769043 9.2
      vertex 36.6 -16 7.2
      vertex 36.6 -16 9.2
    endloop
  endfacet
  facet normal 0 0 1
    outer loop
      vertex 30.702222521132796 -16.776457135307563 9.2
      vertex 30.657644158790312 -15.414729033951616 9.2
      vertex 30.657644158790312 -16.585270966048384 9.2
    endloop
  endfacet
  facet normal 0 0 1
    outer loop
      vertex 30.828361402466143 -17.14805029709527 9.2
      vertex 30.759209611514684 -15.035681604090515 9.2
      vertex 30.759209611514684 -16.964318395909483 9.2
    endloop
  endfacet
  facet normal 0 0 1
    outer loop
      vertex 30.909381775401936 -17.326866070657005 9.2
      vertex 30.828361402466143 -14.851949702904731 9.2
      vertex 30.828361402466143 -17.14805029709527 9.2
    endloop
  endfacet
  facet normal 0 0 1
    outer loop
      vertex 30.702222521132796 -16.776457135307563 9.2
      vertex 30.759209611514684 -16.964318395909483 9.2
      vertex 30.702222521132796 -15.223542864692437 9.2
    endloop
  endfacet
  facet normal 0 0 1
    outer loop
      vertex 30.657644158790312 -16.585270966048384 9.2
      vertex 30.625665415878572 -15.608421423339845 9.2
      vertex 30.625665415878572 -16.391578576660155 9.2
    endloop
  endfacet
  facet normal 0 0 1
    outer loop
      vertex 30.625665415878572 -16.391578576660155 9.2
      vertex 30.606423230284193 -15.803790612309571 9.2
      vertex 30.606423230284193 -16.19620938769043 9.2
    endloop
  endfacet
  facet normal 0 0 1
    outer loop
      vertex 31.105591163092367 -17.666710699058807 9.2
      vertex 31.001923788646685 -14.5 9.2
      vertex 31.001923788646685 -17.5 9.2
    endloop
  endfacet
  facet normal 0 0 1
    outer loop
      vertex 31.219939979126295 -17.826284287026162 9.2
      vertex 31.105591163092367 -14.333289300941193 9.2
      vertex 31.105591163092367 -17.666710699058807 9.2
    endloop
  endfacet
  facet normal 0 0 1
    outer loop
      vertex 31.34448057756307 -17.978037445300206 9.2
      vertex 31.219939979126295 -14.173715712973838 9.2
      vertex 31.219939979126295 -17.826284287026162 9.2
    endloop
  endfacet
  facet normal 0 0 1
    outer loop
      vertex 31.47867965644036 -18.121320343559642 9.2
      vertex 31.34448057756307 -14.021962554699794 9.2
      vertex 31.34448057756307 -17.978037445300206 9.2
    endloop
  endfacet
  facet normal 0 0 1
    outer loop
      vertex 31.621962554699795 -18.255519422436933 9.2
      vertex 31.47867965644036 -13.878679656440358 9.2
      vertex 31.47867965644036 -18.121320343559642 9.2
    endloop
  endfacet
  facet normal 0 0 1
    outer loop
      vertex 31.621962554699795 -18.255519422436933 9.2
      vertex 31.77371571297384 -18.380060020873707 9.2
      vertex 31.621962554699795 -13.744480577563067 9.2
    endloop
  endfacet
  facet normal 0 0 1
    outer loop
      vertex 31.77371571297384 -18.380060020873707 9.2
      vertex 31.933289300941194 -18.494408836907635 9.2
      vertex 31.77371571297384 -13.619939979126293 9.2
    endloop
  endfacet
  facet normal 0 0 1
    outer loop
      vertex 30.909381775401936 -17.326866070657005 9.2
      vertex 31.001923788646685 -17.5 9.2
      vertex 30.909381775401936 -14.673133929342995 9.2
    endloop
  endfacet
  facet normal 0 0 1
    outer loop
      vertex 32.1 -18.598076211353316 9.2
      vertex 31.933289300941194 -13.505591163092365 9.2
      vertex 31.933289300941194 -18.494408836907635 9.2
    endloop
  endfacet
  facet normal 0 0 1
    outer loop
      vertex 32.1 -18.598076211353316 9.2
      vertex 32.273133929343 -18.690618224598065 9.2
      vertex 32.1 -13.401923788646684 9.2
    endloop
  endfacet
  facet normal 0 0 1
    outer loop
      vertex 32.273133929343 -18.690618224598065 9.2
      vertex 32.451949702904734 -18.771638597533858 9.2
      vertex 32.273133929343 -13.309381775401935 9.2
    endloop
  endfacet
  facet normal 0 0 1
    outer loop
      vertex 32.451949702904734 -18.771638597533858 9.2
      vertex 32.635681604090514 -18.840790388485317 9.2
      vertex 32.451949702904734 -13.22836140246614 9.2
    endloop
  endfacet
  facet normal 0 0 1
    outer loop
      vertex 32.635681604090514 -18.840790388485317 9.2
      vertex 32.82354286469244 -18.897777478867205 9.2
      vertex 32.635681604090514 -13.159209611514683 9.2
    endloop
  endfacet
  facet normal 0 0 1
    outer loop
      vertex 32.82354286469244 -18.897777478867205 9.2
      vertex 33.01472903395162 -18.94235584120969 9.2
      vertex 32.82354286469244 -13.102222521132795 9.2
    endloop
  endfacet
  facet normal 0 0 1
    outer loop
      vertex 33.01472903395162 -18.94235584120969 9.2
      vertex 33.20842142333985 -18.97433458412143 9.2
      vertex 33.01472903395162 -13.057644158790309 9.2
    endloop
  endfacet
  facet normal 0 0 1
    outer loop
      vertex 33.20842142333985 -18.97433458412143 9.2
      vertex 33.40379061230957 -18.99357676971581 9.2
      vertex 33.20842142333985 -13.025665415878569 9.2
    endloop
  endfacet
  facet normal 0 0 1
    outer loop
      vertex 33.40379061230957 -18.99357676971581 9.2
      vertex 33.6 -19 9.2
      vertex 33.40379061230957 -13.00642323028419 9.2
    endloop
  endfacet
  facet normal 0 0 1
    outer loop
      vertex 33.6 -19 9.2
      vertex 33.79620938769043 -18.99357676971581 9.2
      vertex 33.6 -13 9.2
    endloop
  endfacet
  facet normal 0 0 1
    outer loop
      vertex 33.79620938769043 -18.99357676971581 9.2
      vertex 33.99157857666015 -18.97433458412143 9.2
      vertex 33.79620938769043 -13.00642323028419 9.2
    endloop
  endfacet
  facet normal 0 0 1
    outer loop
      vertex 33.99157857666015 -18.97433458412143 9.2
      vertex 34.185270966048385 -18.94235584120969 9.2
      vertex 33.99157857666015 -13.025665415878569 9.2
    endloop
  endfacet
  facet normal 0 0 1
    outer loop
      vertex 34.185270966048385 -18.94235584120969 9.2
      vertex 34.37645713530756 -18.897777478867205 9.2
      vertex 34.185270966048385 -13.057644158790309 9.2
    endloop
  endfacet
  facet normal 0 0 1
    outer loop
      vertex 34.37645713530756 -18.897777478867205 9.2
      vertex 34.56431839590949 -18.840790388485317 9.2
      vertex 34.37645713530756 -13.102222521132795 9.2
    endloop
  endfacet
  facet normal 0 0 1
    outer loop
      vertex 34.56431839590949 -18.840790388485317 9.2
      vertex 34.74805029709527 -18.771638597533858 9.2
      vertex 34.56431839590949 -13.159209611514683 9.2
    endloop
  endfacet
  facet normal 0 0 1
    outer loop
      vertex 34.74805029709527 -18.771638597533858 9.2
      vertex 34.926866070657006 -18.690618224598065 9.2
      vertex 34.74805029709527 -13.22836140246614 9.2
    endloop
  endfacet
  facet normal 0 0 1
    outer loop
      vertex 34.926866070657006 -18.690618224598065 9.2
      vertex 35.1 -18.598076211353316 9.2
      vertex 34.926866070657006 -13.309381775401935 9.2
    endloop
  endfacet
  facet normal 0 0 1
    outer loop
      vertex 35.1 -18.598076211353316 9.2
      vertex 35.266710699058805 -18.494408836907635 9.2
      vertex 35.1 -13.401923788646684 9.2
    endloop
  endfacet
  facet normal 0 0 1
    outer loop
      vertex 35.266710699058805 -18.494408836907635 9.2
      vertex 35.426284287026164 -18.380060020873707 9.2
      vertex 35.266710699058805 -13.505591163092365 9.2
    endloop
  endfacet
  facet normal 0 0 1
    outer loop
      vertex 35.426284287026164 -18.380060020873707 9.2
      vertex 35.57803744530021 -18.255519422436933 9.2
      vertex 35.426284287026164 -13.619939979126293 9.2
    endloop
  endfacet
  facet normal 0 0 1
    outer loop
      vertex 35.57803744530021 -18.255519422436933 9.2
      vertex 35.72132034355965 -18.121320343559642 9.2
      vertex 35.57803744530021 -13.744480577563067 9.2
    endloop
  endfacet
  facet normal 0 0 1
    outer loop
      vertex 35.72132034355965 -18.121320343559642 9.2
      vertex 35.855519422436934 -17.978037445300206 9.2
      vertex 35.72132034355965 -13.878679656440358 9.2
    endloop
  endfacet
  facet normal 0 0 1
    outer loop
      vertex 35.855519422436934 -17.978037445300206 9.2
      vertex 35.98006002087371 -17.826284287026162 9.2
      vertex 35.855519422436934 -14.021962554699794 9.2
    endloop
  endfacet
  facet normal 0 0 1
    outer loop
      vertex 35.98006002087371 -17.826284287026162 9.2
      vertex 36.09440883690764 -17.666710699058807 9.2
      vertex 35.98006002087371 -14.173715712973838 9.2
    endloop
  endfacet
  facet normal 0 0 1
    outer loop
      vertex 36.09440883690764 -17.666710699058807 9.2
      vertex 36.19807621135332 -17.5 9.2
      vertex 36.09440883690764 -14.333289300941193 9.2
    endloop
  endfacet
  facet normal 0 0 1
    outer loop
      vertex 36.19807621135332 -17.5 9.2
      vertex 36.29061822459806 -17.326866070657005 9.2
      vertex 36.19807621135332 -14.5 9.2
    endloop
  endfacet
  facet normal 0 0 1
    outer loop
      vertex 36.29061822459806 -17.326866070657005 9.2
      vertex 36.37163859753386 -17.14805029709527 9.2
      vertex 36.29061822459806 -14.673133929342995 9.2
    endloop
  endfacet
  facet normal 0 0 1
    outer loop
      vertex 36.37163859753386 -17.14805029709527 9.2
      vertex 36.44079038848532 -16.964318395909483 9.2
      vertex 36.37163859753386 -14.851949702904731 9.2
    endloop
  endfacet
  facet normal 0 0 1
    outer loop
      vertex 36.44079038848532 -16.964318395909483 9.2
      vertex 36.49777747886721 -16.776457135307563 9.2
      vertex 36.44079038848532 -15.035681604090515 9.2
    endloop
  endfacet
  facet normal 0 0 1
    outer loop
      vertex 36.49777747886721 -16.776457135307563 9.2
      vertex 36.54235584120969 -16.585270966048384 9.2
      vertex 36.49777747886721 -15.223542864692437 9.2
    endloop
  endfacet
  facet normal 0 0 1
    outer loop
      vertex 36.54235584120969 -16.585270966048384 9.2
      vertex 36.57433458412143 -16.391578576660155 9.2
      vertex 36.54235584120969 -15.414729033951616 9.2
    endloop
  endfacet
  facet normal 0 0 1
    outer loop
      vertex 36.57433458412143 -16.391578576660155 9.2
      vertex 36.59357676971581 -16.19620938769043 9.2
      vertex 36.57433458412143 -15.608421423339845 9.2
    endloop
  endfacet
  facet normal 0.8128466845916018 0.5824776968678207 0
    outer loop
      vertex 36.03472456789899 -14.25 3.5999999999999996
      vertex 35.98006002087371 -14.173715712973838 3.5999999999999996
      vertex 36.03472456789899 -14.25 7.2
    endloop
  endfacet
  facet normal -0.8128466845916199 0.5824776968677958 -2.8422850546340387e-19
    outer loop
      vertex 31.165275432101016 -14.25 3.5999999999999996
      vertex 31.219939979126295 -14.173715712973838 9.2
      vertex 31.219939979126295 -14.173715712973838 3.5999999999999996
    endloop
  endfacet
  facet normal -0.7730104533627348 0.6343932841636483 -1.3790396705377906e-18
    outer loop
      vertex 31.219939979126295 -14.173715712973838 3.5999999999999996
      vertex 31.34448057756307 -14.021962554699794 9.2
      vertex 31.34448057756307 -14.021962554699794 3.5999999999999996
    endloop
  endfacet
  facet normal -0.7298640726978316 0.6835923020228756 8.347341893063862e-20
    outer loop
      vertex 31.34448057756307 -14.021962554699794 3.5999999999999996
      vertex 31.47867965644036 -13.878679656440358 9.2
      vertex 31.47867965644036 -13.878679656440358 3.5999999999999996
    endloop
  endfacet
  facet normal -0.6835923020228756 0.7298640726978316 8.347341893063862e-20
    outer loop
      vertex 31.47867965644036 -13.878679656440358 3.5999999999999996
      vertex 31.621962554699795 -13.744480577563067 9.2
      vertex 31.621962554699795 -13.744480577563067 3.5999999999999996
    endloop
  endfacet
  facet normal -0.6343932841636483 0.7730104533627348 -1.3790396705377906e-18
    outer loop
      vertex 31.621962554699795 -13.744480577563067 3.5999999999999996
      vertex 31.77371571297384 -13.619939979126293 9.2
      vertex 31.77371571297384 -13.619939979126293 3.5999999999999996
    endloop
  endfacet
  facet normal -0.5824776968677963 0.8128466845916196 -1.175774211460587e-18
    outer loop
      vertex 31.77371571297384 -13.619939979126293 3.5999999999999996
      vertex 31.933289300941194 -13.505591163092365 9.2
      vertex 31.933289300941194 -13.505591163092365 3.5999999999999996
    endloop
  endfacet
  facet normal -0.5280678506503702 0.8492021815265776 -6.486729251598247e-20
    outer loop
      vertex 31.933289300941194 -13.505591163092365 3.5999999999999996
      vertex 32.1 -13.401923788646684 9.2
      vertex 32.1 -13.401923788646684 3.5999999999999996
    endloop
  endfacet
  facet normal -0.47139673682600003 0.8819212643483536 8.844462604754935e-19
    outer loop
      vertex 32.1 -13.401923788646684 3.5999999999999996
      vertex 32.273133929343 -13.309381775401935 9.2
      vertex 32.273133929343 -13.309381775401935 3.5999999999999996
    endloop
  endfacet
  facet normal -0.41270702980438656 0.9108638249211795 -7.3522044438304885e-19
    outer loop
      vertex 32.273133929343 -13.309381775401935 3.5999999999999996
      vertex 32.451949702904734 -13.22836140246614 9.2
      vertex 32.451949702904734 -13.22836140246614 3.5999999999999996
    endloop
  endfacet
  facet normal -0.35225004792124204 0.9359059267573224 -4.722224703138921e-19
    outer loop
      vertex 32.451949702904734 -13.22836140246614 3.5999999999999996
      vertex 32.635681604090514 -13.159209611514683 9.2
      vertex 32.635681604090514 -13.159209611514683 3.5999999999999996
    endloop
  endfacet
  facet normal -0.2902846772544564 0.9569403357322107 -1.76411974663407e-20
    outer loop
      vertex 32.635681604090514 -13.159209611514683 3.5999999999999996
      vertex 32.82354286469244 -13.102222521132795 9.2
      vertex 32.82354286469244 -13.102222521132795 3.5999999999999996
    endloop
  endfacet
  facet normal -0.22707626303437414 0.9738769792773335 2.2869442226277987e-19
    outer loop
      vertex 32.82354286469244 -13.102222521132795 3.5999999999999996
      vertex 33.01472903395162 -13.057644158790309 9.2
      vertex 33.01472903395162 -13.057644158790309 3.5999999999999996
    endloop
  endfacet
  facet normal -0.16289547339458618 0.9866433320848794 -6.196436754224545e-21
    outer loop
      vertex 33.01472903395162 -13.057644158790309 3.5999999999999996
      vertex 33.20842142333985 -13.025665415878569 9.2
      vertex 33.20842142333985 -13.025665415878569 3.5999999999999996
    endloop
  endfacet
  facet normal -0.09801714032956228 0.9951847266721967 5.957207505848605e-20
    outer loop
      vertex 33.20842142333985 -13.025665415878569 3.5999999999999996
      vertex 33.40379061230957 -13.00642323028419 9.2
      vertex 33.40379061230957 -13.00642323028419 3.5999999999999996
    endloop
  endfacet
  facet normal -0.032719082821777476 0.9994645874763656 3.5822429399988385e-20
    outer loop
      vertex 33.40379061230957 -13.00642323028419 3.5999999999999996
      vertex 33.6 -13 9.2
      vertex 33.6 -13 3.5999999999999996
    endloop
  endfacet
  facet normal 0.032719082821777476 0.9994645874763656 -3.5822429399988385e-20
    outer loop
      vertex 33.6 -13 3.5999999999999996
      vertex 33.79620938769043 -13.00642323028419 9.2
      vertex 33.79620938769043 -13.00642323028419 3.5999999999999996
    endloop
  endfacet
  facet normal 0.7730104533627348 0.6343932841636483 1.3790396705377906e-18
    outer loop
      vertex 35.855519422436934 -14.021962554699794 3.5999999999999996
      vertex 35.98006002087371 -14.173715712973838 9.2
      vertex 35.98006002087371 -14.173715712973838 3.5999999999999996
    endloop
  endfacet
  facet normal 0.09801714032956228 0.9951847266721967 -5.957207505848605e-20
    outer loop
      vertex 33.79620938769043 -13.00642323028419 3.5999999999999996
      vertex 33.99157857666015 -13.025665415878569 9.2
      vertex 33.99157857666015 -13.025665415878569 3.5999999999999996
    endloop
  endfacet
  facet normal 0.16289547339458618 0.9866433320848794 6.196436754224545e-21
    outer loop
      vertex 33.99157857666015 -13.025665415878569 3.5999999999999996
      vertex 34.185270966048385 -13.057644158790309 9.2
      vertex 34.185270966048385 -13.057644158790309 3.5999999999999996
    endloop
  endfacet
  facet normal 0.22707626303437414 0.9738769792773335 -2.2869442226277987e-19
    outer loop
      vertex 34.185270966048385 -13.057644158790309 3.5999999999999996
      vertex 34.37645713530756 -13.102222521132795 9.2
      vertex 34.37645713530756 -13.102222521132795 3.5999999999999996
    endloop
  endfacet
  facet normal 0.2902846772544564 0.9569403357322107 1.76411974663407e-20
    outer loop
      vertex 34.37645713530756 -13.102222521132795 3.5999999999999996
      vertex 34.56431839590949 -13.159209611514683 9.2
      vertex 34.56431839590949 -13.159209611514683 3.5999999999999996
    endloop
  endfacet
  facet normal 0.35225004792124204 0.9359059267573224 4.722224703138921e-19
    outer loop
      vertex 34.56431839590949 -13.159209611514683 3.5999999999999996
      vertex 34.74805029709527 -13.22836140246614 9.2
      vertex 34.74805029709527 -13.22836140246614 3.5999999999999996
    endloop
  endfacet
  facet normal 0.5824776968677876 0.8128466845916257 8.816856945468924e-19
    outer loop
      vertex 35.266710699058805 -13.505591163092365 3.5999999999999996
      vertex 35.426284287026164 -13.619939979126293 9.2
      vertex 35.426284287026164 -13.619939979126293 3.5999999999999996
    endloop
  endfacet
  facet normal 0.6343932841636393 0.7730104533627419 0
    outer loop
      vertex 35.57803744530021 -13.744480577563067 3.5999999999999996
      vertex 35.426284287026164 -13.619939979126293 3.5999999999999996
      vertex 35.57803744530021 -13.744480577563067 9.2
    endloop
  endfacet
  facet normal 0.41270702980438656 0.9108638249211795 0
    outer loop
      vertex 34.926866070657006 -13.309381775401935 3.5999999999999996
      vertex 34.74805029709527 -13.22836140246614 3.5999999999999996
      vertex 34.926866070657006 -13.309381775401935 9.2
    endloop
  endfacet
  facet normal 0.47139673682600003 0.8819212643483536 0
    outer loop
      vertex 35.1 -13.401923788646684 3.5999999999999996
      vertex 34.926866070657006 -13.309381775401935 3.5999999999999996
      vertex 35.1 -13.401923788646684 9.2
    endloop
  endfacet
  facet normal 0.5280678506503783 0.8492021815265725 0
    outer loop
      vertex 35.266710699058805 -13.505591163092365 3.5999999999999996
      vertex 35.1 -13.401923788646684 3.5999999999999996
      vertex 35.266710699058805 -13.505591163092365 9.2
    endloop
  endfacet
  facet normal 0.7298640726978406 0.6835923020228659 0
    outer loop
      vertex 35.855519422436934 -14.021962554699794 3.5999999999999996
      vertex 35.72132034355965 -13.878679656440358 3.5999999999999996
      vertex 35.855519422436934 -14.021962554699794 9.2
    endloop
  endfacet
  facet normal 0.6835923020228756 0.7298640726978316 -8.347341893063862e-20
    outer loop
      vertex 35.57803744530021 -13.744480577563067 3.5999999999999996
      vertex 35.72132034355965 -13.878679656440358 9.2
      vertex 35.72132034355965 -13.878679656440358 3.5999999999999996
    endloop
  endfacet
  facet normal -0.8128466845916197 0.5824776968677957 0
    outer loop
      vertex 31.165275432101016 -14.25 3.5999999999999996
      vertex 31.165275432101016 -14.25 7.2
      vertex 31.219939979126295 -14.173715712973838 9.2
    endloop
  endfacet
  facet normal 0.8128466845916019 0.5824776968678208 0
    outer loop
      vertex 35.98006002087371 -14.173715712973838 3.5999999999999996
      vertex 35.98006002087371 -14.173715712973838 9.2
      vertex 36.03472456789899 -14.25 7.2
    endloop
  endfacet
  facet normal -0.7730104533627348 0.6343932841636483 0
    outer loop
      vertex 31.219939979126295 -14.173715712973838 3.5999999999999996
      vertex 31.219939979126295 -14.173715712973838 9.2
      vertex 31.34448057756307 -14.021962554699794 9.2
    endloop
  endfacet
  facet normal -0.9994645874763654 0.032719082821786816 -4.980559988237397e-20
    outer loop
      vertex 30.6 -16 7.2
      vertex 30.606423230284193 -15.803790612309571 9.2
      vertex 30.606423230284193 -15.803790612309571 7.2
    endloop
  endfacet
  facet normal -0.9951847266721968 0.09801714032955963 -4.429391886303703e-19
    outer loop
      vertex 30.606423230284193 -15.803790612309571 7.2
      vertex 30.625665415878572 -15.608421423339845 9.2
      vertex 30.625665415878572 -15.608421423339845 7.2
    endloop
  endfacet
  facet normal -0.986643332084879 0.1628954733945891 1.5939171984291844e-20
    outer loop
      vertex 30.625665415878572 -15.608421423339845 7.2
      vertex 30.657644158790312 -15.414729033951616 9.2
      vertex 30.657644158790312 -15.414729033951616 7.2
    endloop
  endfacet
  facet normal -0.9738769792773364 0.22707626303436151 -1.4722356893893996e-18
    outer loop
      vertex 30.657644158790312 -15.414729033951616 7.2
      vertex 30.702222521132796 -15.223542864692437 9.2
      vertex 30.702222521132796 -15.223542864692437 7.2
    endloop
  endfacet
  facet normal -0.9569403357322084 0.2902846772544639 -3.33671292699515e-19
    outer loop
      vertex 30.702222521132796 -15.223542864692437 7.2
      vertex 30.759209611514684 -15.035681604090515 9.2
      vertex 30.759209611514684 -15.035681604090515 7.2
    endloop
  endfacet
  facet normal -0.9359059267573216 0.35225004792124404 2.054780153532221e-18
    outer loop
      vertex 30.759209611514684 -15.035681604090515 7.2
      vertex 30.828361402466143 -14.851949702904731 9.2
      vertex 30.828361402466143 -14.851949702904731 7.2
    endloop
  endfacet
  facet normal -0.9108638249211815 0.4127070298043825 2.0405505621738496e-18
    outer loop
      vertex 30.828361402466143 -14.851949702904731 7.2
      vertex 30.909381775401936 -14.673133929342995 9.2
      vertex 30.909381775401936 -14.673133929342995 7.2
    endloop
  endfacet
  facet normal -0.8819212643483537 0.4713967368260001 2.4764495293313833e-18
    outer loop
      vertex 30.909381775401936 -14.673133929342995 7.2
      vertex 31.001923788646685 -14.5 9.2
      vertex 31.001923788646685 -14.5 7.2
    endloop
  endfacet
  facet normal -0.8492021815265774 0.5280678506503702 -1.8162841904475095e-19
    outer loop
      vertex 31.001923788646685 -14.5 7.2
      vertex 31.105591163092367 -14.333289300941193 9.2
      vertex 31.105591163092367 -14.333289300941193 7.2
    endloop
  endfacet
  facet normal -0.8128466845916191 0.5824776968677966 0
    outer loop
      vertex 31.105591163092367 -14.333289300941193 7.2
      vertex 31.105591163092367 -14.333289300941193 9.2
      vertex 31.165275432101016 -14.25 7.2
    endloop
  endfacet
  facet normal -0.7298640726978316 0.6835923020228756 0
    outer loop
      vertex 31.34448057756307 -14.021962554699794 3.5999999999999996
      vertex 31.34448057756307 -14.021962554699794 9.2
      vertex 31.47867965644036 -13.878679656440358 9.2
    endloop
  endfacet
  facet normal -0.6835923020228756 0.7298640726978316 0
    outer loop
      vertex 31.47867965644036 -13.878679656440358 3.5999999999999996
      vertex 31.47867965644036 -13.878679656440358 9.2
      vertex 31.621962554699795 -13.744480577563067 9.2
    endloop
  endfacet
  facet normal -0.6343932841636483 0.7730104533627348 0
    outer loop
      vertex 31.621962554699795 -13.744480577563067 3.5999999999999996
      vertex 31.621962554699795 -13.744480577563067 9.2
      vertex 31.77371571297384 -13.619939979126293 9.2
    endloop
  endfacet
  facet normal -0.5824776968677963 0.8128466845916196 0
    outer loop
      vertex 31.77371571297384 -13.619939979126293 3.5999999999999996
      vertex 31.77371571297384 -13.619939979126293 9.2
      vertex 31.933289300941194 -13.505591163092365 9.2
    endloop
  endfacet
  facet normal -0.5280678506503702 0.8492021815265776 0
    outer loop
      vertex 31.933289300941194 -13.505591163092365 3.5999999999999996
      vertex 31.933289300941194 -13.505591163092365 9.2
      vertex 32.1 -13.401923788646684 9.2
    endloop
  endfacet
  facet normal -0.47139673682600003 0.8819212643483536 0
    outer loop
      vertex 32.1 -13.401923788646684 3.5999999999999996
      vertex 32.1 -13.401923788646684 9.2
      vertex 32.273133929343 -13.309381775401935 9.2
    endloop
  endfacet
  facet normal -0.41270702980438656 0.9108638249211795 0
    outer loop
      vertex 32.273133929343 -13.309381775401935 3.5999999999999996
      vertex 32.273133929343 -13.309381775401935 9.2
      vertex 32.451949702904734 -13.22836140246614 9.2
    endloop
  endfacet
  facet normal -0.35225004792124204 0.9359059267573224 0
    outer loop
      vertex 32.451949702904734 -13.22836140246614 3.5999999999999996
      vertex 32.451949702904734 -13.22836140246614 9.2
      vertex 32.635681604090514 -13.159209611514683 9.2
    endloop
  endfacet
  facet normal -0.2902846772544564 0.9569403357322107 0
    outer loop
      vertex 32.635681604090514 -13.159209611514683 3.5999999999999996
      vertex 32.635681604090514 -13.159209611514683 9.2
      vertex 32.82354286469244 -13.102222521132795 9.2
    endloop
  endfacet
  facet normal -0.22707626303437414 0.9738769792773335 0
    outer loop
      vertex 32.82354286469244 -13.102222521132795 3.5999999999999996
      vertex 32.82354286469244 -13.102222521132795 9.2
      vertex 33.01472903395162 -13.057644158790309 9.2
    endloop
  endfacet
  facet normal -0.16289547339458618 0.9866433320848794 0
    outer loop
      vertex 33.01472903395162 -13.057644158790309 3.5999999999999996
      vertex 33.01472903395162 -13.057644158790309 9.2
      vertex 33.20842142333985 -13.025665415878569 9.2
    endloop
  endfacet
  facet normal -0.09801714032956228 0.9951847266721967 0
    outer loop
      vertex 33.20842142333985 -13.025665415878569 3.5999999999999996
      vertex 33.20842142333985 -13.025665415878569 9.2
      vertex 33.40379061230957 -13.00642323028419 9.2
    endloop
  endfacet
  facet normal -0.032719082821777476 0.9994645874763656 0
    outer loop
      vertex 33.40379061230957 -13.00642323028419 3.5999999999999996
      vertex 33.40379061230957 -13.00642323028419 9.2
      vertex 33.6 -13 9.2
    endloop
  endfacet
  facet normal 0.032719082821777476 0.9994645874763656 0
    outer loop
      vertex 33.6 -13 3.5999999999999996
      vertex 33.6 -13 9.2
      vertex 33.79620938769043 -13.00642323028419 9.2
    endloop
  endfacet
  facet normal 0.7730104533627348 0.6343932841636483 0
    outer loop
      vertex 35.855519422436934 -14.021962554699794 3.5999999999999996
      vertex 35.855519422436934 -14.021962554699794 9.2
      vertex 35.98006002087371 -14.173715712973838 9.2
    endloop
  endfacet
  facet normal 0.9738769792773364 0.22707626303436151 0
    outer loop
      vertex 36.54235584120969 -15.414729033951616 7.2
      vertex 36.49777747886721 -15.223542864692437 7.2
      vertex 36.54235584120969 -15.414729033951616 9.2
    endloop
  endfacet
  facet normal 0.9569403357322084 0.2902846772544639 0
    outer loop
      vertex 36.49777747886721 -15.223542864692437 7.2
      vertex 36.44079038848532 -15.035681604090515 7.2
      vertex 36.49777747886721 -15.223542864692437 9.2
    endloop
  endfacet
  facet normal 0.9994645874763654 0.032719082821786816 0
    outer loop
      vertex 36.6 -16 7.2
      vertex 36.59357676971581 -15.803790612309571 7.2
      vertex 36.6 -16 9.2
    endloop
  endfacet
  facet normal 0.9951847266721968 0.09801714032955963 0
    outer loop
      vertex 36.59357676971581 -15.803790612309571 7.2
      vertex 36.57433458412143 -15.608421423339845 7.2
      vertex 36.59357676971581 -15.803790612309571 9.2
    endloop
  endfacet
  facet normal 0.986643332084879 0.1628954733945891 -1.5939171984291844e-20
    outer loop
      vertex 36.54235584120969 -15.414729033951616 7.2
      vertex 36.57433458412143 -15.608421423339845 9.2
      vertex 36.57433458412143 -15.608421423339845 7.2
    endloop
  endfacet
  facet normal 0.9359059267573216 0.35225004792124404 0
    outer loop
      vertex 36.44079038848532 -15.035681604090515 7.2
      vertex 36.37163859753386 -14.851949702904731 7.2
      vertex 36.44079038848532 -15.035681604090515 9.2
    endloop
  endfacet
  facet normal 0.9108638249211746 0.41270702980439755 0
    outer loop
      vertex 36.37163859753386 -14.851949702904731 7.2
      vertex 36.29061822459806 -14.673133929342995 7.2
      vertex 36.37163859753386 -14.851949702904731 9.2
    endloop
  endfacet
  facet normal 0.8819212643483613 0.471396736825986 0
    outer loop
      vertex 36.29061822459806 -14.673133929342995 7.2
      vertex 36.19807621135332 -14.5 7.2
      vertex 36.29061822459806 -14.673133929342995 9.2
    endloop
  endfacet
  facet normal 0.8128466845916191 0.5824776968677966 1.9447190249733095e-18
    outer loop
      vertex 36.03472456789899 -14.25 7.2
      vertex 36.09440883690764 -14.333289300941193 9.2
      vertex 36.09440883690764 -14.333289300941193 7.2
    endloop
  endfacet
  facet normal 0.8492021815265856 0.5280678506503572 0
    outer loop
      vertex 36.19807621135332 -14.5 7.2
      vertex 36.09440883690764 -14.333289300941193 7.2
      vertex 36.19807621135332 -14.5 9.2
    endloop
  endfacet
  facet normal 0.09801714032956228 0.9951847266721967 0
    outer loop
      vertex 33.79620938769043 -13.00642323028419 3.5999999999999996
      vertex 33.79620938769043 -13.00642323028419 9.2
      vertex 33.99157857666015 -13.025665415878569 9.2
    endloop
  endfacet
  facet normal 0.16289547339458618 0.9866433320848794 0
    outer loop
      vertex 33.99157857666015 -13.025665415878569 3.5999999999999996
      vertex 33.99157857666015 -13.025665415878569 9.2
      vertex 34.185270966048385 -13.057644158790309 9.2
    endloop
  endfacet
  facet normal 0.22707626303437414 0.9738769792773335 0
    outer loop
      vertex 34.185270966048385 -13.057644158790309 3.5999999999999996
      vertex 34.185270966048385 -13.057644158790309 9.2
      vertex 34.37645713530756 -13.102222521132795 9.2
    endloop
  endfacet
  facet normal 0.2902846772544564 0.9569403357322107 0
    outer loop
      vertex 34.37645713530756 -13.102222521132795 3.5999999999999996
      vertex 34.37645713530756 -13.102222521132795 9.2
      vertex 34.56431839590949 -13.159209611514683 9.2
    endloop
  endfacet
  facet normal 0.35225004792124204 0.9359059267573224 0
    outer loop
      vertex 34.56431839590949 -13.159209611514683 3.5999999999999996
      vertex 34.56431839590949 -13.159209611514683 9.2
      vertex 34.74805029709527 -13.22836140246614 9.2
    endloop
  endfacet
  facet normal 0.5824776968677876 0.8128466845916257 0
    outer loop
      vertex 35.266710699058805 -13.505591163092365 3.5999999999999996
      vertex 35.266710699058805 -13.505591163092365 9.2
      vertex 35.426284287026164 -13.619939979126293 9.2
    endloop
  endfacet
  facet normal 0.6343932841636393 0.7730104533627419 0
    outer loop
      vertex 35.426284287026164 -13.619939979126293 3.5999999999999996
      vertex 35.426284287026164 -13.619939979126293 9.2
      vertex 35.57803744530021 -13.744480577563067 9.2
    endloop
  endfacet
  facet normal 0.41270702980438656 0.9108638249211795 0
    outer loop
      vertex 34.74805029709527 -13.22836140246614 3.5999999999999996
      vertex 34.74805029709527 -13.22836140246614 9.2
      vertex 34.926866070657006 -13.309381775401935 9.2
    endloop
  endfacet
  facet normal 0.5280678506503783 0.8492021815265725 0
    outer loop
      vertex 35.1 -13.401923788646684 3.5999999999999996
      vertex 35.1 -13.401923788646684 9.2
      vertex 35.266710699058805 -13.505591163092365 9.2
    endloop
  endfacet
  facet normal 0.47139673682600003 0.8819212643483536 0
    outer loop
      vertex 34.926866070657006 -13.309381775401935 3.5999999999999996
      vertex 34.926866070657006 -13.309381775401935 9.2
      vertex 35.1 -13.401923788646684 9.2
    endloop
  endfacet
  facet normal 0.7298640726978406 0.6835923020228659 0
    outer loop
      vertex 35.72132034355965 -13.878679656440358 3.5999999999999996
      vertex 35.72132034355965 -13.878679656440358 9.2
      vertex 35.855519422436934 -14.021962554699794 9.2
    endloop
  endfacet
  facet normal 0.6835923020228756 0.7298640726978316 0
    outer loop
      vertex 35.57803744530021 -13.744480577563067 3.5999999999999996
      vertex 35.57803744530021 -13.744480577563067 9.2
      vertex 35.72132034355965 -13.878679656440358 9.2
    endloop
  endfacet
  facet normal -0.9994645874763654 0.032719082821786816 0
    outer loop
      vertex 30.6 -16 7.2
      vertex 30.6 -16 9.2
      vertex 30.606423230284193 -15.803790612309571 9.2
    endloop
  endfacet
  facet normal -0.9951847266721968 0.09801714032955963 0
    outer loop
      vertex 30.606423230284193 -15.803790612309571 7.2
      vertex 30.606423230284193 -15.803790612309571 9.2
      vertex 30.625665415878572 -15.608421423339845 9.2
    endloop
  endfacet
  facet normal -0.986643332084879 0.1628954733945891 0
    outer loop
      vertex 30.625665415878572 -15.608421423339845 7.2
      vertex 30.625665415878572 -15.608421423339845 9.2
      vertex 30.657644158790312 -15.414729033951616 9.2
    endloop
  endfacet
  facet normal -0.9738769792773364 0.22707626303436151 0
    outer loop
      vertex 30.657644158790312 -15.414729033951616 7.2
      vertex 30.657644158790312 -15.414729033951616 9.2
      vertex 30.702222521132796 -15.223542864692437 9.2
    endloop
  endfacet
  facet normal -0.9569403357322084 0.2902846772544639 0
    outer loop
      vertex 30.702222521132796 -15.223542864692437 7.2
      vertex 30.702222521132796 -15.223542864692437 9.2
      vertex 30.759209611514684 -15.035681604090515 9.2
    endloop
  endfacet
  facet normal -0.9359059267573216 0.35225004792124404 0
    outer loop
      vertex 30.759209611514684 -15.035681604090515 7.2
      vertex 30.759209611514684 -15.035681604090515 9.2
      vertex 30.828361402466143 -14.851949702904731 9.2
    endloop
  endfacet
  facet normal -0.9108638249211815 0.4127070298043825 0
    outer loop
      vertex 30.828361402466143 -14.851949702904731 7.2
      vertex 30.828361402466143 -14.851949702904731 9.2
      vertex 30.909381775401936 -14.673133929342995 9.2
    endloop
  endfacet
  facet normal -0.8819212643483537 0.4713967368260001 0
    outer loop
      vertex 30.909381775401936 -14.673133929342995 7.2
      vertex 30.909381775401936 -14.673133929342995 9.2
      vertex 31.001923788646685 -14.5 9.2
    endloop
  endfacet
  facet normal -0.8492021815265774 0.5280678506503702 0
    outer loop
      vertex 31.001923788646685 -14.5 7.2
      vertex 31.001923788646685 -14.5 9.2
      vertex 31.105591163092367 -14.333289300941193 9.2
    endloop
  endfacet
  facet normal -0.8128466845916196 0.5824776968677962 -2.4324106040517882e-17
    outer loop
      vertex 31.165275432101016 -14.25 7.2
      vertex 31.105591163092367 -14.333289300941193 9.2
      vertex 31.219939979126295 -14.173715712973838 9.2
    endloop
  endfacet
  facet normal 0.986643332084879 0.1628954733945891 0
    outer loop
      vertex 36.54235584120969 -15.414729033951616 7.2
      vertex 36.54235584120969 -15.414729033951616 9.2
      vertex 36.57433458412143 -15.608421423339845 9.2
    endloop
  endfacet
  facet normal 0.9738769792773364 0.22707626303436151 0
    outer loop
      vertex 36.49777747886721 -15.223542864692437 7.2
      vertex 36.49777747886721 -15.223542864692437 9.2
      vertex 36.54235584120969 -15.414729033951616 9.2
    endloop
  endfacet
  facet normal 0.9569403357322084 0.2902846772544639 0
    outer loop
      vertex 36.44079038848532 -15.035681604090515 7.2
      vertex 36.44079038848532 -15.035681604090515 9.2
      vertex 36.49777747886721 -15.223542864692437 9.2
    endloop
  endfacet
  facet normal 0.9994645874763654 0.032719082821786816 0
    outer loop
      vertex 36.59357676971581 -15.803790612309571 7.2
      vertex 36.59357676971581 -15.803790612309571 9.2
      vertex 36.6 -16 9.2
    endloop
  endfacet
  facet normal 0.9951847266721968 0.09801714032955963 0
    outer loop
      vertex 36.57433458412143 -15.608421423339845 7.2
      vertex 36.57433458412143 -15.608421423339845 9.2
      vertex 36.59357676971581 -15.803790612309571 9.2
    endloop
  endfacet
  facet normal 0.9359059267573216 0.35225004792124404 0
    outer loop
      vertex 36.37163859753386 -14.851949702904731 7.2
      vertex 36.37163859753386 -14.851949702904731 9.2
      vertex 36.44079038848532 -15.035681604090515 9.2
    endloop
  endfacet
  facet normal 0.9108638249211746 0.41270702980439755 0
    outer loop
      vertex 36.29061822459806 -14.673133929342995 7.2
      vertex 36.29061822459806 -14.673133929342995 9.2
      vertex 36.37163859753386 -14.851949702904731 9.2
    endloop
  endfacet
  facet normal 0.8819212643483613 0.471396736825986 0
    outer loop
      vertex 36.19807621135332 -14.5 7.2
      vertex 36.19807621135332 -14.5 9.2
      vertex 36.29061822459806 -14.673133929342995 9.2
    endloop
  endfacet
  facet normal 0.8128466845916108 0.5824776968678081 7.296337445547709e-16
    outer loop
      vertex 36.03472456789899 -14.25 7.2
      vertex 35.98006002087371 -14.173715712973838 9.2
      vertex 36.09440883690764 -14.333289300941193 9.2
    endloop
  endfacet
  facet normal 0.8492021815265856 0.5280678506503572 0
    outer loop
      vertex 36.09440883690764 -14.333289300941193 7.2
      vertex 36.09440883690764 -14.333289300941193 9.2
      vertex 36.19807621135332 -14.5 9.2
    endloop
  endfacet
  facet normal 0 0 1
    outer loop
      vertex 30.606423230284193 -16.19620938769043 9.2
      vertex 30.606423230284193 -15.803790612309571 9.2
      vertex 30.6 -16 9.2
    endloop
  endfacet
  facet normal 0 0 1
    outer loop
      vertex 30.625665415878572 -16.391578576660155 9.2
      vertex 30.625665415878572 -15.608421423339845 9.2
      vertex 30.606423230284193 -15.803790612309571 9.2
    endloop
  endfacet
  facet normal 0 0 1
    outer loop
      vertex 30.657644158790312 -16.585270966048384 9.2
      vertex 30.657644158790312 -15.414729033951616 9.2
      vertex 30.625665415878572 -15.608421423339845 9.2
    endloop
  endfacet
  facet normal 0 0 1
    outer loop
      vertex 30.702222521132796 -16.776457135307563 9.2
      vertex 30.702222521132796 -15.223542864692437 9.2
      vertex 30.657644158790312 -15.414729033951616 9.2
    endloop
  endfacet
  facet normal 0 0 1
    outer loop
      vertex 30.759209611514684 -16.964318395909483 9.2
      vertex 30.759209611514684 -15.035681604090515 9.2
      vertex 30.702222521132796 -15.223542864692437 9.2
    endloop
  endfacet
  facet normal 0 0 1
    outer loop
      vertex 30.828361402466143 -17.14805029709527 9.2
      vertex 30.828361402466143 -14.851949702904731 9.2
      vertex 30.759209611514684 -15.035681604090515 9.2
    endloop
  endfacet
  facet normal 0 0 1
    outer loop
      vertex 30.909381775401936 -17.326866070657005 9.2
      vertex 30.909381775401936 -14.673133929342995 9.2
      vertex 30.828361402466143 -14.851949702904731 9.2
    endloop
  endfacet
  facet normal 0 0 1
    outer loop
      vertex 31.001923788646685 -17.5 9.2
      vertex 31.001923788646685 -14.5 9.2
      vertex 30.909381775401936 -14.673133929342995 9.2
    endloop
  endfacet
  facet normal 0 0 1
    outer loop
      vertex 31.105591163092367 -17.666710699058807 9.2
      vertex 31.105591163092367 -14.333289300941193 9.2
      vertex 31.001923788646685 -14.5 9.2
    endloop
  endfacet
  facet normal 0 0 1
    outer loop
      vertex 31.219939979126295 -17.826284287026162 9.2
      vertex 31.219939979126295 -14.173715712973838 9.2
      vertex 31.105591163092367 -14.333289300941193 9.2
    endloop
  endfacet
  facet normal 0 0 1
    outer loop
      vertex 31.34448057756307 -17.978037445300206 9.2
      vertex 31.34448057756307 -14.021962554699794 9.2
      vertex 31.219939979126295 -14.173715712973838 9.2
    endloop
  endfacet
  facet normal 0 0 1
    outer loop
      vertex 31.47867965644036 -18.121320343559642 9.2
      vertex 31.47867965644036 -13.878679656440358 9.2
      vertex 31.34448057756307 -14.021962554699794 9.2
    endloop
  endfacet
  facet normal 0 0 1
    outer loop
      vertex 31.621962554699795 -18.255519422436933 9.2
      vertex 31.621962554699795 -13.744480577563067 9.2
      vertex 31.47867965644036 -13.878679656440358 9.2
    endloop
  endfacet
  facet normal 0 0 1
    outer loop
      vertex 31.77371571297384 -18.380060020873707 9.2
      vertex 31.77371571297384 -13.619939979126293 9.2
      vertex 31.621962554699795 -13.744480577563067 9.2
    endloop
  endfacet
  facet normal 0 0 1
    outer loop
      vertex 31.933289300941194 -18.494408836907635 9.2
      vertex 31.933289300941194 -13.505591163092365 9.2
      vertex 31.77371571297384 -13.619939979126293 9.2
    endloop
  endfacet
  facet normal 0 0 1
    outer loop
      vertex 32.1 -18.598076211353316 9.2
      vertex 32.1 -13.401923788646684 9.2
      vertex 31.933289300941194 -13.505591163092365 9.2
    endloop
  endfacet
  facet normal 0 0 1
    outer loop
      vertex 32.273133929343 -18.690618224598065 9.2
      vertex 32.273133929343 -13.309381775401935 9.2
      vertex 32.1 -13.401923788646684 9.2
    endloop
  endfacet
  facet normal 0 0 1
    outer loop
      vertex 32.451949702904734 -18.771638597533858 9.2
      vertex 32.451949702904734 -13.22836140246614 9.2
      vertex 32.273133929343 -13.309381775401935 9.2
    endloop
  endfacet
  facet normal 0 0 1
    outer loop
      vertex 32.635681604090514 -18.840790388485317 9.2
      vertex 32.635681604090514 -13.159209611514683 9.2
      vertex 32.451949702904734 -13.22836140246614 9.2
    endloop
  endfacet
  facet normal 0 0 1
    outer loop
      vertex 32.82354286469244 -18.897777478867205 9.2
      vertex 32.82354286469244 -13.102222521132795 9.2
      vertex 32.635681604090514 -13.159209611514683 9.2
    endloop
  endfacet
  facet normal 0 0 1
    outer loop
      vertex 33.01472903395162 -18.94235584120969 9.2
      vertex 33.01472903395162 -13.057644158790309 9.2
      vertex 32.82354286469244 -13.102222521132795 9.2
    endloop
  endfacet
  facet normal 0 0 1
    outer loop
      vertex 33.20842142333985 -18.97433458412143 9.2
      vertex 33.20842142333985 -13.025665415878569 9.2
      vertex 33.01472903395162 -13.057644158790309 9.2
    endloop
  endfacet
  facet normal 0 0 1
    outer loop
      vertex 33.40379061230957 -18.99357676971581 9.2
      vertex 33.40379061230957 -13.00642323028419 9.2
      vertex 33.20842142333985 -13.025665415878569 9.2
    endloop
  endfacet
  facet normal 0 0 1
    outer loop
      vertex 33.6 -19 9.2
      vertex 33.6 -13 9.2
      vertex 33.40379061230957 -13.00642323028419 9.2
    endloop
  endfacet
  facet normal 0 0 1
    outer loop
      vertex 33.79620938769043 -18.99357676971581 9.2
      vertex 33.79620938769043 -13.00642323028419 9.2
      vertex 33.6 -13 9.2
    endloop
  endfacet
  facet normal 0 0 1
    outer loop
      vertex 33.99157857666015 -18.97433458412143 9.2
      vertex 33.99157857666015 -13.025665415878569 9.2
      vertex 33.79620938769043 -13.00642323028419 9.2
    endloop
  endfacet
  facet normal 0 0 1
    outer loop
      vertex 34.185270966048385 -18.94235584120969 9.2
      vertex 34.185270966048385 -13.057644158790309 9.2
      vertex 33.99157857666015 -13.025665415878569 9.2
    endloop
  endfacet
  facet normal 0 0 1
    outer loop
      vertex 34.37645713530756 -18.897777478867205 9.2
      vertex 34.37645713530756 -13.102222521132795 9.2
      vertex 34.185270966048385 -13.057644158790309 9.2
    endloop
  endfacet
  facet normal 0 0 1
    outer loop
      vertex 34.56431839590949 -18.840790388485317 9.2
      vertex 34.56431839590949 -13.159209611514683 9.2
      vertex 34.37645713530756 -13.102222521132795 9.2
    endloop
  endfacet
  facet normal 0 0 1
    outer loop
      vertex 34.74805029709527 -18.771638597533858 9.2
      vertex 34.74805029709527 -13.22836140246614 9.2
      vertex 34.56431839590949 -13.159209611514683 9.2
    endloop
  endfacet
  facet normal 0 0 1
    outer loop
      vertex 34.926866070657006 -18.690618224598065 9.2
      vertex 34.926866070657006 -13.309381775401935 9.2
      vertex 34.74805029709527 -13.22836140246614 9.2
    endloop
  endfacet
  facet normal 0 0 1
    outer loop
      vertex 35.1 -18.598076211353316 9.2
      vertex 35.1 -13.401923788646684 9.2
      vertex 34.926866070657006 -13.309381775401935 9.2
    endloop
  endfacet
  facet normal 0 0 1
    outer loop
      vertex 35.266710699058805 -18.494408836907635 9.2
      vertex 35.266710699058805 -13.505591163092365 9.2
      vertex 35.1 -13.401923788646684 9.2
    endloop
  endfacet
  facet normal 0 0 1
    outer loop
      vertex 35.426284287026164 -18.380060020873707 9.2
      vertex 35.426284287026164 -13.619939979126293 9.2
      vertex 35.266710699058805 -13.505591163092365 9.2
    endloop
  endfacet
  facet normal 0 0 1
    outer loop
      vertex 35.57803744530021 -18.255519422436933 9.2
      vertex 35.57803744530021 -13.744480577563067 9.2
      vertex 35.426284287026164 -13.619939979126293 9.2
    endloop
  endfacet
  facet normal 0 0 1
    outer loop
      vertex 36.54235584120969 -16.585270966048384 9.2
      vertex 36.54235584120969 -15.414729033951616 9.2
      vertex 36.49777747886721 -15.223542864692437 9.2
    endloop
  endfacet
  facet normal 0 0 1
    outer loop
      vertex 36.49777747886721 -16.776457135307563 9.2
      vertex 36.49777747886721 -15.223542864692437 9.2
      vertex 36.44079038848532 -15.035681604090515 9.2
    endloop
  endfacet
  facet normal 0 0 1
    outer loop
      vertex 36.44079038848532 -16.964318395909483 9.2
      vertex 36.44079038848532 -15.035681604090515 9.2
      vertex 36.37163859753386 -14.851949702904731 9.2
    endloop
  endfacet
  facet normal 0 0 1
    outer loop
      vertex 36.37163859753386 -17.14805029709527 9.2
      vertex 36.37163859753386 -14.851949702904731 9.2
      vertex 36.29061822459806 -14.673133929342995 9.2
    endloop
  endfacet
  facet normal 0 0 1
    outer loop
      vertex 35.855519422436934 -17.978037445300206 9.2
      vertex 35.855519422436934 -14.021962554699794 9.2
      vertex 35.72132034355965 -13.878679656440358 9.2
    endloop
  endfacet
  facet normal 0 0 1
    outer loop
      vertex 36.09440883690764 -17.666710699058807 9.2
      vertex 36.09440883690764 -14.333289300941193 9.2
      vertex 35.98006002087371 -14.173715712973838 9.2
    endloop
  endfacet
  facet normal 0 0 1
    outer loop
      vertex 35.98006002087371 -17.826284287026162 9.2
      vertex 35.98006002087371 -14.173715712973838 9.2
      vertex 35.855519422436934 -14.021962554699794 9.2
    endloop
  endfacet
  facet normal 0 0 1
    outer loop
      vertex 35.72132034355965 -18.121320343559642 9.2
      vertex 35.72132034355965 -13.878679656440358 9.2
      vertex 35.57803744530021 -13.744480577563067 9.2
    endloop
  endfacet
  facet normal 0 0 1
    outer loop
      vertex 36.19807621135332 -17.5 9.2
      vertex 36.19807621135332 -14.5 9.2
      vertex 36.09440883690764 -14.333289300941193 9.2
    endloop
  endfacet
  facet normal 0 0 1
    outer loop
      vertex 36.29061822459806 -17.326866070657005 9.2
      vertex 36.29061822459806 -14.673133929342995 9.2
      vertex 36.19807621135332 -14.5 9.2
    endloop
  endfacet
  facet normal 0 0 1
    outer loop
      vertex 36.59357676971581 -16.19620938769043 9.2
      vertex 36.6 -16 9.2
      vertex 36.59357676971581 -15.803790612309571 9.2
    endloop
  endfacet
  facet normal 0 0 1
    outer loop
      vertex 36.59357676971581 -16.19620938769043 9.2
      vertex 36.59357676971581 -15.803790612309571 9.2
      vertex 36.57433458412143 -15.608421423339845 9.2
    endloop
  endfacet
  facet normal 0 0 1
    outer loop
      vertex 36.57433458412143 -16.391578576660155 9.2
      vertex 36.57433458412143 -15.608421423339845 9.2
      vertex 36.54235584120969 -15.414729033951616 9.2
    endloop
  endfacet
  facet normal 0 1 0
    outer loop
      vertex 31.165275432101016 -17.75 3.5999999999999996
      vertex 36.03472456789899 -17.75 7.2
      vertex 36.03472456789899 -17.75 3.5999999999999996
    endloop
  endfacet
  facet normal 0 1 0
    outer loop
      vertex 31.165275432101016 -17.75 3.5999999999999996
      vertex 31.165275432101016 -17.75 7.2
      vertex 36.03472456789899 -17.75 7.2
    endloop
  endfacet
  facet normal 0 0 -1
    outer loop
      vertex 31.165275432101016 -17.75 7.2
      vertex 31.105591163092367 -17.666710699058807 7.2
      vertex 36.09440883690764 -17.666710699058807 7.2
    endloop
  endfacet
  facet normal 0 0 -1
    outer loop
      vertex 31.105591163092367 -17.666710699058807 7.2
      vertex 31.001923788646685 -17.5 7.2
      vertex 36.19807621135332 -17.5 7.2
    endloop
  endfacet
  facet normal 0 0 -1
    outer loop
      vertex 30.909381775401936 -17.326866070657005 7.2
      vertex 36.29061822459806 -17.326866070657005 7.2
      vertex 31.001923788646685 -17.5 7.2
    endloop
  endfacet
  facet normal 0 0 -1
    outer loop
      vertex 30.909381775401936 -17.326866070657005 7.2
      vertex 30.828361402466143 -17.14805029709527 7.2
      vertex 36.29061822459806 -17.326866070657005 7.2
    endloop
  endfacet
  facet normal 0 0 -1
    outer loop
      vertex 30.828361402466143 -17.14805029709527 7.2
      vertex 30.759209611514684 -16.964318395909483 7.2
      vertex 36.29061822459806 -17.326866070657005 7.2
    endloop
  endfacet
  facet normal 0 0 -1
    outer loop
      vertex 30.702222521132796 -16.776457135307563 7.2
      vertex 36.29061822459806 -17.326866070657005 7.2
      vertex 30.759209611514684 -16.964318395909483 7.2
    endloop
  endfacet
  facet normal 0 0 -1
    outer loop
      vertex 30.702222521132796 -16.776457135307563 7.2
      vertex 30.657644158790312 -16.585270966048384 7.2
      vertex 36.29061822459806 -17.326866070657005 7.2
    endloop
  endfacet
  facet normal 0 0 -1
    outer loop
      vertex 30.657644158790312 -16.585270966048384 7.2
      vertex 30.625665415878572 -16.391578576660155 7.2
      vertex 36.29061822459806 -17.326866070657005 7.2
    endloop
  endfacet
  facet normal 0 0 -1
    outer loop
      vertex 30.625665415878572 -16.391578576660155 7.2
      vertex 30.606423230284193 -16.19620938769043 7.2
      vertex 36.29061822459806 -17.326866070657005 7.2
    endloop
  endfacet
  facet normal 0 0 -1
    outer loop
      vertex 30.606423230284193 -16.19620938769043 7.2
      vertex 30.6 -16 7.2
      vertex 36.29061822459806 -17.326866070657005 7.2
    endloop
  endfacet
  facet normal 0 0 -1
    outer loop
      vertex 36.29061822459806 -17.326866070657005 7.2
      vertex 30.6 -16 7.2
      vertex 30.606423230284193 -15.803790612309571 7.2
    endloop
  endfacet
  facet normal 0 0 -1
    outer loop
      vertex 36.29061822459806 -17.326866070657005 7.2
      vertex 30.606423230284193 -15.803790612309571 7.2
      vertex 30.625665415878572 -15.608421423339845 7.2
    endloop
  endfacet
  facet normal 0 0 -1
    outer loop
      vertex 36.29061822459806 -17.326866070657005 7.2
      vertex 30.625665415878572 -15.608421423339845 7.2
      vertex 30.657644158790312 -15.414729033951616 7.2
    endloop
  endfacet
  facet normal 0 0 -1
    outer loop
      vertex 31.165275432101016 -17.75 7.2
      vertex 36.09440883690764 -17.666710699058807 7.2
      vertex 36.03472456789899 -17.75 7.2
    endloop
  endfacet
  facet normal 0 0 -1
    outer loop
      vertex 31.105591163092367 -17.666710699058807 7.2
      vertex 36.19807621135332 -17.5 7.2
      vertex 36.09440883690764 -17.666710699058807 7.2
    endloop
  endfacet
  facet normal 0 0 -1
    outer loop
      vertex 31.001923788646685 -17.5 7.2
      vertex 36.29061822459806 -17.326866070657005 7.2
      vertex 36.19807621135332 -17.5 7.2
    endloop
  endfacet
  facet normal 0 0 -1
    outer loop
      vertex 36.29061822459806 -17.326866070657005 7.2
      vertex 30.759209611514684 -15.035681604090515 7.2
      vertex 36.37163859753386 -17.14805029709527 7.2
    endloop
  endfacet
  facet normal 0 0 -1
    outer loop
      vertex 36.37163859753386 -17.14805029709527 7.2
      vertex 30.828361402466143 -14.851949702904731 7.2
      vertex 36.44079038848532 -16.964318395909483 7.2
    endloop
  endfacet
  facet normal 0 0 -1
    outer loop
      vertex 36.44079038848532 -16.964318395909483 7.2
      vertex 30.909381775401936 -14.673133929342995 7.2
      vertex 36.49777747886721 -16.776457135307563 7.2
    endloop
  endfacet
  facet normal 0 0 -1
    outer loop
      vertex 36.49777747886721 -16.776457135307563 7.2
      vertex 30.909381775401936 -14.673133929342995 7.2
      vertex 36.54235584120969 -16.585270966048384 7.2
    endloop
  endfacet
  facet normal 0 -1 0
    outer loop
      vertex 31.165275432101016 -14.25 3.5999999999999996
      vertex 36.03472456789899 -14.25 3.5999999999999996
      vertex 31.165275432101016 -14.25 7.2
    endloop
  endfacet
  facet normal 0 -1 0
    outer loop
      vertex 36.03472456789899 -14.25 3.5999999999999996
      vertex 36.03472456789899 -14.25 7.2
      vertex 31.165275432101016 -14.25 7.2
    endloop
  endfacet
  facet normal 0 0 -1
    outer loop
      vertex 36.29061822459806 -17.326866070657005 7.2
      vertex 30.657644158790312 -15.414729033951616 7.2
      vertex 30.702222521132796 -15.223542864692437 7.2
    endloop
  endfacet
  facet normal 0 0 -1
    outer loop
      vertex 36.29061822459806 -17.326866070657005 7.2
      vertex 30.702222521132796 -15.223542864692437 7.2
      vertex 30.759209611514684 -15.035681604090515 7.2
    endloop
  endfacet
  facet normal 0 0 -1
    outer loop
      vertex 36.37163859753386 -17.14805029709527 7.2
      vertex 30.759209611514684 -15.035681604090515 7.2
      vertex 30.828361402466143 -14.851949702904731 7.2
    endloop
  endfacet
  facet normal 0 0 -1
    outer loop
      vertex 36.44079038848532 -16.964318395909483 7.2
      vertex 30.828361402466143 -14.851949702904731 7.2
      vertex 30.909381775401936 -14.673133929342995 7.2
    endloop
  endfacet
  facet normal 0 0 -1
    outer loop
      vertex 30.909381775401936 -14.673133929342995 7.2
      vertex 31.001923788646685 -14.5 7.2
      vertex 36.19807621135332 -14.5 7.2
    endloop
  endfacet
  facet normal 0 0 -1
    outer loop
      vertex 31.001923788646685 -14.5 7.2
      vertex 31.105591163092367 -14.333289300941193 7.2
      vertex 36.09440883690764 -14.333289300941193 7.2
    endloop
  endfacet
  facet normal 0 0 -1
    outer loop
      vertex 31.105591163092367 -14.333289300941193 7.2
      vertex 31.165275432101016 -14.25 7.2
      vertex 36.03472456789899 -14.25 7.2
    endloop
  endfacet
  facet normal 0 0 -1
    outer loop
      vertex 36.54235584120969 -16.585270966048384 7.2
      vertex 30.909381775401936 -14.673133929342995 7.2
      vertex 36.57433458412143 -16.391578576660155 7.2
    endloop
  endfacet
  facet normal 0 0 -1
    outer loop
      vertex 30.909381775401936 -14.673133929342995 7.2
      vertex 36.54235584120969 -15.414729033951616 7.2
      vertex 36.57433458412143 -15.608421423339845 7.2
    endloop
  endfacet
  facet normal 0 0 -1
    outer loop
      vertex 30.909381775401936 -14.673133929342995 7.2
      vertex 36.49777747886721 -15.223542864692437 7.2
      vertex 36.54235584120969 -15.414729033951616 7.2
    endloop
  endfacet
  facet normal 0 0 -1
    outer loop
      vertex 36.57433458412143 -16.391578576660155 7.2
      vertex 30.909381775401936 -14.673133929342995 7.2
      vertex 36.59357676971581 -16.19620938769043 7.2
    endloop
  endfacet
  facet normal 0 0 -1
    outer loop
      vertex 36.59357676971581 -16.19620938769043 7.2
      vertex 30.909381775401936 -14.673133929342995 7.2
      vertex 36.6 -16 7.2
    endloop
  endfacet
  facet normal 0 0 -1
    outer loop
      vertex 30.909381775401936 -14.673133929342995 7.2
      vertex 36.59357676971581 -15.803790612309571 7.2
      vertex 36.6 -16 7.2
    endloop
  endfacet
  facet normal 0 0 -1
    outer loop
      vertex 30.909381775401936 -14.673133929342995 7.2
      vertex 36.57433458412143 -15.608421423339845 7.2
      vertex 36.59357676971581 -15.803790612309571 7.2
    endloop
  endfacet
  facet normal 0 0 -1
    outer loop
      vertex 30.909381775401936 -14.673133929342995 7.2
      vertex 36.44079038848532 -15.035681604090515 7.2
      vertex 36.49777747886721 -15.223542864692437 7.2
    endloop
  endfacet
  facet normal 0 0 -1
    outer loop
      vertex 30.909381775401936 -14.673133929342995 7.2
      vertex 36.37163859753386 -14.851949702904731 7.2
      vertex 36.44079038848532 -15.035681604090515 7.2
    endloop
  endfacet
  facet normal 0 0 -1
    outer loop
      vertex 30.909381775401936 -14.673133929342995 7.2
      vertex 36.29061822459806 -14.673133929342995 7.2
      vertex 36.37163859753386 -14.851949702904731 7.2
    endloop
  endfacet
  facet normal 0 0 -1
    outer loop
      vertex 30.909381775401936 -14.673133929342995 7.2
      vertex 36.19807621135332 -14.5 7.2
      vertex 36.29061822459806 -14.673133929342995 7.2
    endloop
  endfacet
  facet normal 0 0 -1
    outer loop
      vertex 31.001923788646685 -14.5 7.2
      vertex 36.09440883690764 -14.333289300941193 7.2
      vertex 36.19807621135332 -14.5 7.2
    endloop
  endfacet
  facet normal 0 0 -1
    outer loop
      vertex 31.105591163092367 -14.333289300941193 7.2
      vertex 36.03472456789899 -14.25 7.2
      vertex 36.09440883690764 -14.333289300941193 7.2
    endloop
  endfacet
  facet normal 0 -1 0
    outer loop
      vertex -60 -32 -1.2
      vertex 29.6 -32 1.2
      vertex -60 -32 1.2
    endloop
  endfacet
  facet normal -1 0 0
    outer loop
      vertex -60 -32 -1.2
      vertex -60 -32 1.2
      vertex -60 32 1.2
    endloop
  endfacet
  facet normal 0 0 1
    outer loop
      vertex -60 -32 1.2
      vertex -57.45 -29.450000000000003 1.2
      vertex -57.45 29.450000000000003 1.2
    endloop
  endfacet
  facet normal 0 0 1
    outer loop
      vertex -60 -32 1.2
      vertex 29.6 -32 1.2
      vertex -57.45 -29.450000000000003 1.2
    endloop
  endfacet
  facet normal 0 0 -1
    outer loop
      vertex -60 -32 -1.2
      vertex 29.6 -24.32 -1.2
      vertex 29.6 -32 -1.2
    endloop
  endfacet
  facet normal 0 -1 0
    outer loop
      vertex -60 -32 -1.2
      vertex 29.6 -32 -1.2
      vertex 29.6 -32 1.2
    endloop
  endfacet
  facet normal 0 0 -1
    outer loop
      vertex -60 -32 -1.2
      vertex 29.608564307045587 -24.05838748307943 -1.2
      vertex 29.6 -24.32 -1.2
    endloop
  endfacet
  facet normal 0 0 -1
    outer loop
      vertex -60 -32 -1.2
      vertex 29.63422055450476 -23.797895231119796 -1.2
      vertex 29.608564307045587 -24.05838748307943 -1.2
    endloop
  endfacet
  facet normal 0 0 -1
    outer loop
      vertex -60 -32 -1.2
      vertex 29.67685887838708 -23.53963871193549 -1.2
      vertex 29.63422055450476 -23.797895231119796 -1.2
    endloop
  endfacet
  facet normal 0 0 -1
    outer loop
      vertex -60 -32 -1.2
      vertex 29.736296694843727 -23.284723819589917 -1.2
      vertex 29.67685887838708 -23.53963871193549 -1.2
    endloop
  endfacet
  facet normal 0 0 -1
    outer loop
      vertex -60 -32 -1.2
      vertex 29.81227948201958 -23.034242138787356 -1.2
      vertex 29.736296694843727 -23.284723819589917 -1.2
    endloop
  endfacet
  facet normal 0 0 -1
    outer loop
      vertex -60 -32 -1.2
      vertex 29.904481869954854 -22.789266270539642 -1.2
      vertex 29.81227948201958 -23.034242138787356 -1.2
    endloop
  endfacet
  facet normal 0 0 -1
    outer loop
      vertex -60 -32 -1.2
      vertex 30.01250903386925 -22.550845239123994 -1.2
      vertex 29.904481869954854 -22.789266270539642 -1.2
    endloop
  endfacet
  facet normal -1 0 0
    outer loop
      vertex -60 -32 -1.2
      vertex -60 32 1.2
      vertex -60 32 -1.2
    endloop
  endfacet
  facet normal 0 0 1
    outer loop
      vertex -60 -32 1.2
      vertex -57.45 29.450000000000003 1.2
      vertex -60 32 1.2
    endloop
  endfacet
  facet normal 0 0 -1
    outer loop
      vertex -60 -32 -1.2
      vertex -60 32 -1.2
      vertex 60 32 -1.2
    endloop
  endfacet
  facet normal 0 1 0
    outer loop
      vertex -60 32 -1.2
      vertex -60 32 1.2
      vertex 60 32 -1.2
    endloop
  endfacet
  facet normal 0 0 1
    outer loop
      vertex -57.45 29.450000000000003 1.2
      vertex 57.45 29.450000000000003 1.2
      vertex -60 32 1.2
    endloop
  endfacet
  facet normal 0 0 -1
    outer loop
      vertex -60 -32 -1.2
      vertex 30.135898384862248 -22.32 -1.2
      vertex 30.01250903386925 -22.550845239123994 -1.2
    endloop
  endfacet
  facet normal 0 0 -1
    outer loop
      vertex -60 -32 -1.2
      vertex 30.274121550789822 -22.09771906792159 -1.2
      vertex 30.135898384862248 -22.32 -1.2
    endloop
  endfacet
  facet normal 0 0 -1
    outer loop
      vertex -60 -32 -1.2
      vertex 30.42658663883506 -21.88495428396512 -1.2
      vertex 30.274121550789822 -22.09771906792159 -1.2
    endloop
  endfacet
  facet normal 0 0 -1
    outer loop
      vertex -60 -32 -1.2
      vertex 30.592640770084092 -21.682616739599723 -1.2
      vertex 30.42658663883506 -21.88495428396512 -1.2
    endloop
  endfacet
  facet normal 0 0 -1
    outer loop
      vertex -60 -32 -1.2
      vertex 30.77157287525381 -21.49157287525381 -1.2
      vertex 30.592640770084092 -21.682616739599723 -1.2
    endloop
  endfacet
  facet normal 0 0 -1
    outer loop
      vertex -60 -32 -1.2
      vertex 30.962616739599724 -21.31264077008409 -1.2
      vertex 30.77157287525381 -21.49157287525381 -1.2
    endloop
  endfacet
  facet normal 0 0 -1
    outer loop
      vertex -60 -32 -1.2
      vertex 31.16495428396512 -21.14658663883506 -1.2
      vertex 30.962616739599724 -21.31264077008409 -1.2
    endloop
  endfacet
  facet normal 0 0 -1
    outer loop
      vertex -60 -32 -1.2
      vertex 31.377719067921593 -20.99412155078982 -1.2
      vertex 31.16495428396512 -21.14658663883506 -1.2
    endloop
  endfacet
  facet normal 0 0 -1
    outer loop
      vertex -60 -32 -1.2
      vertex 31.6 -20.855898384862247 -1.2
      vertex 31.377719067921593 -20.99412155078982 -1.2
    endloop
  endfacet
  facet normal 0 0 -1
    outer loop
      vertex -60 -32 -1.2
      vertex 31.830845239123995 -20.73250903386925 -1.2
      vertex 31.6 -20.855898384862247 -1.2
    endloop
  endfacet
  facet normal 0 0 -1
    outer loop
      vertex -60 -32 -1.2
      vertex 32.06926627053964 -20.624481869954852 -1.2
      vertex 31.830845239123995 -20.73250903386925 -1.2
    endloop
  endfacet
  facet normal 0 0 -1
    outer loop
      vertex -60 -32 -1.2
      vertex 32.31424213878736 -20.53227948201958 -1.2
      vertex 32.06926627053964 -20.624481869954852 -1.2
    endloop
  endfacet
  facet normal 0 0 -1
    outer loop
      vertex -60 -32 -1.2
      vertex 32.564723819589915 -20.456296694843726 -1.2
      vertex 32.31424213878736 -20.53227948201958 -1.2
    endloop
  endfacet
  facet normal 0 0 -1
    outer loop
      vertex -60 -32 -1.2
      vertex 32.81963871193549 -20.39685887838708 -1.2
      vertex 32.564723819589915 -20.456296694843726 -1.2
    endloop
  endfacet
  facet normal 0 0 -1
    outer loop
      vertex -60 -32 -1.2
      vertex 33.0778952311198 -20.35422055450476 -1.2
      vertex 32.81963871193549 -20.39685887838708 -1.2
    endloop
  endfacet
  facet normal 0 0 1
    outer loop
      vertex -57.45 -29.450000000000003 1.2
      vertex 29.6 -32 1.2
      vertex 29.6 -29.450000000000003 1.2
    endloop
  endfacet
  facet normal 0 0 -1
    outer loop
      vertex -60 -32 -1.2
      vertex 60 32 -1.2
      vertex 33.0778952311198 -20.35422055450476 -1.2
    endloop
  endfacet
  facet normal 0 0 1
    outer loop
      vertex 57.45 -29.450000000000003 1.2
      vertex 37.6 -29.450000000000003 1.2
      vertex 37.6 -32 1.2
    endloop
  endfacet
  facet normal 0 0 -1
    outer loop
      vertex 60 -32 -1.2
      vertex 37.6 -32 -1.2
      vertex 37.6 -24.32 -1.2
    endloop
  endfacet
  facet normal 0 -1 0
    outer loop
      vertex 60 -32 -1.2
      vertex 60 -32 1.2
      vertex 37.6 -32 -1.2
    endloop
  endfacet
  facet normal 0 -1 0
    outer loop
      vertex 60 -32 1.2
      vertex 37.6 -32 1.2
      vertex 37.6 -32 -1.2
    endloop
  endfacet
  facet normal 0 0 1
    outer loop
      vertex 60 -32 1.2
      vertex 57.45 -29.450000000000003 1.2
      vertex 37.6 -32 1.2
    endloop
  endfacet
  facet normal 0 0 -1
    outer loop
      vertex 60 32 -1.2
      vertex 37.52314112161292 -23.53963871193549 -1.2
      vertex 37.46370330515627 -23.284723819589917 -1.2
    endloop
  endfacet
  facet normal 0 0 -1
    outer loop
      vertex 60 32 -1.2
      vertex 37.46370330515627 -23.284723819589917 -1.2
      vertex 37.387720517980426 -23.034242138787356 -1.2
    endloop
  endfacet
  facet normal 0 0 -1
    outer loop
      vertex 60 32 -1.2
      vertex 37.387720517980426 -23.034242138787356 -1.2
      vertex 37.295518130045146 -22.789266270539642 -1.2
    endloop
  endfacet
  facet normal 0 0 -1
    outer loop
      vertex 60 32 -1.2
      vertex 37.18749096613075 -22.550845239123994 -1.2
      vertex 37.06410161513776 -22.32 -1.2
    endloop
  endfacet
  facet normal 0 0 -1
    outer loop
      vertex 60 32 -1.2
      vertex 37.295518130045146 -22.789266270539642 -1.2
      vertex 37.18749096613075 -22.550845239123994 -1.2
    endloop
  endfacet
  facet normal 0 0 -1
    outer loop
      vertex 60 32 -1.2
      vertex 37.06410161513776 -22.32 -1.2
      vertex 36.92587844921018 -22.09771906792159 -1.2
    endloop
  endfacet
  facet normal 0 0 -1
    outer loop
      vertex 60 32 -1.2
      vertex 33.33838748307943 -20.328564307045585 -1.2
      vertex 33.0778952311198 -20.35422055450476 -1.2
    endloop
  endfacet
  facet normal 0 0 -1
    outer loop
      vertex 60 32 -1.2
      vertex 33.6 -20.32 -1.2
      vertex 33.33838748307943 -20.328564307045585 -1.2
    endloop
  endfacet
  facet normal 0 0 -1
    outer loop
      vertex 60 32 -1.2
      vertex 33.86161251692057 -20.328564307045585 -1.2
      vertex 33.6 -20.32 -1.2
    endloop
  endfacet
  facet normal 0 0 -1
    outer loop
      vertex 60 32 -1.2
      vertex 34.122104768880206 -20.35422055450476 -1.2
      vertex 33.86161251692057 -20.328564307045585 -1.2
    endloop
  endfacet
  facet normal 0 0 -1
    outer loop
      vertex 60 32 -1.2
      vertex 34.38036128806451 -20.39685887838708 -1.2
      vertex 34.122104768880206 -20.35422055450476 -1.2
    endloop
  endfacet
  facet normal 0 0 -1
    outer loop
      vertex 60 32 -1.2
      vertex 34.63527618041009 -20.456296694843726 -1.2
      vertex 34.38036128806451 -20.39685887838708 -1.2
    endloop
  endfacet
  facet normal 0 0 -1
    outer loop
      vertex 60 32 -1.2
      vertex 35.13073372946036 -20.624481869954852 -1.2
      vertex 34.885757861212646 -20.53227948201958 -1.2
    endloop
  endfacet
  facet normal 0 0 -1
    outer loop
      vertex 60 32 -1.2
      vertex 35.36915476087601 -20.73250903386925 -1.2
      vertex 35.13073372946036 -20.624481869954852 -1.2
    endloop
  endfacet
  facet normal 0 0 -1
    outer loop
      vertex 60 32 -1.2
      vertex 35.822280932078414 -20.99412155078982 -1.2
      vertex 35.6 -20.855898384862247 -1.2
    endloop
  endfacet
  facet normal 0 0 -1
    outer loop
      vertex 60 32 -1.2
      vertex 36.03504571603489 -21.14658663883506 -1.2
      vertex 35.822280932078414 -20.99412155078982 -1.2
    endloop
  endfacet
  facet normal 0 0 -1
    outer loop
      vertex 60 32 -1.2
      vertex 35.6 -20.855898384862247 -1.2
      vertex 35.36915476087601 -20.73250903386925 -1.2
    endloop
  endfacet
  facet normal 0 0 -1
    outer loop
      vertex 60 32 -1.2
      vertex 36.77341336116494 -21.88495428396512 -1.2
      vertex 36.607359229915915 -21.682616739599723 -1.2
    endloop
  endfacet
  facet normal 0 0 -1
    outer loop
      vertex 60 32 -1.2
      vertex 36.42842712474619 -21.49157287525381 -1.2
      vertex 36.23738326040028 -21.31264077008409 -1.2
    endloop
  endfacet
  facet normal 0 0 -1
    outer loop
      vertex 60 32 -1.2
      vertex 36.607359229915915 -21.682616739599723 -1.2
      vertex 36.42842712474619 -21.49157287525381 -1.2
    endloop
  endfacet
  facet normal 0 0 -1
    outer loop
      vertex 60 32 -1.2
      vertex 36.92587844921018 -22.09771906792159 -1.2
      vertex 36.77341336116494 -21.88495428396512 -1.2
    endloop
  endfacet
  facet normal 0 0 -1
    outer loop
      vertex 60 32 -1.2
      vertex 36.23738326040028 -21.31264077008409 -1.2
      vertex 36.03504571603489 -21.14658663883506 -1.2
    endloop
  endfacet
  facet normal 0 0 -1
    outer loop
      vertex 60 32 -1.2
      vertex 34.885757861212646 -20.53227948201958 -1.2
      vertex 34.63527618041009 -20.456296694843726 -1.2
    endloop
  endfacet
  facet normal 0 0 -1
    outer loop
      vertex 60 -32 -1.2
      vertex 37.6 -24.32 -1.2
      vertex 60 32 -1.2
    endloop
  endfacet
  facet normal 1 0 0
    outer loop
      vertex 60 -32 -1.2
      vertex 60 32 -1.2
      vertex 60 -32 1.2
    endloop
  endfacet
  facet normal 0 0 1
    outer loop
      vertex 60 -32 1.2
      vertex 60 32 1.2
      vertex 57.45 -29.450000000000003 1.2
    endloop
  endfacet
  facet normal 0 0 -1
    outer loop
      vertex 60 32 -1.2
      vertex 37.6 -24.32 -1.2
      vertex 37.59143569295441 -24.05838748307943 -1.2
    endloop
  endfacet
  facet normal 0 0 -1
    outer loop
      vertex 60 32 -1.2
      vertex 37.59143569295441 -24.05838748307943 -1.2
      vertex 37.565779445495245 -23.797895231119796 -1.2
    endloop
  endfacet
  facet normal 0 0 -1
    outer loop
      vertex 60 32 -1.2
      vertex 37.565779445495245 -23.797895231119796 -1.2
      vertex 37.52314112161292 -23.53963871193549 -1.2
    endloop
  endfacet
  facet normal 0 1 0
    outer loop
      vertex -60 32 1.2
      vertex 60 32 1.2
      vertex 60 32 -1.2
    endloop
  endfacet
  facet normal 0 0 1
    outer loop
      vertex -60 32 1.2
      vertex 57.45 29.450000000000003 1.2
      vertex 60 32 1.2
    endloop
  endfacet
  facet normal 1 0 0
    outer loop
      vertex 60 -32 1.2
      vertex 60 32 -1.2
      vertex 60 32 1.2
    endloop
  endfacet
  facet normal 0 0 1
    outer loop
      vertex 57.45 -29.450000000000003 1.2
      vertex 60 32 1.2
      vertex 57.45 29.450000000000003 1.2
    endloop
  endfacet
  facet normal -1 0 0
    outer loop
      vertex -57.45 -29.450000000000003 1.2
      vertex -57.45 -29.450000000000003 3.5999999999999996
      vertex -57.45 29.450000000000003 3.5999999999999996
    endloop
  endfacet
  facet normal 0 -1 0
    outer loop
      vertex -57.45 -29.450000000000003 1.2
      vertex 29.6 -29.450000000000003 3.5999999999999996
      vertex -57.45 -29.450000000000003 3.5999999999999996
    endloop
  endfacet
  facet normal 0 0 1
    outer loop
      vertex -57.45 -29.450000000000003 3.5999999999999996
      vertex 31.165275432101016 -17.75 3.5999999999999996
      vertex -57.45 29.450000000000003 3.5999999999999996
    endloop
  endfacet
  facet normal -1 0 0
    outer loop
      vertex -57.45 -29.450000000000003 1.2
      vertex -57.45 29.450000000000003 3.5999999999999996
      vertex -57.45 29.450000000000003 1.2
    endloop
  endfacet
  facet normal 0 1 0
    outer loop
      vertex -57.45 29.450000000000003 1.2
      vertex -57.45 29.450000000000003 3.5999999999999996
      vertex 57.45 29.450000000000003 1.2
    endloop
  endfacet
  facet normal 0 -1 0
    outer loop
      vertex -57.45 -29.450000000000003 1.2
      vertex 29.6 -29.450000000000003 1.2
      vertex 29.6 -29.450000000000003 3.5999999999999996
    endloop
  endfacet
  facet normal 0 0 1
    outer loop
      vertex -57.45 -29.450000000000003 3.5999999999999996
      vertex 29.6 -29.450000000000003 3.5999999999999996
      vertex 29.6 -24.32 3.5999999999999996
    endloop
  endfacet
  facet normal 0 0 1
    outer loop
      vertex -57.45 -29.450000000000003 3.5999999999999996
      vertex 29.6 -24.32 3.5999999999999996
      vertex 29.608564307045587 -24.05838748307943 3.5999999999999996
    endloop
  endfacet
  facet normal 0 0 1
    outer loop
      vertex -57.45 -29.450000000000003 3.5999999999999996
      vertex 29.608564307045587 -24.05838748307943 3.5999999999999996
      vertex 29.63422055450476 -23.797895231119796 3.5999999999999996
    endloop
  endfacet
  facet normal 0 0 1
    outer loop
      vertex -57.45 -29.450000000000003 3.5999999999999996
      vertex 29.63422055450476 -23.797895231119796 3.5999999999999996
      vertex 29.67685887838708 -23.53963871193549 3.5999999999999996
    endloop
  endfacet
  facet normal 0 0 1
    outer loop
      vertex -57.45 -29.450000000000003 3.5999999999999996
      vertex 29.67685887838708 -23.53963871193549 3.5999999999999996
      vertex 29.736296694843727 -23.284723819589917 3.5999999999999996
    endloop
  endfacet
  facet normal 0 0 1
    outer loop
      vertex -57.45 -29.450000000000003 3.5999999999999996
      vertex 29.736296694843727 -23.284723819589917 3.5999999999999996
      vertex 29.81227948201958 -23.034242138787356 3.5999999999999996
    endloop
  endfacet
  facet normal 0 0 1
    outer loop
      vertex -57.45 -29.450000000000003 3.5999999999999996
      vertex 29.81227948201958 -23.034242138787356 3.5999999999999996
      vertex 29.904481869954854 -22.789266270539642 3.5999999999999996
    endloop
  endfacet
  facet normal 0 0 1
    outer loop
      vertex -57.45 -29.450000000000003 3.5999999999999996
      vertex 29.904481869954854 -22.789266270539642 3.5999999999999996
      vertex 30.01250903386925 -22.550845239123994 3.5999999999999996
    endloop
  endfacet
  facet normal 0 0 1
    outer loop
      vertex -57.45 -29.450000000000003 3.5999999999999996
      vertex 30.01250903386925 -22.550845239123994 3.5999999999999996
      vertex 30.135898384862248 -22.32 3.5999999999999996
    endloop
  endfacet
  facet normal 0 0 1
    outer loop
      vertex -57.45 -29.450000000000003 3.5999999999999996
      vertex 30.135898384862248 -22.32 3.5999999999999996
      vertex 30.274121550789822 -22.09771906792159 3.5999999999999996
    endloop
  endfacet
  facet normal 0 0 1
    outer loop
      vertex -57.45 -29.450000000000003 3.5999999999999996
      vertex 30.274121550789822 -22.09771906792159 3.5999999999999996
      vertex 30.42658663883506 -21.88495428396512 3.5999999999999996
    endloop
  endfacet
  facet normal 0 0 1
    outer loop
      vertex -57.45 -29.450000000000003 3.5999999999999996
      vertex 30.42658663883506 -21.88495428396512 3.5999999999999996
      vertex 30.592640770084092 -21.682616739599723 3.5999999999999996
    endloop
  endfacet
  facet normal 0 0 1
    outer loop
      vertex -57.45 -29.450000000000003 3.5999999999999996
      vertex 30.592640770084092 -21.682616739599723 3.5999999999999996
      vertex 30.77157287525381 -21.49157287525381 3.5999999999999996
    endloop
  endfacet
  facet normal 0 0 1
    outer loop
      vertex -57.45 -29.450000000000003 3.5999999999999996
      vertex 30.77157287525381 -21.49157287525381 3.5999999999999996
      vertex 30.962616739599724 -21.31264077008409 3.5999999999999996
    endloop
  endfacet
  facet normal 0 0 1
    outer loop
      vertex -57.45 -29.450000000000003 3.5999999999999996
      vertex 30.962616739599724 -21.31264077008409 3.5999999999999996
      vertex 31.16495428396512 -21.14658663883506 3.5999999999999996
    endloop
  endfacet
  facet normal 0 0 1
    outer loop
      vertex -57.45 -29.450000000000003 3.5999999999999996
      vertex 31.16495428396512 -21.14658663883506 3.5999999999999996
      vertex 31.377719067921593 -20.99412155078982 3.5999999999999996
    endloop
  endfacet
  facet normal 0 0 1
    outer loop
      vertex -57.45 -29.450000000000003 3.5999999999999996
      vertex 31.377719067921593 -20.99412155078982 3.5999999999999996
      vertex 31.6 -20.855898384862247 3.5999999999999996
    endloop
  endfacet
  facet normal 0 0 1
    outer loop
      vertex -57.45 -29.450000000000003 3.5999999999999996
      vertex 31.6 -20.855898384862247 3.5999999999999996
      vertex 33.99157857666015 -18.97433458412143 3.5999999999999996
    endloop
  endfacet
  facet normal 0 0 1
    outer loop
      vertex -57.45 -29.450000000000003 3.5999999999999996
      vertex 31.77371571297384 -18.380060020873707 3.5999999999999996
      vertex 31.621962554699795 -18.255519422436933 3.5999999999999996
    endloop
  endfacet
  facet normal 0 0 1
    outer loop
      vertex -57.45 -29.450000000000003 3.5999999999999996
      vertex 31.933289300941194 -18.494408836907635 3.5999999999999996
      vertex 31.77371571297384 -18.380060020873707 3.5999999999999996
    endloop
  endfacet
  facet normal 0 0 1
    outer loop
      vertex -57.45 -29.450000000000003 3.5999999999999996
      vertex 32.1 -18.598076211353316 3.5999999999999996
      vertex 31.933289300941194 -18.494408836907635 3.5999999999999996
    endloop
  endfacet
  facet normal 0 0 1
    outer loop
      vertex -57.45 -29.450000000000003 3.5999999999999996
      vertex 32.273133929343 -18.690618224598065 3.5999999999999996
      vertex 32.1 -18.598076211353316 3.5999999999999996
    endloop
  endfacet
  facet normal 0 0 1
    outer loop
      vertex -57.45 -29.450000000000003 3.5999999999999996
      vertex 32.451949702904734 -18.771638597533858 3.5999999999999996
      vertex 32.273133929343 -18.690618224598065 3.5999999999999996
    endloop
  endfacet
  facet normal 0 0 1
    outer loop
      vertex -57.45 -29.450000000000003 3.5999999999999996
      vertex 32.635681604090514 -18.840790388485317 3.5999999999999996
      vertex 32.451949702904734 -18.771638597533858 3.5999999999999996
    endloop
  endfacet
  facet normal 0 0 1
    outer loop
      vertex -57.45 -29.450000000000003 3.5999999999999996
      vertex 32.82354286469244 -18.897777478867205 3.5999999999999996
      vertex 32.635681604090514 -18.840790388485317 3.5999999999999996
    endloop
  endfacet
  facet normal 0 0 1
    outer loop
      vertex -57.45 -29.450000000000003 3.5999999999999996
      vertex 33.01472903395162 -18.94235584120969 3.5999999999999996
      vertex 32.82354286469244 -18.897777478867205 3.5999999999999996
    endloop
  endfacet
  facet normal 0 0 1
    outer loop
      vertex -57.45 -29.450000000000003 3.5999999999999996
      vertex 33.20842142333985 -18.97433458412143 3.5999999999999996
      vertex 33.01472903395162 -18.94235584120969 3.5999999999999996
    endloop
  endfacet
  facet normal 0 0 1
    outer loop
      vertex -57.45 -29.450000000000003 3.5999999999999996
      vertex 33.40379061230957 -18.99357676971581 3.5999999999999996
      vertex 33.20842142333985 -18.97433458412143 3.5999999999999996
    endloop
  endfacet
  facet normal 0 0 1
    outer loop
      vertex -57.45 -29.450000000000003 3.5999999999999996
      vertex 33.6 -19 3.5999999999999996
      vertex 33.40379061230957 -18.99357676971581 3.5999999999999996
    endloop
  endfacet
  facet normal 0 0 1
    outer loop
      vertex -57.45 -29.450000000000003 3.5999999999999996
      vertex 33.79620938769043 -18.99357676971581 3.5999999999999996
      vertex 33.6 -19 3.5999999999999996
    endloop
  endfacet
  facet normal 0 0 1
    outer loop
      vertex -57.45 -29.450000000000003 3.5999999999999996
      vertex 33.99157857666015 -18.97433458412143 3.5999999999999996
      vertex 33.79620938769043 -18.99357676971581 3.5999999999999996
    endloop
  endfacet
  facet normal 0 0 1
    outer loop
      vertex -57.45 -29.450000000000003 3.5999999999999996
      vertex 31.34448057756307 -17.978037445300206 3.5999999999999996
      vertex 31.219939979126295 -17.826284287026162 3.5999999999999996
    endloop
  endfacet
  facet normal 0 0 1
    outer loop
      vertex -57.45 -29.450000000000003 3.5999999999999996
      vertex 31.47867965644036 -18.121320343559642 3.5999999999999996
      vertex 31.34448057756307 -17.978037445300206 3.5999999999999996
    endloop
  endfacet
  facet normal 0 0 1
    outer loop
      vertex -57.45 -29.450000000000003 3.5999999999999996
      vertex 31.219939979126295 -17.826284287026162 3.5999999999999996
      vertex 31.165275432101016 -17.75 3.5999999999999996
    endloop
  endfacet
  facet normal 0 0 1
    outer loop
      vertex -57.45 -29.450000000000003 3.5999999999999996
      vertex 31.621962554699795 -18.255519422436933 3.5999999999999996
      vertex 31.47867965644036 -18.121320343559642 3.5999999999999996
    endloop
  endfacet
  facet normal 0 0 1
    outer loop
      vertex -57.45 29.450000000000003 3.5999999999999996
      vertex 31.165275432101016 -17.75 3.5999999999999996
      vertex 31.165275432101016 -14.25 3.5999999999999996
    endloop
  endfacet
  facet normal 0 -1 0
    outer loop
      vertex 57.45 -29.450000000000003 3.5999999999999996
      vertex 37.6 -29.450000000000003 3.5999999999999996
      vertex 37.6 -29.450000000000003 1.2
    endloop
  endfacet
  facet normal 0 0 1
    outer loop
      vertex 57.45 -29.450000000000003 3.5999999999999996
      vertex 37.6 -24.32 3.5999999999999996
      vertex 37.6 -29.450000000000003 3.5999999999999996
    endloop
  endfacet
  facet normal 0 0 1
    outer loop
      vertex 57.45 -29.450000000000003 3.5999999999999996
      vertex 37.295518130045146 -22.789266270539642 3.5999999999999996
      vertex 37.387720517980426 -23.034242138787356 3.5999999999999996
    endloop
  endfacet
  facet normal 0 0 1
    outer loop
      vertex 57.45 -29.450000000000003 3.5999999999999996
      vertex 37.59143569295441 -24.05838748307943 3.5999999999999996
      vertex 37.6 -24.32 3.5999999999999996
    endloop
  endfacet
  facet normal 0 0 1
    outer loop
      vertex 57.45 -29.450000000000003 3.5999999999999996
      vertex 37.565779445495245 -23.797895231119796 3.5999999999999996
      vertex 37.59143569295441 -24.05838748307943 3.5999999999999996
    endloop
  endfacet
  facet normal 0 0 1
    outer loop
      vertex 57.45 -29.450000000000003 3.5999999999999996
      vertex 37.52314112161292 -23.53963871193549 3.5999999999999996
      vertex 37.565779445495245 -23.797895231119796 3.5999999999999996
    endloop
  endfacet
  facet normal 0 0 1
    outer loop
      vertex 57.45 -29.450000000000003 3.5999999999999996
      vertex 37.46370330515627 -23.284723819589917 3.5999999999999996
      vertex 37.52314112161292 -23.53963871193549 3.5999999999999996
    endloop
  endfacet
  facet normal 0 0 1
    outer loop
      vertex 57.45 -29.450000000000003 3.5999999999999996
      vertex 37.387720517980426 -23.034242138787356 3.5999999999999996
      vertex 37.46370330515627 -23.284723819589917 3.5999999999999996
    endloop
  endfacet
  facet normal 0 0 1
    outer loop
      vertex 57.45 -29.450000000000003 3.5999999999999996
      vertex 37.18749096613075 -22.550845239123994 3.5999999999999996
      vertex 37.295518130045146 -22.789266270539642 3.5999999999999996
    endloop
  endfacet
  facet normal 0 0 1
    outer loop
      vertex 57.45 -29.450000000000003 3.5999999999999996
      vertex 37.06410161513776 -22.32 3.5999999999999996
      vertex 37.18749096613075 -22.550845239123994 3.5999999999999996
    endloop
  endfacet
  facet normal 0 0 1
    outer loop
      vertex 57.45 -29.450000000000003 3.5999999999999996
      vertex 36.92587844921018 -22.09771906792159 3.5999999999999996
      vertex 37.06410161513776 -22.32 3.5999999999999996
    endloop
  endfacet
  facet normal 0 0 1
    outer loop
      vertex 57.45 -29.450000000000003 3.5999999999999996
      vertex 36.42842712474619 -21.49157287525381 3.5999999999999996
      vertex 36.607359229915915 -21.682616739599723 3.5999999999999996
    endloop
  endfacet
  facet normal 0 0 1
    outer loop
      vertex 57.45 -29.450000000000003 3.5999999999999996
      vertex 36.23738326040028 -21.31264077008409 3.5999999999999996
      vertex 36.42842712474619 -21.49157287525381 3.5999999999999996
    endloop
  endfacet
  facet normal 0 0 1
    outer loop
      vertex 57.45 -29.450000000000003 3.5999999999999996
      vertex 36.77341336116494 -21.88495428396512 3.5999999999999996
      vertex 36.92587844921018 -22.09771906792159 3.5999999999999996
    endloop
  endfacet
  facet normal 0 0 1
    outer loop
      vertex 57.45 -29.450000000000003 3.5999999999999996
      vertex 36.607359229915915 -21.682616739599723 3.5999999999999996
      vertex 36.77341336116494 -21.88495428396512 3.5999999999999996
    endloop
  endfacet
  facet normal 0 0 1
    outer loop
      vertex 33.99157857666015 -18.97433458412143 3.5999999999999996
      vertex 31.6 -20.855898384862247 3.5999999999999996
      vertex 31.830845239123995 -20.73250903386925 3.5999999999999996
    endloop
  endfacet
  facet normal 0 0 1
    outer loop
      vertex 33.99157857666015 -18.97433458412143 3.5999999999999996
      vertex 31.830845239123995 -20.73250903386925 3.5999999999999996
      vertex 32.06926627053964 -20.624481869954852 3.5999999999999996
    endloop
  endfacet
  facet normal 0 0 1
    outer loop
      vertex 33.99157857666015 -18.97433458412143 3.5999999999999996
      vertex 32.06926627053964 -20.624481869954852 3.5999999999999996
      vertex 32.31424213878736 -20.53227948201958 3.5999999999999996
    endloop
  endfacet
  facet normal 0 0 1
    outer loop
      vertex 33.99157857666015 -18.97433458412143 3.5999999999999996
      vertex 34.885757861212646 -20.53227948201958 3.5999999999999996
      vertex 35.13073372946036 -20.624481869954852 3.5999999999999996
    endloop
  endfacet
  facet normal 0 0 1
    outer loop
      vertex 33.99157857666015 -18.97433458412143 3.5999999999999996
      vertex 32.31424213878736 -20.53227948201958 3.5999999999999996
      vertex 32.564723819589915 -20.456296694843726 3.5999999999999996
    endloop
  endfacet
  facet normal 0 0 1
    outer loop
      vertex 33.99157857666015 -18.97433458412143 3.5999999999999996
      vertex 32.564723819589915 -20.456296694843726 3.5999999999999996
      vertex 32.81963871193549 -20.39685887838708 3.5999999999999996
    endloop
  endfacet
  facet normal 0 0 1
    outer loop
      vertex 33.99157857666015 -18.97433458412143 3.5999999999999996
      vertex 32.81963871193549 -20.39685887838708 3.5999999999999996
      vertex 33.0778952311198 -20.35422055450476 3.5999999999999996
    endloop
  endfacet
  facet normal 0 0 1
    outer loop
      vertex 33.99157857666015 -18.97433458412143 3.5999999999999996
      vertex 33.0778952311198 -20.35422055450476 3.5999999999999996
      vertex 33.33838748307943 -20.328564307045585 3.5999999999999996
    endloop
  endfacet
  facet normal 0 0 1
    outer loop
      vertex 33.99157857666015 -18.97433458412143 3.5999999999999996
      vertex 33.33838748307943 -20.328564307045585 3.5999999999999996
      vertex 33.6 -20.32 3.5999999999999996
    endloop
  endfacet
  facet normal 0 0 1
    outer loop
      vertex 33.99157857666015 -18.97433458412143 3.5999999999999996
      vertex 33.6 -20.32 3.5999999999999996
      vertex 33.86161251692057 -20.328564307045585 3.5999999999999996
    endloop
  endfacet
  facet normal 0 0 1
    outer loop
      vertex 33.99157857666015 -18.97433458412143 3.5999999999999996
      vertex 33.86161251692057 -20.328564307045585 3.5999999999999996
      vertex 34.122104768880206 -20.35422055450476 3.5999999999999996
    endloop
  endfacet
  facet normal 0 0 1
    outer loop
      vertex 33.99157857666015 -18.97433458412143 3.5999999999999996
      vertex 34.122104768880206 -20.35422055450476 3.5999999999999996
      vertex 34.38036128806451 -20.39685887838708 3.5999999999999996
    endloop
  endfacet
  facet normal 0 0 1
    outer loop
      vertex 33.99157857666015 -18.97433458412143 3.5999999999999996
      vertex 34.38036128806451 -20.39685887838708 3.5999999999999996
      vertex 34.63527618041009 -20.456296694843726 3.5999999999999996
    endloop
  endfacet
  facet normal 0 0 1
    outer loop
      vertex 33.99157857666015 -18.97433458412143 3.5999999999999996
      vertex 34.63527618041009 -20.456296694843726 3.5999999999999996
      vertex 34.885757861212646 -20.53227948201958 3.5999999999999996
    endloop
  endfacet
  facet normal 0 0 1
    outer loop
      vertex 31.165275432101016 -17.75 3.5999999999999996
      vertex 36.03472456789899 -17.75 3.5999999999999996
      vertex 36.03472456789899 -14.25 3.5999999999999996
    endloop
  endfacet
  facet normal 0 0 1
    outer loop
      vertex 57.45 -29.450000000000003 3.5999999999999996
      vertex 35.13073372946036 -20.624481869954852 3.5999999999999996
      vertex 35.36915476087601 -20.73250903386925 3.5999999999999996
    endloop
  endfacet
  facet normal 0 0 1
    outer loop
      vertex 57.45 -29.450000000000003 3.5999999999999996
      vertex 35.6 -20.855898384862247 3.5999999999999996
      vertex 35.822280932078414 -20.99412155078982 3.5999999999999996
    endloop
  endfacet
  facet normal 0 0 1
    outer loop
      vertex 57.45 -29.450000000000003 3.5999999999999996
      vertex 35.822280932078414 -20.99412155078982 3.5999999999999996
      vertex 36.03504571603489 -21.14658663883506 3.5999999999999996
    endloop
  endfacet
  facet normal 0 0 1
    outer loop
      vertex 57.45 -29.450000000000003 3.5999999999999996
      vertex 35.36915476087601 -20.73250903386925 3.5999999999999996
      vertex 35.6 -20.855898384862247 3.5999999999999996
    endloop
  endfacet
  facet normal 0 0 1
    outer loop
      vertex 33.99157857666015 -18.97433458412143 3.5999999999999996
      vertex 35.13073372946036 -20.624481869954852 3.5999999999999996
      vertex 57.45 -29.450000000000003 3.5999999999999996
    endloop
  endfacet
  facet normal 0 0 1
    outer loop
      vertex 33.99157857666015 -18.97433458412143 3.5999999999999996
      vertex 57.45 -29.450000000000003 3.5999999999999996
      vertex 34.185270966048385 -18.94235584120969 3.5999999999999996
    endloop
  endfacet
  facet normal 0 0 1
    outer loop
      vertex 34.185270966048385 -18.94235584120969 3.5999999999999996
      vertex 57.45 -29.450000000000003 3.5999999999999996
      vertex 34.37645713530756 -18.897777478867205 3.5999999999999996
    endloop
  endfacet
  facet normal 0 0 1
    outer loop
      vertex 34.37645713530756 -18.897777478867205 3.5999999999999996
      vertex 57.45 -29.450000000000003 3.5999999999999996
      vertex 34.56431839590949 -18.840790388485317 3.5999999999999996
    endloop
  endfacet
  facet normal 0 0 1
    outer loop
      vertex 34.56431839590949 -18.840790388485317 3.5999999999999996
      vertex 57.45 -29.450000000000003 3.5999999999999996
      vertex 34.74805029709527 -18.771638597533858 3.5999999999999996
    endloop
  endfacet
  facet normal 0 0 1
    outer loop
      vertex 34.74805029709527 -18.771638597533858 3.5999999999999996
      vertex 57.45 -29.450000000000003 3.5999999999999996
      vertex 34.926866070657006 -18.690618224598065 3.5999999999999996
    endloop
  endfacet
  facet normal 0 0 1
    outer loop
      vertex 34.926866070657006 -18.690618224598065 3.5999999999999996
      vertex 57.45 -29.450000000000003 3.5999999999999996
      vertex 35.1 -18.598076211353316 3.5999999999999996
    endloop
  endfacet
  facet normal 0 0 1
    outer loop
      vertex 35.1 -18.598076211353316 3.5999999999999996
      vertex 57.45 -29.450000000000003 3.5999999999999996
      vertex 35.266710699058805 -18.494408836907635 3.5999999999999996
    endloop
  endfacet
  facet normal 0 0 1
    outer loop
      vertex 35.266710699058805 -18.494408836907635 3.5999999999999996
      vertex 57.45 -29.450000000000003 3.5999999999999996
      vertex 35.426284287026164 -18.380060020873707 3.5999999999999996
    endloop
  endfacet
  facet normal 0 0 1
    outer loop
      vertex 35.426284287026164 -18.380060020873707 3.5999999999999996
      vertex 57.45 -29.450000000000003 3.5999999999999996
      vertex 35.57803744530021 -18.255519422436933 3.5999999999999996
    endloop
  endfacet
  facet normal 0 0 1
    outer loop
      vertex 57.45 -29.450000000000003 3.5999999999999996
      vertex 36.03504571603489 -21.14658663883506 3.5999999999999996
      vertex 36.23738326040028 -21.31264077008409 3.5999999999999996
    endloop
  endfacet
  facet normal 0 0 1
    outer loop
      vertex 35.57803744530021 -18.255519422436933 3.5999999999999996
      vertex 57.45 -29.450000000000003 3.5999999999999996
      vertex 35.72132034355965 -18.121320343559642 3.5999999999999996
    endloop
  endfacet
  facet normal 0 0 1
    outer loop
      vertex 35.72132034355965 -18.121320343559642 3.5999999999999996
      vertex 57.45 -29.450000000000003 3.5999999999999996
      vertex 35.855519422436934 -17.978037445300206 3.5999999999999996
    endloop
  endfacet
  facet normal 0 0 1
    outer loop
      vertex 35.855519422436934 -17.978037445300206 3.5999999999999996
      vertex 57.45 -29.450000000000003 3.5999999999999996
      vertex 35.98006002087371 -17.826284287026162 3.5999999999999996
    endloop
  endfacet
  facet normal 0 0 1
    outer loop
      vertex 35.98006002087371 -17.826284287026162 3.5999999999999996
      vertex 57.45 -29.450000000000003 3.5999999999999996
      vertex 36.03472456789899 -17.75 3.5999999999999996
    endloop
  endfacet
  facet normal 0 0 1
    outer loop
      vertex 36.03472456789899 -17.75 3.5999999999999996
      vertex 57.45 -29.450000000000003 3.5999999999999996
      vertex 36.03472456789899 -14.25 3.5999999999999996
    endloop
  endfacet
  facet normal 0 -1 0
    outer loop
      vertex 57.45 -29.450000000000003 1.2
      vertex 57.45 -29.450000000000003 3.5999999999999996
      vertex 37.6 -29.450000000000003 1.2
    endloop
  endfacet
  facet normal 0 0 1
    outer loop
      vertex 31.165275432101016 -17.75 3.5999999999999996
      vertex 36.03472456789899 -14.25 3.5999999999999996
      vertex 31.165275432101016 -14.25 3.5999999999999996
    endloop
  endfacet
  facet normal 1 0 0
    outer loop
      vertex 57.45 -29.450000000000003 1.2
      vertex 57.45 29.450000000000003 1.2
      vertex 57.45 -29.450000000000003 3.5999999999999996
    endloop
  endfacet
  facet normal 0 0 1
    outer loop
      vertex 57.45 -29.450000000000003 3.5999999999999996
      vertex 57.45 29.450000000000003 3.5999999999999996
      vertex 36.03472456789899 -14.25 3.5999999999999996
    endloop
  endfacet
  facet normal 0 0 1
    outer loop
      vertex -57.45 29.450000000000003 3.5999999999999996
      vertex 31.165275432101016 -14.25 3.5999999999999996
      vertex 31.219939979126295 -14.173715712973838 3.5999999999999996
    endloop
  endfacet
  facet normal 0 0 1
    outer loop
      vertex -57.45 29.450000000000003 3.5999999999999996
      vertex 31.219939979126295 -14.173715712973838 3.5999999999999996
      vertex 31.34448057756307 -14.021962554699794 3.5999999999999996
    endloop
  endfacet
  facet normal 0 0 1
    outer loop
      vertex -57.45 29.450000000000003 3.5999999999999996
      vertex 31.34448057756307 -14.021962554699794 3.5999999999999996
      vertex 31.47867965644036 -13.878679656440358 3.5999999999999996
    endloop
  endfacet
  facet normal 0 0 1
    outer loop
      vertex -57.45 29.450000000000003 3.5999999999999996
      vertex 31.47867965644036 -13.878679656440358 3.5999999999999996
      vertex 31.621962554699795 -13.744480577563067 3.5999999999999996
    endloop
  endfacet
  facet normal 0 0 1
    outer loop
      vertex -57.45 29.450000000000003 3.5999999999999996
      vertex 31.621962554699795 -13.744480577563067 3.5999999999999996
      vertex 31.77371571297384 -13.619939979126293 3.5999999999999996
    endloop
  endfacet
  facet normal 0 0 1
    outer loop
      vertex -57.45 29.450000000000003 3.5999999999999996
      vertex 31.77371571297384 -13.619939979126293 3.5999999999999996
      vertex 31.933289300941194 -13.505591163092365 3.5999999999999996
    endloop
  endfacet
  facet normal 0 0 1
    outer loop
      vertex -57.45 29.450000000000003 3.5999999999999996
      vertex 31.933289300941194 -13.505591163092365 3.5999999999999996
      vertex 32.1 -13.401923788646684 3.5999999999999996
    endloop
  endfacet
  facet normal 0 0 1
    outer loop
      vertex -57.45 29.450000000000003 3.5999999999999996
      vertex 32.1 -13.401923788646684 3.5999999999999996
      vertex 32.273133929343 -13.309381775401935 3.5999999999999996
    endloop
  endfacet
  facet normal 0 0 1
    outer loop
      vertex -57.45 29.450000000000003 3.5999999999999996
      vertex 32.273133929343 -13.309381775401935 3.5999999999999996
      vertex 32.451949702904734 -13.22836140246614 3.5999999999999996
    endloop
  endfacet
  facet normal 0 0 1
    outer loop
      vertex -57.45 29.450000000000003 3.5999999999999996
      vertex 32.451949702904734 -13.22836140246614 3.5999999999999996
      vertex 32.635681604090514 -13.159209611514683 3.5999999999999996
    endloop
  endfacet
  facet normal 0 0 1
    outer loop
      vertex -57.45 29.450000000000003 3.5999999999999996
      vertex 32.635681604090514 -13.159209611514683 3.5999999999999996
      vertex 32.82354286469244 -13.102222521132795 3.5999999999999996
    endloop
  endfacet
  facet normal 0 0 1
    outer loop
      vertex -57.45 29.450000000000003 3.5999999999999996
      vertex 32.82354286469244 -13.102222521132795 3.5999999999999996
      vertex 33.01472903395162 -13.057644158790309 3.5999999999999996
    endloop
  endfacet
  facet normal 0 0 1
    outer loop
      vertex -57.45 29.450000000000003 3.5999999999999996
      vertex 33.01472903395162 -13.057644158790309 3.5999999999999996
      vertex 33.20842142333985 -13.025665415878569 3.5999999999999996
    endloop
  endfacet
  facet normal 0 0 1
    outer loop
      vertex -57.45 29.450000000000003 3.5999999999999996
      vertex 33.20842142333985 -13.025665415878569 3.5999999999999996
      vertex 33.40379061230957 -13.00642323028419 3.5999999999999996
    endloop
  endfacet
  facet normal 0 0 1
    outer loop
      vertex -57.45 29.450000000000003 3.5999999999999996
      vertex 33.40379061230957 -13.00642323028419 3.5999999999999996
      vertex 33.6 -13 3.5999999999999996
    endloop
  endfacet
  facet normal 0 0 1
    outer loop
      vertex -57.45 29.450000000000003 3.5999999999999996
      vertex 33.6 -13 3.5999999999999996
      vertex 33.79620938769043 -13.00642323028419 3.5999999999999996
    endloop
  endfacet
  facet normal 0 0 1
    outer loop
      vertex -57.45 29.450000000000003 3.5999999999999996
      vertex 33.79620938769043 -13.00642323028419 3.5999999999999996
      vertex 33.99157857666015 -13.025665415878569 3.5999999999999996
    endloop
  endfacet
  facet normal 0 0 1
    outer loop
      vertex -57.45 29.450000000000003 3.5999999999999996
      vertex 33.99157857666015 -13.025665415878569 3.5999999999999996
      vertex 34.185270966048385 -13.057644158790309 3.5999999999999996
    endloop
  endfacet
  facet normal 0 0 1
    outer loop
      vertex -57.45 29.450000000000003 3.5999999999999996
      vertex 34.185270966048385 -13.057644158790309 3.5999999999999996
      vertex 34.37645713530756 -13.102222521132795 3.5999999999999996
    endloop
  endfacet
  facet normal 0 0 1
    outer loop
      vertex -57.45 29.450000000000003 3.5999999999999996
      vertex 34.37645713530756 -13.102222521132795 3.5999999999999996
      vertex 34.56431839590949 -13.159209611514683 3.5999999999999996
    endloop
  endfacet
  facet normal 0 0 1
    outer loop
      vertex -57.45 29.450000000000003 3.5999999999999996
      vertex 34.56431839590949 -13.159209611514683 3.5999999999999996
      vertex 34.74805029709527 -13.22836140246614 3.5999999999999996
    endloop
  endfacet
  facet normal 0 0 1
    outer loop
      vertex -57.45 29.450000000000003 3.5999999999999996
      vertex 34.74805029709527 -13.22836140246614 3.5999999999999996
      vertex 57.45 29.450000000000003 3.5999999999999996
    endloop
  endfacet
  facet normal 0 1 0
    outer loop
      vertex -57.45 29.450000000000003 3.5999999999999996
      vertex 57.45 29.450000000000003 3.5999999999999996
      vertex 57.45 29.450000000000003 1.2
    endloop
  endfacet
  facet normal 0 0 1
    outer loop
      vertex 35.855519422436934 -14.021962554699794 3.5999999999999996
      vertex 35.98006002087371 -14.173715712973838 3.5999999999999996
      vertex 57.45 29.450000000000003 3.5999999999999996
    endloop
  endfacet
  facet normal 0 0 1
    outer loop
      vertex 34.926866070657006 -13.309381775401935 3.5999999999999996
      vertex 57.45 29.450000000000003 3.5999999999999996
      vertex 34.74805029709527 -13.22836140246614 3.5999999999999996
    endloop
  endfacet
  facet normal 0 0 1
    outer loop
      vertex 35.266710699058805 -13.505591163092365 3.5999999999999996
      vertex 57.45 29.450000000000003 3.5999999999999996
      vertex 35.1 -13.401923788646684 3.5999999999999996
    endloop
  endfacet
  facet normal 0 0 1
    outer loop
      vertex 35.1 -13.401923788646684 3.5999999999999996
      vertex 57.45 29.450000000000003 3.5999999999999996
      vertex 34.926866070657006 -13.309381775401935 3.5999999999999996
    endloop
  endfacet
  facet normal 0 0 1
    outer loop
      vertex 35.57803744530021 -13.744480577563067 3.5999999999999996
      vertex 57.45 29.450000000000003 3.5999999999999996
      vertex 35.426284287026164 -13.619939979126293 3.5999999999999996
    endloop
  endfacet
  facet normal 0 0 1
    outer loop
      vertex 35.57803744530021 -13.744480577563067 3.5999999999999996
      vertex 35.72132034355965 -13.878679656440358 3.5999999999999996
      vertex 57.45 29.450000000000003 3.5999999999999996
    endloop
  endfacet
  facet normal 0 0 1
    outer loop
      vertex 35.855519422436934 -14.021962554699794 3.5999999999999996
      vertex 57.45 29.450000000000003 3.5999999999999996
      vertex 35.72132034355965 -13.878679656440358 3.5999999999999996
    endloop
  endfacet
  facet normal 0 0 1
    outer loop
      vertex 35.266710699058805 -13.505591163092365 3.5999999999999996
      vertex 35.426284287026164 -13.619939979126293 3.5999999999999996
      vertex 57.45 29.450000000000003 3.5999999999999996
    endloop
  endfacet
  facet normal 0 0 1
    outer loop
      vertex 36.03472456789899 -14.25 3.5999999999999996
      vertex 57.45 29.450000000000003 3.5999999999999996
      vertex 35.98006002087371 -14.173715712973838 3.5999999999999996
    endloop
  endfacet
  facet normal 1 0 0
    outer loop
      vertex 57.45 -29.450000000000003 3.5999999999999996
      vertex 57.45 29.450000000000003 1.2
      vertex 57.45 29.450000000000003 3.5999999999999996
    endloop
  endfacet
  facet normal 1 0 0
    outer loop
      vertex 29.6 -32 -1.2
      vertex 29.6 -24.32 -1.2
      vertex 29.6 -29.450000000000003 1.2
    endloop
  endfacet
  facet normal 1 0 0
    outer loop
      vertex 29.6 -32 1.2
      vertex 29.6 -32 -1.2
      vertex 29.6 -29.450000000000003 1.2
    endloop
  endfacet
  facet normal 0.9994645874763658 -0.03271908282177325 8.095845375117008e-20
    outer loop
      vertex 29.6 -24.32 -1.2
      vertex 29.608564307045587 -24.05838748307943 -1.2
      vertex 29.608564307045587 -24.05838748307943 3.5999999999999996
    endloop
  endfacet
  facet normal 1 0 0
    outer loop
      vertex 29.6 -29.450000000000003 1.2
      vertex 29.6 -24.32 -1.2
      vertex 29.6 -24.32 3.5999999999999996
    endloop
  endfacet
  facet normal 0.9951847266721959 -0.09801714032956947 0
    outer loop
      vertex 29.63422055450476 -23.797895231119796 3.5999999999999996
      vertex 29.608564307045587 -24.05838748307943 -1.2
      vertex 29.63422055450476 -23.797895231119796 -1.2
    endloop
  endfacet
  facet normal 0.98664333208488 -0.16289547339458324 0
    outer loop
      vertex 29.67685887838708 -23.53963871193549 3.5999999999999996
      vertex 29.63422055450476 -23.797895231119796 -1.2
      vertex 29.67685887838708 -23.53963871193549 -1.2
    endloop
  endfacet
  facet normal 0.9738769792773352 -0.22707626303436682 1.0426613454553995e-19
    outer loop
      vertex 29.67685887838708 -23.53963871193549 -1.2
      vertex 29.736296694843727 -23.284723819589917 -1.2
      vertex 29.736296694843727 -23.284723819589917 3.5999999999999996
    endloop
  endfacet
  facet normal 0.9569403357322055 -0.29028467725447354 0
    outer loop
      vertex 29.81227948201958 -23.034242138787356 3.5999999999999996
      vertex 29.736296694843727 -23.284723819589917 -1.2
      vertex 29.81227948201958 -23.034242138787356 -1.2
    endloop
  endfacet
  facet normal 0.9359059267573289 -0.3522500479212252 0
    outer loop
      vertex 29.904481869954854 -22.789266270539642 3.5999999999999996
      vertex 29.81227948201958 -23.034242138787356 -1.2
      vertex 29.904481869954854 -22.789266270539642 -1.2
    endloop
  endfacet
  facet normal 0.9108638249211728 -0.41270702980440127 2.5829130569978106e-19
    outer loop
      vertex 29.904481869954854 -22.789266270539642 -1.2
      vertex 30.01250903386925 -22.550845239123994 -1.2
      vertex 30.01250903386925 -22.550845239123994 3.5999999999999996
    endloop
  endfacet
  facet normal 0.9994645874763658 -0.03271908282177325 0
    outer loop
      vertex 29.6 -24.32 3.5999999999999996
      vertex 29.6 -24.32 -1.2
      vertex 29.608564307045587 -24.05838748307943 3.5999999999999996
    endloop
  endfacet
  facet normal 1 0 0
    outer loop
      vertex 29.6 -29.450000000000003 3.5999999999999996
      vertex 29.6 -29.450000000000003 1.2
      vertex 29.6 -24.32 3.5999999999999996
    endloop
  endfacet
  facet normal 0.9951847266721959 -0.09801714032956947 -2.2079168352555315e-19
    outer loop
      vertex 29.63422055450476 -23.797895231119796 3.5999999999999996
      vertex 29.608564307045587 -24.05838748307943 3.5999999999999996
      vertex 29.608564307045587 -24.05838748307943 -1.2
    endloop
  endfacet
  facet normal 0.98664333208488 -0.16289547339458324 4.132751930113162e-20
    outer loop
      vertex 29.67685887838708 -23.53963871193549 3.5999999999999996
      vertex 29.63422055450476 -23.797895231119796 3.5999999999999996
      vertex 29.63422055450476 -23.797895231119796 -1.2
    endloop
  endfacet
  facet normal 0.9738769792773352 -0.22707626303436682 0
    outer loop
      vertex 29.67685887838708 -23.53963871193549 3.5999999999999996
      vertex 29.67685887838708 -23.53963871193549 -1.2
      vertex 29.736296694843727 -23.284723819589917 3.5999999999999996
    endloop
  endfacet
  facet normal 0.9569403357322055 -0.29028467725447354 -9.400535402890168e-19
    outer loop
      vertex 29.81227948201958 -23.034242138787356 3.5999999999999996
      vertex 29.736296694843727 -23.284723819589917 3.5999999999999996
      vertex 29.736296694843727 -23.284723819589917 -1.2
    endloop
  endfacet
  facet normal 0.9359059267573289 -0.3522500479212252 -1.2430692642445073e-18
    outer loop
      vertex 29.904481869954854 -22.789266270539642 3.5999999999999996
      vertex 29.81227948201958 -23.034242138787356 3.5999999999999996
      vertex 29.81227948201958 -23.034242138787356 -1.2
    endloop
  endfacet
  facet normal 0.9108638249211728 -0.41270702980440127 0
    outer loop
      vertex 29.904481869954854 -22.789266270539642 3.5999999999999996
      vertex 29.904481869954854 -22.789266270539642 -1.2
      vertex 30.01250903386925 -22.550845239123994 3.5999999999999996
    endloop
  endfacet
  facet normal -1 0 0
    outer loop
      vertex 37.6 -32 -1.2
      vertex 37.6 -29.450000000000003 1.2
      vertex 37.6 -24.32 -1.2
    endloop
  endfacet
  facet normal -1 0 0
    outer loop
      vertex 37.6 -32 -1.2
      vertex 37.6 -32 1.2
      vertex 37.6 -29.450000000000003 1.2
    endloop
  endfacet
  facet normal -0.9994645874763652 -0.03271908282178681 0
    outer loop
      vertex 37.6 -24.32 3.5999999999999996
      vertex 37.59143569295441 -24.05838748307943 -1.2
      vertex 37.6 -24.32 -1.2
    endloop
  endfacet
  facet normal -1 0 0
    outer loop
      vertex 37.6 -29.450000000000003 1.2
      vertex 37.6 -24.32 3.5999999999999996
      vertex 37.6 -24.32 -1.2
    endloop
  endfacet
  facet normal 0.8819212643483555 -0.4713967368259966 0
    outer loop
      vertex 30.135898384862248 -22.32 3.5999999999999996
      vertex 30.01250903386925 -22.550845239123994 -1.2
      vertex 30.135898384862248 -22.32 -1.2
    endloop
  endfacet
  facet normal 0.8492021815265782 -0.528067850650369 0
    outer loop
      vertex 30.274121550789822 -22.09771906792159 3.5999999999999996
      vertex 30.135898384862248 -22.32 -1.2
      vertex 30.274121550789822 -22.09771906792159 -1.2
    endloop
  endfacet
  facet normal 0.8128466845916152 -0.5824776968678022 -2.6798487110055723e-18
    outer loop
      vertex 30.274121550789822 -22.09771906792159 -1.2
      vertex 30.42658663883506 -21.88495428396512 -1.2
      vertex 30.42658663883506 -21.88495428396512 3.5999999999999996
    endloop
  endfacet
  facet normal 0.7730104533627423 -0.6343932841636388 0
    outer loop
      vertex 30.592640770084092 -21.682616739599723 3.5999999999999996
      vertex 30.42658663883506 -21.88495428396512 -1.2
      vertex 30.592640770084092 -21.682616739599723 -1.2
    endloop
  endfacet
  facet normal 0.7298640726978384 -0.6835923020228684 0
    outer loop
      vertex 30.77157287525381 -21.49157287525381 3.5999999999999996
      vertex 30.592640770084092 -21.682616739599723 -1.2
      vertex 30.77157287525381 -21.49157287525381 -1.2
    endloop
  endfacet
  facet normal 0.6835923020228684 -0.7298640726978384 0
    outer loop
      vertex 30.962616739599724 -21.31264077008409 3.5999999999999996
      vertex 30.77157287525381 -21.49157287525381 -1.2
      vertex 30.962616739599724 -21.31264077008409 -1.2
    endloop
  endfacet
  facet normal 0.6343932841636388 -0.7730104533627423 5.468573516301625e-19
    outer loop
      vertex 30.962616739599724 -21.31264077008409 -1.2
      vertex 31.16495428396512 -21.14658663883506 -1.2
      vertex 31.16495428396512 -21.14658663883506 3.5999999999999996
    endloop
  endfacet
  facet normal 0.5824776968678022 -0.8128466845916152 0
    outer loop
      vertex 31.377719067921593 -20.99412155078982 3.5999999999999996
      vertex 31.16495428396512 -21.14658663883506 -1.2
      vertex 31.377719067921593 -20.99412155078982 -1.2
    endloop
  endfacet
  facet normal 0.528067850650369 -0.8492021815265782 6.757859186870251e-19
    outer loop
      vertex 31.377719067921593 -20.99412155078982 -1.2
      vertex 31.6 -20.855898384862247 -1.2
      vertex 31.6 -20.855898384862247 3.5999999999999996
    endloop
  endfacet
  facet normal 0.4713967368259966 -0.8819212643483555 0
    outer loop
      vertex 31.830845239123995 -20.73250903386925 3.5999999999999996
      vertex 31.6 -20.855898384862247 -1.2
      vertex 31.830845239123995 -20.73250903386925 -1.2
    endloop
  endfacet
  facet normal 0.41270702980440127 -0.9108638249211728 0
    outer loop
      vertex 32.06926627053964 -20.624481869954852 3.5999999999999996
      vertex 31.830845239123995 -20.73250903386925 -1.2
      vertex 32.06926627053964 -20.624481869954852 -1.2
    endloop
  endfacet
  facet normal 0.3522500479212252 -0.9359059267573289 -1.2430692642445073e-18
    outer loop
      vertex 32.06926627053964 -20.624481869954852 -1.2
      vertex 32.31424213878736 -20.53227948201958 -1.2
      vertex 32.31424213878736 -20.53227948201958 3.5999999999999996
    endloop
  endfacet
  facet normal 0.2902846772544772 -0.9569403357322043 0
    outer loop
      vertex 32.564723819589915 -20.456296694843726 3.5999999999999996
      vertex 32.31424213878736 -20.53227948201958 -1.2
      vertex 32.564723819589915 -20.456296694843726 -1.2
    endloop
  endfacet
  facet normal 0.2270762630343638 -0.9738769792773359 0
    outer loop
      vertex 32.81963871193549 -20.39685887838708 3.5999999999999996
      vertex 32.564723819589915 -20.456296694843726 -1.2
      vertex 32.81963871193549 -20.39685887838708 -1.2
    endloop
  endfacet
  facet normal 0.16289547339458324 -0.98664333208488 4.132751930113162e-20
    outer loop
      vertex 32.81963871193549 -20.39685887838708 -1.2
      vertex 33.0778952311198 -20.35422055450476 -1.2
      vertex 33.0778952311198 -20.35422055450476 3.5999999999999996
    endloop
  endfacet
  facet normal 0.09801714032956947 -0.9951847266721959 0
    outer loop
      vertex 33.33838748307943 -20.328564307045585 3.5999999999999996
      vertex 33.0778952311198 -20.35422055450476 -1.2
      vertex 33.33838748307943 -20.328564307045585 -1.2
    endloop
  endfacet
  facet normal 0.03271908282177325 -0.9994645874763658 0
    outer loop
      vertex 33.6 -20.32 3.5999999999999996
      vertex 33.33838748307943 -20.328564307045585 -1.2
      vertex 33.6 -20.32 -1.2
    endloop
  endfacet
  facet normal -0.9569403357322129 -0.2902846772544486 0
    outer loop
      vertex 37.46370330515627 -23.284723819589917 -1.2
      vertex 37.46370330515627 -23.284723819589917 3.5999999999999996
      vertex 37.387720517980426 -23.034242138787356 -1.2
    endloop
  endfacet
  facet normal -0.9359059267573198 -0.352250047921249 0
    outer loop
      vertex 37.387720517980426 -23.034242138787356 3.5999999999999996
      vertex 37.295518130045146 -22.789266270539642 -1.2
      vertex 37.387720517980426 -23.034242138787356 -1.2
    endloop
  endfacet
  facet normal -0.910863824921178 -0.41270702980439 1.3696362578272782e-19
    outer loop
      vertex 37.18749096613075 -22.550845239123994 -1.2
      vertex 37.295518130045146 -22.789266270539642 -1.2
      vertex 37.295518130045146 -22.789266270539642 3.5999999999999996
    endloop
  endfacet
  facet normal -0.8492021815265721 -0.5280678506503789 0
    outer loop
      vertex 37.06410161513776 -22.32 3.5999999999999996
      vertex 36.92587844921018 -22.09771906792159 -1.2
      vertex 37.06410161513776 -22.32 -1.2
    endloop
  endfacet
  facet normal -0.8128466845916152 -0.5824776968678022 0
    outer loop
      vertex 36.92587844921018 -22.09771906792159 3.5999999999999996
      vertex 36.77341336116494 -21.88495428396512 -1.2
      vertex 36.92587844921018 -22.09771906792159 -1.2
    endloop
  endfacet
  facet normal -0.8819212643483613 -0.47139673682598604 0
    outer loop
      vertex 37.18749096613075 -22.550845239123994 -1.2
      vertex 37.18749096613075 -22.550845239123994 3.5999999999999996
      vertex 37.06410161513776 -22.32 -1.2
    endloop
  endfacet
  facet normal -0.03271908282177325 -0.9994645874763658 0
    outer loop
      vertex 33.86161251692057 -20.328564307045585 3.5999999999999996
      vertex 33.6 -20.32 -1.2
      vertex 33.86161251692057 -20.328564307045585 -1.2
    endloop
  endfacet
  facet normal -0.09801714032956947 -0.9951847266721959 0
    outer loop
      vertex 34.122104768880206 -20.35422055450476 3.5999999999999996
      vertex 33.86161251692057 -20.328564307045585 -1.2
      vertex 34.122104768880206 -20.35422055450476 -1.2
    endloop
  endfacet
  facet normal -0.16289547339458324 -0.98664333208488 -4.132751930113162e-20
    outer loop
      vertex 34.122104768880206 -20.35422055450476 -1.2
      vertex 34.38036128806451 -20.39685887838708 -1.2
      vertex 34.38036128806451 -20.39685887838708 3.5999999999999996
    endloop
  endfacet
  facet normal -0.2270762630343638 -0.9738769792773359 0
    outer loop
      vertex 34.63527618041009 -20.456296694843726 3.5999999999999996
      vertex 34.38036128806451 -20.39685887838708 -1.2
      vertex 34.63527618041009 -20.456296694843726 -1.2
    endloop
  endfacet
  facet normal -0.2902846772544772 -0.9569403357322043 0
    outer loop
      vertex 34.885757861212646 -20.53227948201958 3.5999999999999996
      vertex 34.63527618041009 -20.456296694843726 -1.2
      vertex 34.885757861212646 -20.53227948201958 -1.2
    endloop
  endfacet
  facet normal -0.3522500479212252 -0.9359059267573289 0
    outer loop
      vertex 35.13073372946036 -20.624481869954852 3.5999999999999996
      vertex 34.885757861212646 -20.53227948201958 -1.2
      vertex 35.13073372946036 -20.624481869954852 -1.2
    endloop
  endfacet
  facet normal -0.4713967368259966 -0.8819212643483555 0
    outer loop
      vertex 35.6 -20.855898384862247 3.5999999999999996
      vertex 35.36915476087601 -20.73250903386925 -1.2
      vertex 35.6 -20.855898384862247 -1.2
    endloop
  endfacet
  facet normal -0.41270702980440127 -0.9108638249211728 -2.5829130569978106e-19
    outer loop
      vertex 35.13073372946036 -20.624481869954852 -1.2
      vertex 35.36915476087601 -20.73250903386925 -1.2
      vertex 35.36915476087601 -20.73250903386925 3.5999999999999996
    endloop
  endfacet
  facet normal -0.7298640726978317 -0.6835923020228756 0
    outer loop
      vertex 36.607359229915915 -21.682616739599723 3.5999999999999996
      vertex 36.42842712474619 -21.49157287525381 -1.2
      vertex 36.607359229915915 -21.682616739599723 -1.2
    endloop
  endfacet
  facet normal -0.5824776968678022 -0.8128466845916152 0
    outer loop
      vertex 36.03504571603489 -21.14658663883506 3.5999999999999996
      vertex 35.822280932078414 -20.99412155078982 -1.2
      vertex 36.03504571603489 -21.14658663883506 -1.2
    endloop
  endfacet
  facet normal -0.6343932841636456 -0.773010453362737 0
    outer loop
      vertex 36.23738326040028 -21.31264077008409 3.5999999999999996
      vertex 36.03504571603489 -21.14658663883506 -1.2
      vertex 36.23738326040028 -21.31264077008409 -1.2
    endloop
  endfacet
  facet normal -0.6835923020228684 -0.7298640726978384 -5.409101043915414e-19
    outer loop
      vertex 36.23738326040028 -21.31264077008409 -1.2
      vertex 36.42842712474619 -21.49157287525381 -1.2
      vertex 36.42842712474619 -21.49157287525381 3.5999999999999996
    endloop
  endfacet
  facet normal -0.773010453362749 -0.6343932841636308 2.7492644040120488e-18
    outer loop
      vertex 36.607359229915915 -21.682616739599723 -1.2
      vertex 36.77341336116494 -21.88495428396512 -1.2
      vertex 36.77341336116494 -21.88495428396512 3.5999999999999996
    endloop
  endfacet
  facet normal -0.5280678506503629 -0.849202181526582 5.930127471130587e-19
    outer loop
      vertex 35.6 -20.855898384862247 -1.2
      vertex 35.822280932078414 -20.99412155078982 -1.2
      vertex 35.822280932078414 -20.99412155078982 3.5999999999999996
    endloop
  endfacet
  facet normal -0.9951847266721986 -0.09801714032954259 0
    outer loop
      vertex 37.59143569295441 -24.05838748307943 -1.2
      vertex 37.59143569295441 -24.05838748307943 3.5999999999999996
      vertex 37.565779445495245 -23.797895231119796 -1.2
    endloop
  endfacet
  facet normal -0.9866433320848778 -0.16289547339459645 0
    outer loop
      vertex 37.565779445495245 -23.797895231119796 3.5999999999999996
      vertex 37.52314112161292 -23.53963871193549 -1.2
      vertex 37.565779445495245 -23.797895231119796 -1.2
    endloop
  endfacet
  facet normal -0.9738769792773322 -0.2270762630343797 -1.9497717152007309e-19
    outer loop
      vertex 37.46370330515627 -23.284723819589917 -1.2
      vertex 37.52314112161292 -23.53963871193549 -1.2
      vertex 37.52314112161292 -23.53963871193549 3.5999999999999996
    endloop
  endfacet
  facet normal -0.9994645874763652 -0.03271908282178681 0
    outer loop
      vertex 37.59143569295441 -24.05838748307943 3.5999999999999996
      vertex 37.59143569295441 -24.05838748307943 -1.2
      vertex 37.6 -24.32 3.5999999999999996
    endloop
  endfacet
  facet normal -1 0 0
    outer loop
      vertex 37.6 -29.450000000000003 1.2
      vertex 37.6 -29.450000000000003 3.5999999999999996
      vertex 37.6 -24.32 3.5999999999999996
    endloop
  endfacet
  facet normal 0.8819212643483555 -0.4713967368259966 1.0047999550787797e-19
    outer loop
      vertex 30.135898384862248 -22.32 3.5999999999999996
      vertex 30.01250903386925 -22.550845239123994 3.5999999999999996
      vertex 30.01250903386925 -22.550845239123994 -1.2
    endloop
  endfacet
  facet normal 0.8492021815265782 -0.528067850650369 6.757859186870251e-19
    outer loop
      vertex 30.274121550789822 -22.09771906792159 3.5999999999999996
      vertex 30.135898384862248 -22.32 3.5999999999999996
      vertex 30.135898384862248 -22.32 -1.2
    endloop
  endfacet
  facet normal 0.8128466845916152 -0.5824776968678022 0
    outer loop
      vertex 30.274121550789822 -22.09771906792159 3.5999999999999996
      vertex 30.274121550789822 -22.09771906792159 -1.2
      vertex 30.42658663883506 -21.88495428396512 3.5999999999999996
    endloop
  endfacet
  facet normal 0.7730104533627423 -0.6343932841636388 5.468573516301625e-19
    outer loop
      vertex 30.592640770084092 -21.682616739599723 3.5999999999999996
      vertex 30.42658663883506 -21.88495428396512 3.5999999999999996
      vertex 30.42658663883506 -21.88495428396512 -1.2
    endloop
  endfacet
  facet normal 0.7298640726978384 -0.6835923020228684 5.409101043915414e-19
    outer loop
      vertex 30.77157287525381 -21.49157287525381 3.5999999999999996
      vertex 30.592640770084092 -21.682616739599723 3.5999999999999996
      vertex 30.592640770084092 -21.682616739599723 -1.2
    endloop
  endfacet
  facet normal 0.6835923020228684 -0.7298640726978384 0
    outer loop
      vertex 30.77157287525381 -21.49157287525381 3.5999999999999996
      vertex 30.77157287525381 -21.49157287525381 -1.2
      vertex 30.962616739599724 -21.31264077008409 3.5999999999999996
    endloop
  endfacet
  facet normal 0.6343932841636388 -0.7730104533627423 0
    outer loop
      vertex 30.962616739599724 -21.31264077008409 3.5999999999999996
      vertex 30.962616739599724 -21.31264077008409 -1.2
      vertex 31.16495428396512 -21.14658663883506 3.5999999999999996
    endloop
  endfacet
  facet normal 0.5824776968678022 -0.8128466845916152 -2.6798487110055723e-18
    outer loop
      vertex 31.377719067921593 -20.99412155078982 3.5999999999999996
      vertex 31.16495428396512 -21.14658663883506 3.5999999999999996
      vertex 31.16495428396512 -21.14658663883506 -1.2
    endloop
  endfacet
  facet normal 0.528067850650369 -0.8492021815265782 0
    outer loop
      vertex 31.377719067921593 -20.99412155078982 3.5999999999999996
      vertex 31.377719067921593 -20.99412155078982 -1.2
      vertex 31.6 -20.855898384862247 3.5999999999999996
    endloop
  endfacet
  facet normal 0.4713967368259966 -0.8819212643483555 1.0047999550787797e-19
    outer loop
      vertex 31.830845239123995 -20.73250903386925 3.5999999999999996
      vertex 31.6 -20.855898384862247 3.5999999999999996
      vertex 31.6 -20.855898384862247 -1.2
    endloop
  endfacet
  facet normal 0.41270702980440127 -0.9108638249211728 2.5829130569978106e-19
    outer loop
      vertex 32.06926627053964 -20.624481869954852 3.5999999999999996
      vertex 31.830845239123995 -20.73250903386925 3.5999999999999996
      vertex 31.830845239123995 -20.73250903386925 -1.2
    endloop
  endfacet
  facet normal 0.3522500479212252 -0.9359059267573289 0
    outer loop
      vertex 32.06926627053964 -20.624481869954852 3.5999999999999996
      vertex 32.06926627053964 -20.624481869954852 -1.2
      vertex 32.31424213878736 -20.53227948201958 3.5999999999999996
    endloop
  endfacet
  facet normal 0.2902846772544772 -0.9569403357322043 -4.053766332691449e-19
    outer loop
      vertex 32.564723819589915 -20.456296694843726 3.5999999999999996
      vertex 32.31424213878736 -20.53227948201958 3.5999999999999996
      vertex 32.31424213878736 -20.53227948201958 -1.2
    endloop
  endfacet
  facet normal 0.2270762630343638 -0.9738769792773359 -2.7038820912739417e-19
    outer loop
      vertex 32.81963871193549 -20.39685887838708 3.5999999999999996
      vertex 32.564723819589915 -20.456296694843726 3.5999999999999996
      vertex 32.564723819589915 -20.456296694843726 -1.2
    endloop
  endfacet
  facet normal 0.16289547339458324 -0.98664333208488 0
    outer loop
      vertex 32.81963871193549 -20.39685887838708 3.5999999999999996
      vertex 32.81963871193549 -20.39685887838708 -1.2
      vertex 33.0778952311198 -20.35422055450476 3.5999999999999996
    endloop
  endfacet
  facet normal 0.09801714032956947 -0.9951847266721959 -2.2079168352555315e-19
    outer loop
      vertex 33.33838748307943 -20.328564307045585 3.5999999999999996
      vertex 33.0778952311198 -20.35422055450476 3.5999999999999996
      vertex 33.0778952311198 -20.35422055450476 -1.2
    endloop
  endfacet
  facet normal 0.03271908282177325 -0.9994645874763658 8.095845375117008e-20
    outer loop
      vertex 33.6 -20.32 3.5999999999999996
      vertex 33.33838748307943 -20.328564307045585 3.5999999999999996
      vertex 33.33838748307943 -20.328564307045585 -1.2
    endloop
  endfacet
  facet normal -0.03271908282177325 -0.9994645874763658 -8.095845375117008e-20
    outer loop
      vertex 33.86161251692057 -20.328564307045585 3.5999999999999996
      vertex 33.6 -20.32 3.5999999999999996
      vertex 33.6 -20.32 -1.2
    endloop
  endfacet
  facet normal -0.9738769792773322 -0.2270762630343797 0
    outer loop
      vertex 37.46370330515627 -23.284723819589917 3.5999999999999996
      vertex 37.46370330515627 -23.284723819589917 -1.2
      vertex 37.52314112161292 -23.53963871193549 3.5999999999999996
    endloop
  endfacet
  facet normal -0.9569403357322129 -0.2902846772544486 9.027258399230428e-19
    outer loop
      vertex 37.46370330515627 -23.284723819589917 3.5999999999999996
      vertex 37.387720517980426 -23.034242138787356 3.5999999999999996
      vertex 37.387720517980426 -23.034242138787356 -1.2
    endloop
  endfacet
  facet normal -0.9359059267573198 -0.352250047921249 -7.191149073501373e-19
    outer loop
      vertex 37.387720517980426 -23.034242138787356 3.5999999999999996
      vertex 37.295518130045146 -22.789266270539642 3.5999999999999996
      vertex 37.295518130045146 -22.789266270539642 -1.2
    endloop
  endfacet
  facet normal -0.910863824921178 -0.41270702980439 0
    outer loop
      vertex 37.18749096613075 -22.550845239123994 3.5999999999999996
      vertex 37.18749096613075 -22.550845239123994 -1.2
      vertex 37.295518130045146 -22.789266270539642 3.5999999999999996
    endloop
  endfacet
  facet normal -0.8492021815265721 -0.5280678506503789 3.854872033185588e-19
    outer loop
      vertex 37.06410161513776 -22.32 3.5999999999999996
      vertex 36.92587844921018 -22.09771906792159 3.5999999999999996
      vertex 36.92587844921018 -22.09771906792159 -1.2
    endloop
  endfacet
  facet normal -0.8819212643483613 -0.47139673682598604 9.641048938256843e-19
    outer loop
      vertex 37.18749096613075 -22.550845239123994 3.5999999999999996
      vertex 37.06410161513776 -22.32 3.5999999999999996
      vertex 37.06410161513776 -22.32 -1.2
    endloop
  endfacet
  facet normal -0.09801714032956947 -0.9951847266721959 0
    outer loop
      vertex 33.86161251692057 -20.328564307045585 3.5999999999999996
      vertex 33.86161251692057 -20.328564307045585 -1.2
      vertex 34.122104768880206 -20.35422055450476 3.5999999999999996
    endloop
  endfacet
  facet normal -0.16289547339458324 -0.98664333208488 0
    outer loop
      vertex 34.122104768880206 -20.35422055450476 3.5999999999999996
      vertex 34.122104768880206 -20.35422055450476 -1.2
      vertex 34.38036128806451 -20.39685887838708 3.5999999999999996
    endloop
  endfacet
  facet normal -0.2270762630343638 -0.9738769792773359 2.7038820912739417e-19
    outer loop
      vertex 34.63527618041009 -20.456296694843726 3.5999999999999996
      vertex 34.38036128806451 -20.39685887838708 3.5999999999999996
      vertex 34.38036128806451 -20.39685887838708 -1.2
    endloop
  endfacet
  facet normal -0.3522500479212252 -0.9359059267573289 0
    outer loop
      vertex 34.885757861212646 -20.53227948201958 3.5999999999999996
      vertex 34.885757861212646 -20.53227948201958 -1.2
      vertex 35.13073372946036 -20.624481869954852 3.5999999999999996
    endloop
  endfacet
  facet normal -0.4713967368259966 -0.8819212643483555 -1.0047999550787797e-19
    outer loop
      vertex 35.6 -20.855898384862247 3.5999999999999996
      vertex 35.36915476087601 -20.73250903386925 3.5999999999999996
      vertex 35.36915476087601 -20.73250903386925 -1.2
    endloop
  endfacet
  facet normal -0.41270702980440127 -0.9108638249211728 0
    outer loop
      vertex 35.13073372946036 -20.624481869954852 3.5999999999999996
      vertex 35.13073372946036 -20.624481869954852 -1.2
      vertex 35.36915476087601 -20.73250903386925 3.5999999999999996
    endloop
  endfacet
  facet normal -0.2902846772544772 -0.9569403357322043 4.053766332691449e-19
    outer loop
      vertex 34.885757861212646 -20.53227948201958 3.5999999999999996
      vertex 34.63527618041009 -20.456296694843726 3.5999999999999996
      vertex 34.63527618041009 -20.456296694843726 -1.2
    endloop
  endfacet
  facet normal -0.7298640726978317 -0.6835923020228756 4.837949052993983e-19
    outer loop
      vertex 36.607359229915915 -21.682616739599723 3.5999999999999996
      vertex 36.42842712474619 -21.49157287525381 3.5999999999999996
      vertex 36.42842712474619 -21.49157287525381 -1.2
    endloop
  endfacet
  facet normal -0.5824776968678022 -0.8128466845916152 2.6798487110055723e-18
    outer loop
      vertex 36.03504571603489 -21.14658663883506 3.5999999999999996
      vertex 35.822280932078414 -20.99412155078982 3.5999999999999996
      vertex 35.822280932078414 -20.99412155078982 -1.2
    endloop
  endfacet
  facet normal -0.6835923020228684 -0.7298640726978384 0
    outer loop
      vertex 36.23738326040028 -21.31264077008409 3.5999999999999996
      vertex 36.23738326040028 -21.31264077008409 -1.2
      vertex 36.42842712474619 -21.49157287525381 3.5999999999999996
    endloop
  endfacet
  facet normal -0.6343932841636456 -0.773010453362737 0
    outer loop
      vertex 36.03504571603489 -21.14658663883506 3.5999999999999996
      vertex 36.03504571603489 -21.14658663883506 -1.2
      vertex 36.23738326040028 -21.31264077008409 3.5999999999999996
    endloop
  endfacet
  facet normal -0.773010453362749 -0.6343932841636308 0
    outer loop
      vertex 36.607359229915915 -21.682616739599723 3.5999999999999996
      vertex 36.607359229915915 -21.682616739599723 -1.2
      vertex 36.77341336116494 -21.88495428396512 3.5999999999999996
    endloop
  endfacet
  facet normal -0.8128466845916152 -0.5824776968678022 2.6798487110055723e-18
    outer loop
      vertex 36.92587844921018 -22.09771906792159 3.5999999999999996
      vertex 36.77341336116494 -21.88495428396512 3.5999999999999996
      vertex 36.77341336116494 -21.88495428396512 -1.2
    endloop
  endfacet
  facet normal -0.5280678506503629 -0.849202181526582 0
    outer loop
      vertex 35.6 -20.855898384862247 3.5999999999999996
      vertex 35.6 -20.855898384862247 -1.2
      vertex 35.822280932078414 -20.99412155078982 3.5999999999999996
    endloop
  endfacet
  facet normal -0.9951847266721986 -0.09801714032954259 1.8801953186625955e-19
    outer loop
      vertex 37.59143569295441 -24.05838748307943 3.5999999999999996
      vertex 37.565779445495245 -23.797895231119796 3.5999999999999996
      vertex 37.565779445495245 -23.797895231119796 -1.2
    endloop
  endfacet
  facet normal -0.9866433320848778 -0.16289547339459645 8.383074770854403e-20
    outer loop
      vertex 37.565779445495245 -23.797895231119796 3.5999999999999996
      vertex 37.52314112161292 -23.53963871193549 3.5999999999999996
      vertex 37.52314112161292 -23.53963871193549 -1.2
    endloop
  endfacet
endsolid OpenSCAD_Model
