solid OpenSCAD_Model
  facet normal 0 0 -1
    outer loop
      vertex -60 -32 -13.7
      vertex -57.6 -29.6 -13.7
      vertex -1.2 -29.6 -13.7
    endloop
  endfacet
  facet normal 0 0 -1
    outer loop
      vertex -60 -32 -13.7
      vertex -60 32 -13.7
      vertex -57.6 -29.6 -13.7
    endloop
  endfacet
  facet normal 0 0 -1
    outer loop
      vertex -60 -32 -13.7
      vertex -1.2 -29.6 -13.7
      vertex 1.2 -29.6 -13.7
    endloop
  endfacet
  facet normal 0 0 -1
    outer loop
      vertex -60 -32 -13.7
      vertex 1.2 -29.6 -13.7
      vertex 57.6 -29.6 -13.7
    endloop
  endfacet
  facet normal -1 0 0
    outer loop
      vertex -60 -32 -13.7
      vertex -60 -32 13.7
      vertex -60 32 13.7
    endloop
  endfacet
  facet normal 0 -1 0
    outer loop
      vertex -60 -32 -13.7
      vertex 60 -32 13.7
      vertex -60 -32 13.7
    endloop
  endfacet
  facet normal 0 0 1
    outer loop
      vertex -60 -32 13.7
      vertex 60 -32 13.7
      vertex -60 32 13.7
    endloop
  endfacet
  facet normal 0 0 -1
    outer loop
      vertex -57.6 -29.6 -13.7
      vertex -60 32 -13.7
      vertex -57.6 29.6 -13.7
    endloop
  endfacet
  facet normal -1 0 0
    outer loop
      vertex -60 -32 -13.7
      vertex -60 32 13.7
      vertex -60 32 -13.7
    endloop
  endfacet
  facet normal 0 0 -1
    outer loop
      vertex -57.6 29.6 -13.7
      vertex -60 32 -13.7
      vertex 60 32 -13.7
    endloop
  endfacet
  facet normal 0 1 0
    outer loop
      vertex -60 32 -13.7
      vertex -60 32 13.7
      vertex 60 32 -13.7
    endloop
  endfacet
  facet normal 0 0 -1
    outer loop
      vertex -60 -32 -13.7
      vertex 57.6 -29.6 -13.7
      vertex 60 -32 -13.7
    endloop
  endfacet
  facet normal 0 -1 0
    outer loop
      vertex -60 -32 -13.7
      vertex 60 -32 -13.7
      vertex 60 -32 13.7
    endloop
  endfacet
  facet normal 0 0 -1
    outer loop
      vertex 60 -32 -13.7
      vertex 57.6 -29.6 -13.7
      vertex 57.6 29.6 -13.7
    endloop
  endfacet
  facet normal 1 0 0
    outer loop
      vertex 60 -32 -13.7
      vertex 60 32 -13.7
      vertex 60 -32 13.7
    endloop
  endfacet
  facet normal 0 0 -1
    outer loop
      vertex -57.6 29.6 -13.7
      vertex 60 32 -13.7
      vertex -1.2 29.6 -13.7
    endloop
  endfacet
  facet normal 0 0 -1
    outer loop
      vertex -1.2 29.6 -13.7
      vertex 60 32 -13.7
      vertex 1.2 29.6 -13.7
    endloop
  endfacet
  facet normal 0 0 -1
    outer loop
      vertex 60 -32 -13.7
      vertex 57.6 29.6 -13.7
      vertex 60 32 -13.7
    endloop
  endfacet
  facet normal 0 0 -1
    outer loop
      vertex 1.2 29.6 -13.7
      vertex 60 32 -13.7
      vertex 57.6 29.6 -13.7
    endloop
  endfacet
  facet normal 0 0 1
    outer loop
      vertex -60 32 13.7
      vertex 60 -32 13.7
      vertex 60 32 13.7
    endloop
  endfacet
  facet normal 0 1 0
    outer loop
      vertex -60 32 13.7
      vertex 60 32 13.7
      vertex 60 32 -13.7
    endloop
  endfacet
  facet normal 1 0 0
    outer loop
      vertex 60 -32 13.7
      vertex 60 32 -13.7
      vertex 60 32 13.7
    endloop
  endfacet
  facet normal 0 1 0
    outer loop
      vertex -57.6 -29.6 -13.7
      vertex -57.6 -29.6 11.299999999999999
      vertex -1.2 -29.6 -13.7
    endloop
  endfacet
  facet normal 0 0 -1
    outer loop
      vertex -57.6 -29.6 11.299999999999999
      vertex -44.88749537616968 -9.75 11.299999999999999
      vertex -37.75 -16.88749537616968 11.299999999999999
    endloop
  endfacet
  facet normal 0 0 -1
    outer loop
      vertex -57.6 -29.6 11.299999999999999
      vertex -37.75 -16.88749537616968 11.299999999999999
      vertex -28 -19.5 11.299999999999999
    endloop
  endfacet
  facet normal 1 0 0
    outer loop
      vertex -57.6 -29.6 -13.7
      vertex -57.6 29.6 11.299999999999999
      vertex -57.6 -29.6 11.299999999999999
    endloop
  endfacet
  facet normal 0 0 -1
    outer loop
      vertex -57.6 -29.6 11.299999999999999
      vertex -47.5 0 11.299999999999999
      vertex -44.88749537616968 -9.75 11.299999999999999
    endloop
  endfacet
  facet normal 0 0 -1
    outer loop
      vertex -37.75 -16.88749537616968 11.299999999999999
      vertex -44.88749537616968 -9.75 11.299999999999999
      vertex -36.485281370580196 -8.485281370580196 11.299999999999999
    endloop
  endfacet
  facet normal 0 0 -1
    outer loop
      vertex -44.88749537616968 -9.75 11.299999999999999
      vertex -37.022077687084675 -7.912149779498577 11.299999999999999
      vertex -36.485281370580196 -8.485281370580196 11.299999999999999
    endloop
  endfacet
  facet normal 0 0 -1
    outer loop
      vertex -44.88749537616968 -9.75 11.299999999999999
      vertex -37.4238885641098 -7.4225418120622635 11.299999999999999
      vertex -37.022077687084675 -7.912149779498577 11.299999999999999
    endloop
  endfacet
  facet normal 0 0 -1
    outer loop
      vertex -37.75 -16.88749537616968 11.299999999999999
      vertex -32.45005599409342 -11.140054054558277 11.299999999999999
      vertex -31.85727358609438 -11.36316155642271 11.299999999999999
    endloop
  endfacet
  facet normal 0 0 -1
    outer loop
      vertex -37.75 -16.88749537616968 11.299999999999999
      vertex -31.105828538537025 -11.591109916567802 11.299999999999999
      vertex -28 -19.5 11.299999999999999
    endloop
  endfacet
  facet normal 0 0 -1
    outer loop
      vertex -37.75 -16.88749537616968 11.299999999999999
      vertex -31.85727358609438 -11.36316155642271 11.299999999999999
      vertex -31.105828538537025 -11.591109916567802 11.299999999999999
    endloop
  endfacet
  facet normal 0 0 -1
    outer loop
      vertex -37.75 -16.88749537616968 11.299999999999999
      vertex -36.485281370580196 -8.485281370580196 11.299999999999999
      vertex -35.91214977949858 -9.022077687084675 11.299999999999999
    endloop
  endfacet
  facet normal 0 0 -1
    outer loop
      vertex -37.75 -16.88749537616968 11.299999999999999
      vertex -35.91214977949858 -9.022077687084675 11.299999999999999
      vertex -35.42254181206226 -9.423888564109802 11.299999999999999
    endloop
  endfacet
  facet normal 0 0 -1
    outer loop
      vertex -44.88749537616968 -9.75 11.299999999999999
      vertex -47.5 0 11.299999999999999
      vertex -39.5911099165678 -3.1058285385370255 11.299999999999999
    endloop
  endfacet
  facet normal 0 0 -1
    outer loop
      vertex -44.88749537616968 -9.75 11.299999999999999
      vertex -39.5911099165678 -3.1058285385370255 11.299999999999999
      vertex -39.36316155642271 -3.8572735860943794 11.299999999999999
    endloop
  endfacet
  facet normal 0 0 -1
    outer loop
      vertex -44.88749537616968 -9.75 11.299999999999999
      vertex -39.36316155642271 -3.8572735860943794 11.299999999999999
      vertex -39.14005405455828 -4.450055994093418 11.299999999999999
    endloop
  endfacet
  facet normal 0 0 -1
    outer loop
      vertex -47.5 0 11.299999999999999
      vertex -39.76942336559296 -2.341083861887455 11.299999999999999
      vertex -39.5911099165678 -3.1058285385370255 11.299999999999999
    endloop
  endfacet
  facet normal 0 0 -1
    outer loop
      vertex -47.5 0 11.299999999999999
      vertex -39.87259780615568 -1.7161654829978943 11.299999999999999
      vertex -39.76942336559296 -2.341083861887455 11.299999999999999
    endloop
  endfacet
  facet normal 0 1 0
    outer loop
      vertex -1.2 -29.6 -13.7
      vertex -57.6 -29.6 11.299999999999999
      vertex -1.2 -29.6 11.299999999999999
    endloop
  endfacet
  facet normal 0 0 -1
    outer loop
      vertex -57.6 -29.6 11.299999999999999
      vertex -28 -19.5 11.299999999999999
      vertex -1.2 -29.6 11.299999999999999
    endloop
  endfacet
  facet normal 0 0 -1
    outer loop
      vertex -1.2 -29.6 11.299999999999999
      vertex -28 -19.5 11.299999999999999
      vertex -18.25 -16.88749537616968 11.299999999999999
    endloop
  endfacet
  facet normal 0 0 -1
    outer loop
      vertex -1.2 -29.6 11.299999999999999
      vertex -18.25 -16.88749537616968 11.299999999999999
      vertex -20.577458187937737 -9.423888564109802 11.299999999999999
    endloop
  endfacet
  facet normal 0 0 -1
    outer loop
      vertex -1.2 -29.6 11.299999999999999
      vertex -20.577458187937737 -9.423888564109802 11.299999999999999
      vertex -20.087850220501423 -9.022077687084675 11.299999999999999
    endloop
  endfacet
  facet normal 0 0 -1
    outer loop
      vertex -30.341083861887455 -11.769423365592957 11.299999999999999
      vertex -28 -19.5 11.299999999999999
      vertex -31.105828538537025 -11.591109916567802 11.299999999999999
    endloop
  endfacet
  facet normal 0 0 -1
    outer loop
      vertex -29.716165482997894 -11.872597806155682 11.299999999999999
      vertex -28 -19.5 11.299999999999999
      vertex -30.341083861887455 -11.769423365592957 11.299999999999999
    endloop
  endfacet
  facet normal 0 0 -1
    outer loop
      vertex -28 -19.5 11.299999999999999
      vertex -26.283834517002106 -11.872597806155682 11.299999999999999
      vertex -25.658916138112545 -11.769423365592957 11.299999999999999
    endloop
  endfacet
  facet normal 0 0 -1
    outer loop
      vertex -28 -19.5 11.299999999999999
      vertex -25.658916138112545 -11.769423365592957 11.299999999999999
      vertex -24.894171461462975 -11.591109916567802 11.299999999999999
    endloop
  endfacet
  facet normal 0 0 -1
    outer loop
      vertex -28 -19.5 11.299999999999999
      vertex -24.894171461462975 -11.591109916567802 11.299999999999999
      vertex -18.25 -16.88749537616968 11.299999999999999
    endloop
  endfacet
  facet normal 0 0 -1
    outer loop
      vertex -24.14272641390562 -11.36316155642271 11.299999999999999
      vertex -18.25 -16.88749537616968 11.299999999999999
      vertex -24.894171461462975 -11.591109916567802 11.299999999999999
    endloop
  endfacet
  facet normal 0 0 -1
    outer loop
      vertex -18.25 -16.88749537616968 11.299999999999999
      vertex -24.14272641390562 -11.36316155642271 11.299999999999999
      vertex -23.549944005906582 -11.140054054558277 11.299999999999999
    endloop
  endfacet
  facet normal 0 0 -1
    outer loop
      vertex -18.576111435890198 -7.4225418120622635 11.299999999999999
      vertex -11.112504623830318 -9.75 11.299999999999999
      vertex -18.977922312915325 -7.912149779498577 11.299999999999999
    endloop
  endfacet
  facet normal 0 0 -1
    outer loop
      vertex -1.2 -29.6 11.299999999999999
      vertex -20.087850220501423 -9.022077687084675 11.299999999999999
      vertex -19.514718629419804 -8.485281370580196 11.299999999999999
    endloop
  endfacet
  facet normal 0 0 -1
    outer loop
      vertex -1.2 -29.6 11.299999999999999
      vertex -19.514718629419804 -8.485281370580196 11.299999999999999
      vertex -18.977922312915325 -7.912149779498577 11.299999999999999
    endloop
  endfacet
  facet normal 0 0 -1
    outer loop
      vertex -1.2 -29.6 11.299999999999999
      vertex -18.977922312915325 -7.912149779498577 11.299999999999999
      vertex -11.112504623830318 -9.75 11.299999999999999
    endloop
  endfacet
  facet normal 0 0 -1
    outer loop
      vertex -1.2 -29.6 11.299999999999999
      vertex -11.112504623830318 -9.75 11.299999999999999
      vertex -8.5 0 11.299999999999999
    endloop
  endfacet
  facet normal 0 0 -1
    outer loop
      vertex -11.112504623830318 -9.75 11.299999999999999
      vertex -16.859945945441723 -4.450055994093418 11.299999999999999
      vertex -16.63683844357729 -3.8572735860943794 11.299999999999999
    endloop
  endfacet
  facet normal 0 0 -1
    outer loop
      vertex -11.112504623830318 -9.75 11.299999999999999
      vertex -16.63683844357729 -3.8572735860943794 11.299999999999999
      vertex -16.408890083432198 -3.1058285385370255 11.299999999999999
    endloop
  endfacet
  facet normal 0 0 -1
    outer loop
      vertex -11.112504623830318 -9.75 11.299999999999999
      vertex -16.408890083432198 -3.1058285385370255 11.299999999999999
      vertex -8.5 0 11.299999999999999
    endloop
  endfacet
  facet normal 0 0 -1
    outer loop
      vertex -16.230576634407043 -2.341083861887455 11.299999999999999
      vertex -8.5 0 11.299999999999999
      vertex -16.408890083432198 -3.1058285385370255 11.299999999999999
    endloop
  endfacet
  facet normal 0 0 -1
    outer loop
      vertex -16.12740219384432 -1.7161654829978943 11.299999999999999
      vertex -8.5 0 11.299999999999999
      vertex -16.230576634407043 -2.341083861887455 11.299999999999999
    endloop
  endfacet
  facet normal 1 0 0
    outer loop
      vertex -57.6 -29.6 -13.7
      vertex -57.6 29.6 -13.7
      vertex -57.6 29.6 11.299999999999999
    endloop
  endfacet
  facet normal 0 -1 -1.4210854715202004e-16
    outer loop
      vertex -57.6 29.6 -13.7
      vertex -1.2 29.6 -13.7
      vertex -1.2 29.599999999999998 11.299999999999999
    endloop
  endfacet
  facet normal 0 0 -1
    outer loop
      vertex -57.6 -29.6 11.299999999999999
      vertex -57.6 29.6 11.299999999999999
      vertex -47.5 0 11.299999999999999
    endloop
  endfacet
  facet normal 0 0 -1
    outer loop
      vertex -57.6 29.6 11.299999999999999
      vertex -44.88749537616968 9.75 11.299999999999999
      vertex -47.5 0 11.299999999999999
    endloop
  endfacet
  facet normal 0 0 -1
    outer loop
      vertex -57.6 29.6 11.299999999999999
      vertex -37.022077687084675 7.912149779498577 11.299999999999999
      vertex -44.88749537616968 9.75 11.299999999999999
    endloop
  endfacet
  facet normal 0 0 -1
    outer loop
      vertex -47.5 0 11.299999999999999
      vertex -39.76942336559296 2.341083861887455 11.299999999999999
      vertex -39.87259780615568 1.7161654829978943 11.299999999999999
    endloop
  endfacet
  facet normal 0 0 -1
    outer loop
      vertex -47.5 0 11.299999999999999
      vertex -39.5911099165678 3.1058285385370255 11.299999999999999
      vertex -39.76942336559296 2.341083861887455 11.299999999999999
    endloop
  endfacet
  facet normal 0 0 -1
    outer loop
      vertex -47.5 0 11.299999999999999
      vertex -44.88749537616968 9.75 11.299999999999999
      vertex -39.5911099165678 3.1058285385370255 11.299999999999999
    endloop
  endfacet
  facet normal 0 0 -1
    outer loop
      vertex -39.5911099165678 3.1058285385370255 11.299999999999999
      vertex -44.88749537616968 9.75 11.299999999999999
      vertex -39.36316155642271 3.8572735860943794 11.299999999999999
    endloop
  endfacet
  facet normal 0 0 -1
    outer loop
      vertex -39.36316155642271 3.8572735860943794 11.299999999999999
      vertex -44.88749537616968 9.75 11.299999999999999
      vertex -39.14005405455828 4.450055994093418 11.299999999999999
    endloop
  endfacet
  facet normal 0 0 -1
    outer loop
      vertex -44.88749537616968 9.75 11.299999999999999
      vertex -37.022077687084675 7.912149779498577 11.299999999999999
      vertex -37.4238885641098 7.4225418120622635 11.299999999999999
    endloop
  endfacet
  facet normal 0 0 -1
    outer loop
      vertex -57.6 29.6 11.299999999999999
      vertex -36.485281370580196 8.485281370580196 11.299999999999999
      vertex -37.022077687084675 7.912149779498577 11.299999999999999
    endloop
  endfacet
  facet normal 0 0 -1
    outer loop
      vertex -36.485281370580196 8.485281370580196 11.299999999999999
      vertex -37.75 16.88749537616968 11.299999999999999
      vertex -35.91214977949858 9.022077687084675 11.299999999999999
    endloop
  endfacet
  facet normal 0 0 -1
    outer loop
      vertex -35.91214977949858 9.022077687084675 11.299999999999999
      vertex -37.75 16.88749537616968 11.299999999999999
      vertex -35.42254181206226 9.423888564109802 11.299999999999999
    endloop
  endfacet
  facet normal 0 0 -1
    outer loop
      vertex -32.45005599409342 11.140054054558277 11.299999999999999
      vertex -37.75 16.88749537616968 11.299999999999999
      vertex -31.85727358609438 11.36316155642271 11.299999999999999
    endloop
  endfacet
  facet normal 0 0 -1
    outer loop
      vertex -31.85727358609438 11.36316155642271 11.299999999999999
      vertex -37.75 16.88749537616968 11.299999999999999
      vertex -31.105828538537025 11.591109916567802 11.299999999999999
    endloop
  endfacet
  facet normal 0 0 -1
    outer loop
      vertex -37.75 16.88749537616968 11.299999999999999
      vertex -28 19.5 11.299999999999999
      vertex -31.105828538537025 11.591109916567802 11.299999999999999
    endloop
  endfacet
  facet normal -6.299137728369683e-17 -1 0
    outer loop
      vertex -57.6 29.6 -13.7
      vertex -1.2 29.599999999999998 11.299999999999999
      vertex -57.6 29.6 11.299999999999999
    endloop
  endfacet
  facet normal 0 0 -1
    outer loop
      vertex -57.6 29.6 11.299999999999999
      vertex -37.75 16.88749537616968 11.299999999999999
      vertex -36.485281370580196 8.485281370580196 11.299999999999999
    endloop
  endfacet
  facet normal 0 0 -1
    outer loop
      vertex -57.6 29.6 11.299999999999999
      vertex -28 19.5 11.299999999999999
      vertex -37.75 16.88749537616968 11.299999999999999
    endloop
  endfacet
  facet normal 0 0 -1
    outer loop
      vertex -31.105828538537025 11.591109916567802 11.299999999999999
      vertex -28 19.5 11.299999999999999
      vertex -30.341083861887455 11.769423365592957 11.299999999999999
    endloop
  endfacet
  facet normal 0 0 -1
    outer loop
      vertex -30.341083861887455 11.769423365592957 11.299999999999999
      vertex -28 19.5 11.299999999999999
      vertex -29.716165482997894 11.872597806155682 11.299999999999999
    endloop
  endfacet
  facet normal 0 0 -1
    outer loop
      vertex -26.283834517002106 11.872597806155682 11.299999999999999
      vertex -28 19.5 11.299999999999999
      vertex -25.658916138112545 11.769423365592957 11.299999999999999
    endloop
  endfacet
  facet normal 0 0 -1
    outer loop
      vertex -25.658916138112545 11.769423365592957 11.299999999999999
      vertex -28 19.5 11.299999999999999
      vertex -24.894171461462975 11.591109916567802 11.299999999999999
    endloop
  endfacet
  facet normal 0 0 -1
    outer loop
      vertex -28 19.5 11.299999999999999
      vertex -18.25 16.88749537616968 11.299999999999999
      vertex -24.894171461462975 11.591109916567802 11.299999999999999
    endloop
  endfacet
  facet normal 0 0 -1
    outer loop
      vertex -20.087850220501423 9.022077687084675 11.299999999999999
      vertex -18.25 16.88749537616968 11.299999999999999
      vertex -19.514718629419804 8.485281370580196 11.299999999999999
    endloop
  endfacet
  facet normal 0 0 -1
    outer loop
      vertex -20.577458187937737 9.423888564109802 11.299999999999999
      vertex -18.25 16.88749537616968 11.299999999999999
      vertex -20.087850220501423 9.022077687084675 11.299999999999999
    endloop
  endfacet
  facet normal 0 0 -1
    outer loop
      vertex -18.977922312915325 7.912149779498577 11.299999999999999
      vertex -11.112504623830318 9.75 11.299999999999999
      vertex -18.576111435890198 7.4225418120622635 11.299999999999999
    endloop
  endfacet
  facet normal 0 0 -1
    outer loop
      vertex -19.514718629419804 8.485281370580196 11.299999999999999
      vertex -11.112504623830318 9.75 11.299999999999999
      vertex -18.977922312915325 7.912149779498577 11.299999999999999
    endloop
  endfacet
  facet normal 0 0 -1
    outer loop
      vertex -11.112504623830318 9.75 11.299999999999999
      vertex -19.514718629419804 8.485281370580196 11.299999999999999
      vertex -18.25 16.88749537616968 11.299999999999999
    endloop
  endfacet
  facet normal 0 0 -1
    outer loop
      vertex -24.894171461462975 11.591109916567802 11.299999999999999
      vertex -18.25 16.88749537616968 11.299999999999999
      vertex -24.14272641390562 11.36316155642271 11.299999999999999
    endloop
  endfacet
  facet normal 0 0 -1
    outer loop
      vertex -24.14272641390562 11.36316155642271 11.299999999999999
      vertex -18.25 16.88749537616968 11.299999999999999
      vertex -23.549944005906582 11.140054054558277 11.299999999999999
    endloop
  endfacet
  facet normal 0 0 -1
    outer loop
      vertex -16.230576634407043 2.341083861887455 11.299999999999999
      vertex -8.5 0 11.299999999999999
      vertex -16.12740219384432 1.7161654829978943 11.299999999999999
    endloop
  endfacet
  facet normal 0 0 -1
    outer loop
      vertex -16.408890083432198 3.1058285385370255 11.299999999999999
      vertex -8.5 0 11.299999999999999
      vertex -16.230576634407043 2.341083861887455 11.299999999999999
    endloop
  endfacet
  facet normal 0 0 -1
    outer loop
      vertex -16.63683844357729 3.8572735860943794 11.299999999999999
      vertex -11.112504623830318 9.75 11.299999999999999
      vertex -16.408890083432198 3.1058285385370255 11.299999999999999
    endloop
  endfacet
  facet normal 0 0 -1
    outer loop
      vertex -11.112504623830318 9.75 11.299999999999999
      vertex -8.5 0 11.299999999999999
      vertex -16.408890083432198 3.1058285385370255 11.299999999999999
    endloop
  endfacet
  facet normal 0 0 -1
    outer loop
      vertex -16.859945945441723 4.450055994093418 11.299999999999999
      vertex -11.112504623830318 9.75 11.299999999999999
      vertex -16.63683844357729 3.8572735860943794 11.299999999999999
    endloop
  endfacet
  facet normal 0 0 -1
    outer loop
      vertex -1.2 -29.6 11.299999999999999
      vertex -8.5 0 11.299999999999999
      vertex -1.2 29.599999999999998 11.299999999999999
    endloop
  endfacet
  facet normal 0 0 -1
    outer loop
      vertex -1.2 29.599999999999998 11.299999999999999
      vertex -8.5 0 11.299999999999999
      vertex -11.112504623830318 9.75 11.299999999999999
    endloop
  endfacet
  facet normal 0 0 -1
    outer loop
      vertex -1.2 29.599999999999998 11.299999999999999
      vertex -18.25 16.88749537616968 11.299999999999999
      vertex -28 19.5 11.299999999999999
    endloop
  endfacet
  facet normal 0 0 -1
    outer loop
      vertex -57.6 29.6 11.299999999999999
      vertex -1.2 29.599999999999998 11.299999999999999
      vertex -28 19.5 11.299999999999999
    endloop
  endfacet
  facet normal 0 0 -1
    outer loop
      vertex -1.2 29.599999999999998 11.299999999999999
      vertex -11.112504623830318 9.75 11.299999999999999
      vertex -18.25 16.88749537616968 11.299999999999999
    endloop
  endfacet
  facet normal 0 1 -1.4210854715202004e-16
    outer loop
      vertex 1.2 -29.6 -13.7
      vertex 1.2 -29.599999999999998 11.299999999999999
      vertex 57.6 -29.6 -13.7
    endloop
  endfacet
  facet normal -1 0 0
    outer loop
      vertex 57.6 -29.6 -13.7
      vertex 57.6 -29.6 11.299999999999999
      vertex 57.6 29.6 -13.7
    endloop
  endfacet
  facet normal 0 0 -1
    outer loop
      vertex 1.2 -29.599999999999998 11.299999999999999
      vertex 10.062545173033264 -8.845773804050205 11.299999999999999
      vertex 10.67949192328528 -10.000000001776993 11.299999999999999
    endloop
  endfacet
  facet normal 0 0 -1
    outer loop
      vertex 1.2 -29.599999999999998 11.299999999999999
      vertex 14.813083694246284 -15.036796148864575 11.299999999999999
      vertex 15.8247714202412 -15.867066809356617 11.299999999999999
    endloop
  endfacet
  facet normal 0 0 -1
    outer loop
      vertex 1.2 -29.599999999999998 11.299999999999999
      vertex 19.15422619378709 -17.93745483103886 11.299999999999999
      vertex 20.346331349431672 -18.47759065163176 11.299999999999999
    endloop
  endfacet
  facet normal 0 0 -1
    outer loop
      vertex 1.2 -29.599999999999998 11.299999999999999
      vertex 20.346331349431672 -18.47759065163176 11.299999999999999
      vertex 21.57121069643212 -18.938602592794247 11.299999999999999
    endloop
  endfacet
  facet normal 0 0 -1
    outer loop
      vertex 1.2 -29.599999999999998 11.299999999999999
      vertex 16.888595340190896 -16.629392247830776 11.299999999999999
      vertex 18 -17.32050807568877 11.299999999999999
    endloop
  endfacet
  facet normal 0 0 -1
    outer loop
      vertex 1.2 -29.599999999999998 11.299999999999999
      vertex 18 -17.32050807568877 11.299999999999999
      vertex 19.15422619378709 -17.93745483103886 11.299999999999999
    endloop
  endfacet
  facet normal 0 0 -1
    outer loop
      vertex 1.2 -29.599999999999998 11.299999999999999
      vertex 15.8247714202412 -15.867066809356617 11.299999999999999
      vertex 16.888595340190896 -16.629392247830776 11.299999999999999
    endloop
  endfacet
  facet normal 0 0 -1
    outer loop
      vertex 1.2 -29.599999999999998 11.299999999999999
      vertex 12.963203853742936 -13.186916302959691 11.299999999999999
      vertex 13.857864377422496 -14.142135620776425 11.299999999999999
    endloop
  endfacet
  facet normal 0 0 -1
    outer loop
      vertex 1.2 -29.599999999999998 11.299999999999999
      vertex 12.132933192229071 -12.175228579159667 11.299999999999999
      vertex 12.963203853742936 -13.186916302959691 11.299999999999999
    endloop
  endfacet
  facet normal 0 0 -1
    outer loop
      vertex 1.2 -29.599999999999998 11.299999999999999
      vertex 13.857864377422496 -14.142135620776425 11.299999999999999
      vertex 14.813083694246284 -15.036796148864575 11.299999999999999
    endloop
  endfacet
  facet normal 0 0 -1
    outer loop
      vertex 1.2 -29.599999999999998 11.299999999999999
      vertex 11.370607758458508 -11.111404658926476 11.299999999999999
      vertex 12.132933192229071 -12.175228579159667 11.299999999999999
    endloop
  endfacet
  facet normal 0 0 -1
    outer loop
      vertex 1.2 -29.599999999999998 11.299999999999999
      vertex 10.67949192328528 -10.000000001776993 11.299999999999999
      vertex 11.370607758458508 -11.111404658926476 11.299999999999999
    endloop
  endfacet
  facet normal 0 0 -1
    outer loop
      vertex 1.2 -29.599999999999998 11.299999999999999
      vertex 30.04478116696217 -19.884618011151968 11.299999999999999
      vertex 57.6 -29.6 11.299999999999999
    endloop
  endfacet
  facet normal 0 0 -1
    outer loop
      vertex 1.2 -29.599999999999998 11.299999999999999
      vertex 21.57121069643212 -18.938602592794247 11.299999999999999
      vertex 22.823619099931555 -19.31851652330519 11.299999999999999
    endloop
  endfacet
  facet normal 0 0 -1
    outer loop
      vertex 1.2 -29.599999999999998 11.299999999999999
      vertex 22.823619099931555 -19.31851652330519 11.299999999999999
      vertex 24.098193557186267 -19.61570560566641 11.299999999999999
    endloop
  endfacet
  facet normal 0 0 -1
    outer loop
      vertex 1.2 -29.599999999999998 11.299999999999999
      vertex 24.098193557186267 -19.61570560566641 11.299999999999999
      vertex 25.389476157450876 -19.828897228654316 11.299999999999999
    endloop
  endfacet
  facet normal 0 0 -1
    outer loop
      vertex 1.2 -29.599999999999998 11.299999999999999
      vertex 25.389476157450876 -19.828897228654316 11.299999999999999
      vertex 26.69193741441165 -19.95717846013402 11.299999999999999
    endloop
  endfacet
  facet normal 0 0 -1
    outer loop
      vertex 1.2 -29.599999999999998 11.299999999999999
      vertex 26.69193741441165 -19.95717846013402 11.299999999999999
      vertex 27.99999999897405 -20.000000001776993 11.299999999999999
    endloop
  endfacet
  facet normal 0 0 -1
    outer loop
      vertex 1.2 -29.599999999999998 11.299999999999999
      vertex 27.99999999897405 -20.000000001776993 11.299999999999999
      vertex 29.30806258304498 -19.957178461414095 11.299999999999999
    endloop
  endfacet
  facet normal 0 0 -1
    outer loop
      vertex 1.2 -29.599999999999998 11.299999999999999
      vertex 29.30806258304498 -19.957178461414095 11.299999999999999
      vertex 30.04478116696217 -19.884618011151968 11.299999999999999
    endloop
  endfacet
  facet normal 0 0 -1
    outer loop
      vertex 1.2 -29.599999999999998 11.299999999999999
      vertex 9.522409348094257 -7.653668648895517 11.299999999999999
      vertex 10.062545173033264 -8.845773804050205 11.299999999999999
    endloop
  endfacet
  facet normal 0 0 -1
    outer loop
      vertex 1.2 -29.599999999999998 11.299999999999999
      vertex 9.061397411048794 -6.428789310090377 11.299999999999999
      vertex 9.522409348094257 -7.653668648895517 11.299999999999999
    endloop
  endfacet
  facet normal 0 0 -1
    outer loop
      vertex 1.2 -29.599999999999998 11.299999999999999
      vertex 8.681483479155126 -5.176380900727685 11.299999999999999
      vertex 9.061397411048794 -6.428789310090377 11.299999999999999
    endloop
  endfacet
  facet normal 0 0 -1
    outer loop
      vertex 1.2 -29.599999999999998 11.299999999999999
      vertex 8.384294390745328 -3.9018064363595006 11.299999999999999
      vertex 8.681483479155126 -5.176380900727685 11.299999999999999
    endloop
  endfacet
  facet normal 0 0 -1
    outer loop
      vertex 1.2 -29.599999999999998 11.299999999999999
      vertex 1.2 29.6 11.299999999999999
      vertex 8.384294390745328 -3.9018064363595006 11.299999999999999
    endloop
  endfacet
  facet normal 6.299137728369683e-17 1 0
    outer loop
      vertex 57.6 -29.6 -13.7
      vertex 1.2 -29.599999999999998 11.299999999999999
      vertex 57.6 -29.6 11.299999999999999
    endloop
  endfacet
  facet normal 0 0 -1
    outer loop
      vertex 57.6 -29.6 11.299999999999999
      vertex 27.76743371814285 -18.80281662226443 11.299999999999999
      vertex 26.856081890263766 -18.236101642743538 11.299999999999999
    endloop
  endfacet
  facet normal 0 0 -1
    outer loop
      vertex 57.6 -29.6 11.299999999999999
      vertex 24.37088250506687 -16.19655121188642 11.299999999999999
      vertex 23.637260871605307 -15.413271366360748 11.299999999999999
    endloop
  endfacet
  facet normal 0 0 -1
    outer loop
      vertex 57.6 -29.6 11.299999999999999
      vertex 25.983746283183756 -17.610994779826303 11.299999999999999
      vertex 25.154162344128018 -16.930172843806464 11.299999999999999
    endloop
  endfacet
  facet normal 0 0 -1
    outer loop
      vertex 57.6 -29.6 11.299999999999999
      vertex 26.856081890263766 -18.236101642743538 11.299999999999999
      vertex 25.983746283183756 -17.610994779826303 11.299999999999999
    endloop
  endfacet
  facet normal 0 0 -1
    outer loop
      vertex 57.6 -29.6 11.299999999999999
      vertex 25.154162344128018 -16.930172843806464 11.299999999999999
      vertex 24.37088250506687 -16.19655121188642 11.299999999999999
    endloop
  endfacet
  facet normal 0 0 -1
    outer loop
      vertex 57.6 -29.6 11.299999999999999
      vertex 21.76461709354989 -12.799999998618082 11.299999999999999
      vertex 21.258720753492533 -11.85353451832728 11.299999999999999
    endloop
  endfacet
  facet normal 0 0 -1
    outer loop
      vertex 57.6 -29.6 11.299999999999999
      vertex 21.258720753492533 -11.85353451832728 11.299999999999999
      vertex 20.815809384043224 -10.8760082879156 11.299999999999999
    endloop
  endfacet
  facet normal 0 0 -1
    outer loop
      vertex 57.6 -29.6 11.299999999999999
      vertex 20.437779587807206 -9.871607230892119 11.299999999999999
      vertex 20.126250162224174 -8.844632336797865 11.299999999999999
    endloop
  endfacet
  facet normal 0 0 -1
    outer loop
      vertex 57.6 -29.6 11.299999999999999
      vertex 20.815809384043224 -10.8760082879156 11.299999999999999
      vertex 20.437779587807206 -9.871607230892119 11.299999999999999
    endloop
  endfacet
  facet normal 0 0 -1
    outer loop
      vertex 57.6 -29.6 11.299999999999999
      vertex 22.956438932850347 -14.583687439274675 11.299999999999999
      vertex 22.331332072072513 -13.711351817101347 11.299999999999999
    endloop
  endfacet
  facet normal 0 0 -1
    outer loop
      vertex 57.6 -29.6 11.299999999999999
      vertex 23.637260871605307 -15.413271366360748 11.299999999999999
      vertex 22.956438932850347 -14.583687439274675 11.299999999999999
    endloop
  endfacet
  facet normal 0 0 -1
    outer loop
      vertex 57.6 -29.6 11.299999999999999
      vertex 22.331332072072513 -13.711351817101347 11.299999999999999
      vertex 21.76461709354989 -12.799999998618082 11.299999999999999
    endloop
  endfacet
  facet normal 0 0 -1
    outer loop
      vertex 57.6 -29.6 11.299999999999999
      vertex 30.04478116696217 -19.884618011151968 11.299999999999999
      vertex 29.69142542795899 -19.751624332131048 11.299999999999999
    endloop
  endfacet
  facet normal 0 0 -1
    outer loop
      vertex 57.6 -29.6 11.299999999999999
      vertex 28.71389919460027 -19.308712963507364 11.299999999999999
      vertex 27.76743371814285 -18.80281662226443 11.299999999999999
    endloop
  endfacet
  facet normal 0 0 -1
    outer loop
      vertex 57.6 -29.6 11.299999999999999
      vertex 29.69142542795899 -19.751624332131048 11.299999999999999
      vertex 28.71389919460027 -19.308712963507364 11.299999999999999
    endloop
  endfacet
  facet normal 0 0 -1
    outer loop
      vertex 57.6 -29.6 11.299999999999999
      vertex 20.126250162224174 -8.844632336797865 11.299999999999999
      vertex 19.882555118210718 -7.799481280397181 11.299999999999999
    endloop
  endfacet
  facet normal 0 0 -1
    outer loop
      vertex 57.6 -29.6 11.299999999999999
      vertex 19.882555118210718 -7.799481280397181 11.299999999999999
      vertex 19.707737986449143 -6.740629554035997 11.299999999999999
    endloop
  endfacet
  facet normal 0 0 -1
    outer loop
      vertex 57.6 -29.6 11.299999999999999
      vertex 19.707737986449143 -6.740629554035997 11.299999999999999
      vertex 19.602547372536648 -5.672611314456796 11.299999999999999
    endloop
  endfacet
  facet normal 0 0 -1
    outer loop
      vertex 57.6 -29.6 11.299999999999999
      vertex 19.602547372536648 -5.672611314456796 11.299999999999999
      vertex 19.5674337108372 -4.600000001143632 11.299999999999999
    endloop
  endfacet
  facet normal 0 0 -1
    outer loop
      vertex 57.6 -29.6 11.299999999999999
      vertex 19.5674337108372 -4.600000001143632 11.299999999999999
      vertex 19.602547373426603 -3.5273886788382787 11.299999999999999
    endloop
  endfacet
  facet normal 0 0 -1
    outer loop
      vertex 57.6 -29.6 11.299999999999999
      vertex 19.602547373426603 -3.5273886788382787 11.299999999999999
      vertex 19.70773798658059 -2.4593704491988375 11.299999999999999
    endloop
  endfacet
  facet normal 0 0 -1
    outer loop
      vertex 57.6 -29.6 11.299999999999999
      vertex 19.70773798658059 -2.4593704491988375 11.299999999999999
      vertex 19.882555114726014 -1.400518714215879 11.299999999999999
    endloop
  endfacet
  facet normal 0 0 -1
    outer loop
      vertex 57.6 -29.6 11.299999999999999
      vertex 19.882555114726014 -1.400518714215879 11.299999999999999
      vertex 20.12625016603383 -0.35536766316519564 11.299999999999999
    endloop
  endfacet
  facet normal 0 0 -1
    outer loop
      vertex 57.6 -29.6 11.299999999999999
      vertex 20.12625016603383 -0.35536766316519564 11.299999999999999
      vertex 20.43777959269824 0.6716072328263244 11.299999999999999
    endloop
  endfacet
  facet normal 0 0 -1
    outer loop
      vertex 57.6 -29.6 11.299999999999999
      vertex 20.43777959269824 0.6716072328263244 11.299999999999999
      vertex 20.81580938030447 1.6760082916739754 11.299999999999999
    endloop
  endfacet
  facet normal 0 0 -1
    outer loop
      vertex 57.6 -29.6 11.299999999999999
      vertex 20.81580938030447 1.6760082916739754 11.299999999999999
      vertex 21.258720755380544 2.6535345213074053 11.299999999999999
    endloop
  endfacet
  facet normal 0 0 -1
    outer loop
      vertex 57.6 -29.6 11.299999999999999
      vertex 21.258720755380544 2.6535345213074053 11.299999999999999
      vertex 21.764617090171086 3.600000001490116 11.299999999999999
    endloop
  endfacet
  facet normal 0 0 -1
    outer loop
      vertex 57.6 -29.6 11.299999999999999
      vertex 21.764617090171086 3.600000001490116 11.299999999999999
      vertex 22.33133207241908 4.5113518191915185 11.299999999999999
    endloop
  endfacet
  facet normal 0 0 -1
    outer loop
      vertex 57.6 -29.6 11.299999999999999
      vertex 22.33133207241908 4.5113518191915185 11.299999999999999
      vertex 22.956438932609213 5.383687436449213 11.299999999999999
    endloop
  endfacet
  facet normal 0 0 -1
    outer loop
      vertex 57.6 -29.6 11.299999999999999
      vertex 22.956438932609213 5.383687436449213 11.299999999999999
      vertex 23.637260871356155 6.213271365327267 11.299999999999999
    endloop
  endfacet
  facet normal 0 0 -1
    outer loop
      vertex 57.6 -29.6 11.299999999999999
      vertex 23.637260871356155 6.213271365327267 11.299999999999999
      vertex 24.370882507001486 6.9965512108408054 11.299999999999999
    endloop
  endfacet
  facet normal 0 0 -1
    outer loop
      vertex 57.6 -29.6 11.299999999999999
      vertex 24.370882507001486 6.9965512108408054 11.299999999999999
      vertex 25.154162342349476 7.7301728415752695 11.299999999999999
    endloop
  endfacet
  facet normal 0 0 -1
    outer loop
      vertex 57.6 -29.6 11.299999999999999
      vertex 25.154162342349476 7.7301728415752695 11.299999999999999
      vertex 25.983746279613236 8.410994783057328 11.299999999999999
    endloop
  endfacet
  facet normal 0 0 -1
    outer loop
      vertex 57.6 -29.6 11.299999999999999
      vertex 25.983746279613236 8.410994783057328 11.299999999999999
      vertex 26.85608189160888 9.036101641108061 11.299999999999999
    endloop
  endfacet
  facet normal 0 0 -1
    outer loop
      vertex 57.6 -29.6 11.299999999999999
      vertex 26.85608189160888 9.036101641108061 11.299999999999999
      vertex 27.767433713817432 9.602816626083074 11.299999999999999
    endloop
  endfacet
  facet normal 0 0 -1
    outer loop
      vertex 57.6 -29.6 11.299999999999999
      vertex 27.767433713817432 9.602816626083074 11.299999999999999
      vertex 28.713899190382946 10.108712959688043 11.299999999999999
    endloop
  endfacet
  facet normal 0 0 -1
    outer loop
      vertex 57.6 -29.6 11.299999999999999
      vertex 28.713899190382946 10.108712959688043 11.299999999999999
      vertex 29.691425424519917 10.551624335589741 11.299999999999999
    endloop
  endfacet
  facet normal 0 0 -1
    outer loop
      vertex 57.6 -29.6 11.299999999999999
      vertex 29.691425424519917 10.551624335589741 11.299999999999999
      vertex 30.695826484270498 10.929654121648078 11.299999999999999
    endloop
  endfacet
  facet normal 0 0 -1
    outer loop
      vertex 57.6 -29.6 11.299999999999999
      vertex 30.695826484270498 10.929654121648078 11.299999999999999
      vertex 31.72280137191236 11.2411835509564 11.299999999999999
    endloop
  endfacet
  facet normal 0 0 -1
    outer loop
      vertex 57.6 -29.6 11.299999999999999
      vertex 31.72280137191236 11.2411835509564 11.299999999999999
      vertex 32.767952432038335 11.484878601422247 11.299999999999999
    endloop
  endfacet
  facet normal 0 0 -1
    outer loop
      vertex 57.6 -29.6 11.299999999999999
      vertex 32.767952432038335 11.484878601422247 11.299999999999999
      vertex 33.82680416112662 11.659695723006141 11.299999999999999
    endloop
  endfacet
  facet normal 0 0 -1
    outer loop
      vertex 57.6 -29.6 11.299999999999999
      vertex 33.82680416112662 11.659695723006141 11.299999999999999
      vertex 34.89482239425343 11.764886340643926 11.299999999999999
    endloop
  endfacet
  facet normal 0 0 -1
    outer loop
      vertex 57.6 -29.6 11.299999999999999
      vertex 34.89482239425343 11.764886340643926 11.299999999999999
      vertex 35.96743371401899 11.799999998618082 11.299999999999999
    endloop
  endfacet
  facet normal 0 0 -1
    outer loop
      vertex 57.6 -29.6 11.299999999999999
      vertex 35.96743371401899 11.799999998618082 11.299999999999999
      vertex 37.04004502987195 11.764886339753973 11.299999999999999
    endloop
  endfacet
  facet normal 0 0 -1
    outer loop
      vertex 57.6 -29.6 11.299999999999999
      vertex 37.04004502987195 11.764886339753973 11.299999999999999
      vertex 38.10806326968907 11.659695729327089 11.299999999999999
    endloop
  endfacet
  facet normal 0 0 -1
    outer loop
      vertex 57.6 -29.6 11.299999999999999
      vertex 38.10806326968907 11.659695729327089 11.299999999999999
      vertex 39.16691499449435 11.484878598454559 11.299999999999999
    endloop
  endfacet
  facet normal 0 0 -1
    outer loop
      vertex 57.6 -29.6 11.299999999999999
      vertex 45.07878553807943 9.036101643488598 11.299999999999999
      vertex 45.95112115161183 8.41099477684607 11.299999999999999
    endloop
  endfacet
  facet normal 0 0 -1
    outer loop
      vertex 57.6 -29.6 11.299999999999999
      vertex 45.95112115161183 8.41099477684607 11.299999999999999
      vertex 46.24297492568829 8.171476569806753 11.299999999999999
    endloop
  endfacet
  facet normal 0 0 -1
    outer loop
      vertex 57.6 -29.6 11.299999999999999
      vertex 39.16691499449435 11.484878598454559 11.299999999999999
      vertex 40.212066055722715 11.241183549873844 11.299999999999999
    endloop
  endfacet
  facet normal 0 0 -1
    outer loop
      vertex 57.6 -29.6 11.299999999999999
      vertex 40.212066055722715 11.241183549873844 11.299999999999999
      vertex 41.23904094526184 10.929654126934725 11.299999999999999
    endloop
  endfacet
  facet normal 0 0 -1
    outer loop
      vertex 57.6 -29.6 11.299999999999999
      vertex 43.22096823374292 10.108712964252424 11.299999999999999
      vertex 44.16743371665274 9.602816619284198 11.299999999999999
    endloop
  endfacet
  facet normal 0 0 -1
    outer loop
      vertex 57.6 -29.6 11.299999999999999
      vertex 41.23904094526184 10.929654126934725 11.299999999999999
      vertex 42.243442006836595 10.551624329150815 11.299999999999999
    endloop
  endfacet
  facet normal 0 0 -1
    outer loop
      vertex 57.6 -29.6 11.299999999999999
      vertex 42.243442006836595 10.551624329150815 11.299999999999999
      vertex 43.22096823374292 10.108712964252424 11.299999999999999
    endloop
  endfacet
  facet normal 0 0 -1
    outer loop
      vertex 57.6 -29.6 11.299999999999999
      vertex 44.16743371665274 9.602816619284198 11.299999999999999
      vertex 45.07878553807943 9.036101643488598 11.299999999999999
    endloop
  endfacet
  facet normal 0 -1 0
    outer loop
      vertex 1.2 29.6 -13.7
      vertex 57.6 29.6 -13.7
      vertex 57.6 29.6 11.299999999999999
    endloop
  endfacet
  facet normal 0 0 -1
    outer loop
      vertex 1.2 29.6 11.299999999999999
      vertex 8.171102770272 -2.6105238438608316 11.299999999999999
      vertex 8.384294390745328 -3.9018064363595006 11.299999999999999
    endloop
  endfacet
  facet normal 0 0 -1
    outer loop
      vertex 1.2 29.6 11.299999999999999
      vertex 8.042821538585905 -1.3080625830449775 11.299999999999999
      vertex 8.171102770272 -2.6105238438608316 11.299999999999999
    endloop
  endfacet
  facet normal 0 0 -1
    outer loop
      vertex 1.2 29.6 11.299999999999999
      vertex 7.999999998223007 1.02594865936112e-9 11.299999999999999
      vertex 8.042821538585905 -1.3080625830449775 11.299999999999999
    endloop
  endfacet
  facet normal 0 0 -1
    outer loop
      vertex 1.2 29.6 11.299999999999999
      vertex 8.042821539865983 1.3080625855883503 11.299999999999999
      vertex 7.999999998223007 1.02594865936112e-9 11.299999999999999
    endloop
  endfacet
  facet normal 0 0 -1
    outer loop
      vertex 1.2 29.6 11.299999999999999
      vertex 8.171102771345684 2.6105238425491253 11.299999999999999
      vertex 8.042821539865983 1.3080625855883503 11.299999999999999
    endloop
  endfacet
  facet normal 0 0 -1
    outer loop
      vertex 1.2 29.6 11.299999999999999
      vertex 8.38429439433359 3.9018064428137333 11.299999999999999
      vertex 8.171102771345684 2.6105238425491253 11.299999999999999
    endloop
  endfacet
  facet normal 0 0 -1
    outer loop
      vertex 1.2 29.6 11.299999999999999
      vertex 8.681483476694812 5.176380900068446 11.299999999999999
      vertex 8.38429439433359 3.9018064428137333 11.299999999999999
    endloop
  endfacet
  facet normal 0 0 -1
    outer loop
      vertex 1.2 29.6 11.299999999999999
      vertex 9.061397407205753 6.4287893035678785 11.299999999999999
      vertex 8.681483476694812 5.176380900068446 11.299999999999999
    endloop
  endfacet
  facet normal 0 0 -1
    outer loop
      vertex 1.2 29.6 11.299999999999999
      vertex 9.522409348368239 7.6536686505683305 11.299999999999999
      vertex 9.061397407205753 6.4287893035678785 11.299999999999999
    endloop
  endfacet
  facet normal 0 0 -1
    outer loop
      vertex 1.2 29.6 11.299999999999999
      vertex 10.06254516896114 8.845773806212911 11.299999999999999
      vertex 9.522409348368239 7.6536686505683305 11.299999999999999
    endloop
  endfacet
  facet normal 0 -1 0
    outer loop
      vertex 1.2 29.6 -13.7
      vertex 57.6 29.6 11.299999999999999
      vertex 1.2 29.6 11.299999999999999
    endloop
  endfacet
  facet normal 0 0 -1
    outer loop
      vertex 1.2 29.6 11.299999999999999
      vertex 10.679491924311229 10 11.299999999999999
      vertex 10.06254516896114 8.845773806212911 11.299999999999999
    endloop
  endfacet
  facet normal 0 0 -1
    outer loop
      vertex 1.2 29.6 11.299999999999999
      vertex 11.370607752169224 11.111404659809104 11.299999999999999
      vertex 10.679491924311229 10 11.299999999999999
    endloop
  endfacet
  facet normal 0 0 -1
    outer loop
      vertex 1.2 29.6 11.299999999999999
      vertex 12.132933190643381 12.1752285797588 11.299999999999999
      vertex 11.370607752169224 11.111404659809104 11.299999999999999
    endloop
  endfacet
  facet normal 0 0 -1
    outer loop
      vertex 1.2 29.6 11.299999999999999
      vertex 12.963203851135425 13.186916305753716 11.299999999999999
      vertex 12.132933190643381 12.1752285797588 11.299999999999999
    endloop
  endfacet
  facet normal 0 0 -1
    outer loop
      vertex 1.2 29.6 11.299999999999999
      vertex 13.857864379223575 14.142135622577504 11.299999999999999
      vertex 12.963203851135425 13.186916305753716 11.299999999999999
    endloop
  endfacet
  facet normal 0 0 -1
    outer loop
      vertex 1.2 29.6 11.299999999999999
      vertex 14.813083697040309 15.036796146257064 11.299999999999999
      vertex 13.857864379223575 14.142135622577504 11.299999999999999
    endloop
  endfacet
  facet normal 0 0 -1
    outer loop
      vertex 1.2 29.6 11.299999999999999
      vertex 15.824771420840332 15.867066807770929 11.299999999999999
      vertex 14.813083697040309 15.036796146257064 11.299999999999999
    endloop
  endfacet
  facet normal 0 0 -1
    outer loop
      vertex 1.2 29.6 11.299999999999999
      vertex 16.888595341073525 16.629392241541492 11.299999999999999
      vertex 15.824771420840332 15.867066807770929 11.299999999999999
    endloop
  endfacet
  facet normal 0 0 -1
    outer loop
      vertex 1.2 29.6 11.299999999999999
      vertex 17.999999998223007 17.32050807671472 11.299999999999999
      vertex 16.888595341073525 16.629392241541492 11.299999999999999
    endloop
  endfacet
  facet normal 0 0 -1
    outer loop
      vertex 1.2 29.6 11.299999999999999
      vertex 19.154226195949796 17.937454826966736 11.299999999999999
      vertex 17.999999998223007 17.32050807671472 11.299999999999999
    endloop
  endfacet
  facet normal 0 0 -1
    outer loop
      vertex 1.2 29.6 11.299999999999999
      vertex 20.34633135110448 18.477590651905743 11.299999999999999
      vertex 19.154226195949796 17.937454826966736 11.299999999999999
    endloop
  endfacet
  facet normal 0 0 -1
    outer loop
      vertex 1.2 29.6 11.299999999999999
      vertex 21.571210689909623 18.938602588951206 11.299999999999999
      vertex 20.34633135110448 18.477590651905743 11.299999999999999
    endloop
  endfacet
  facet normal 0 0 -1
    outer loop
      vertex 1.2 29.6 11.299999999999999
      vertex 22.823619099272314 19.318516520844874 11.299999999999999
      vertex 21.571210689909623 18.938602588951206 11.299999999999999
    endloop
  endfacet
  facet normal 0 0 -1
    outer loop
      vertex 1.2 29.6 11.299999999999999
      vertex 57.6 29.6 11.299999999999999
      vertex 22.823619099272314 19.318516520844874 11.299999999999999
    endloop
  endfacet
  facet normal -1 0 0
    outer loop
      vertex 57.6 -29.6 11.299999999999999
      vertex 57.6 29.6 11.299999999999999
      vertex 57.6 29.6 -13.7
    endloop
  endfacet
  facet normal 0 0 -1
    outer loop
      vertex 57.6 -29.6 11.299999999999999
      vertex 46.24297492568829 8.171476569806753 11.299999999999999
      vertex 57.6 29.6 11.299999999999999
    endloop
  endfacet
  facet normal 0 0 -1
    outer loop
      vertex 57.6 29.6 11.299999999999999
      vertex 46.24297492568829 8.171476569806753 11.299999999999999
      vertex 45.937454826966736 8.845773804050205 11.299999999999999
    endloop
  endfacet
  facet normal 0 0 -1
    outer loop
      vertex 57.6 29.6 11.299999999999999
      vertex 24.0981935636405 19.61570560925467 11.299999999999999
      vertex 22.823619099272314 19.318516520844874 11.299999999999999
    endloop
  endfacet
  facet normal 0 0 -1
    outer loop
      vertex 57.6 29.6 11.299999999999999
      vertex 25.389476156139168 19.828897229727996 11.299999999999999
      vertex 24.0981935636405 19.61570560925467 11.299999999999999
    endloop
  endfacet
  facet normal 0 0 -1
    outer loop
      vertex 57.6 29.6 11.299999999999999
      vertex 26.69193741695502 19.957178461414095 11.299999999999999
      vertex 25.389476156139168 19.828897229727996 11.299999999999999
    endloop
  endfacet
  facet normal 0 0 -1
    outer loop
      vertex 57.6 29.6 11.299999999999999
      vertex 28.00000000102595 20.000000001776993 11.299999999999999
      vertex 26.69193741695502 19.957178461414095 11.299999999999999
    endloop
  endfacet
  facet normal 0 0 -1
    outer loop
      vertex 57.6 29.6 11.299999999999999
      vertex 29.30806258558835 19.95717846013402 11.299999999999999
      vertex 28.00000000102595 20.000000001776993 11.299999999999999
    endloop
  endfacet
  facet normal 0 0 -1
    outer loop
      vertex 57.6 29.6 11.299999999999999
      vertex 30.610523842549124 19.828897228654316 11.299999999999999
      vertex 29.30806258558835 19.95717846013402 11.299999999999999
    endloop
  endfacet
  facet normal 0 0 -1
    outer loop
      vertex 57.6 29.6 11.299999999999999
      vertex 33.176380900068445 19.31851652330519 11.299999999999999
      vertex 31.901806442813733 19.61570560566641 11.299999999999999
    endloop
  endfacet
  facet normal 0 0 -1
    outer loop
      vertex 57.6 29.6 11.299999999999999
      vertex 31.901806442813733 19.61570560566641 11.299999999999999
      vertex 30.610523842549124 19.828897228654316 11.299999999999999
    endloop
  endfacet
  facet normal 0 0 -1
    outer loop
      vertex 57.6 29.6 11.299999999999999
      vertex 39.111404659809104 16.629392247830776 11.299999999999999
      vertex 38 17.32050807568877 11.299999999999999
    endloop
  endfacet
  facet normal 0 0 -1
    outer loop
      vertex 57.6 29.6 11.299999999999999
      vertex 38 17.32050807568877 11.299999999999999
      vertex 36.84577380621291 17.93745483103886 11.299999999999999
    endloop
  endfacet
  facet normal 0 0 -1
    outer loop
      vertex 57.6 29.6 11.299999999999999
      vertex 34.42878930356788 18.938602592794247 11.299999999999999
      vertex 33.176380900068445 19.31851652330519 11.299999999999999
    endloop
  endfacet
  facet normal 0 0 -1
    outer loop
      vertex 57.6 29.6 11.299999999999999
      vertex 35.65366865056833 18.47759065163176 11.299999999999999
      vertex 34.42878930356788 18.938602592794247 11.299999999999999
    endloop
  endfacet
  facet normal 0 0 -1
    outer loop
      vertex 57.6 29.6 11.299999999999999
      vertex 36.84577380621291 17.93745483103886 11.299999999999999
      vertex 35.65366865056833 18.47759065163176 11.299999999999999
    endloop
  endfacet
  facet normal 0 0 -1
    outer loop
      vertex 57.6 29.6 11.299999999999999
      vertex 44.629392241541495 11.111404658926476 11.299999999999999
      vertex 43.867066807770925 12.175228579159667 11.299999999999999
    endloop
  endfacet
  facet normal 0 0 -1
    outer loop
      vertex 57.6 29.6 11.299999999999999
      vertex 43.03679614625706 13.186916302959691 11.299999999999999
      vertex 42.142135622577506 14.142135620776425 11.299999999999999
    endloop
  endfacet
  facet normal 0 0 -1
    outer loop
      vertex 57.6 29.6 11.299999999999999
      vertex 43.867066807770925 12.175228579159667 11.299999999999999
      vertex 43.03679614625706 13.186916302959691 11.299999999999999
    endloop
  endfacet
  facet normal 0 0 -1
    outer loop
      vertex 57.6 29.6 11.299999999999999
      vertex 42.142135622577506 14.142135620776425 11.299999999999999
      vertex 41.18691630575371 15.036796148864575 11.299999999999999
    endloop
  endfacet
  facet normal 0 0 -1
    outer loop
      vertex 57.6 29.6 11.299999999999999
      vertex 45.937454826966736 8.845773804050205 11.299999999999999
      vertex 45.32050807671472 10.000000001776993 11.299999999999999
    endloop
  endfacet
  facet normal 0 0 -1
    outer loop
      vertex 57.6 29.6 11.299999999999999
      vertex 45.32050807671472 10.000000001776993 11.299999999999999
      vertex 44.629392241541495 11.111404658926476 11.299999999999999
    endloop
  endfacet
  facet normal 0 0 -1
    outer loop
      vertex 57.6 29.6 11.299999999999999
      vertex 40.1752285797588 15.867066809356617 11.299999999999999
      vertex 39.111404659809104 16.629392247830776 11.299999999999999
    endloop
  endfacet
  facet normal 0 0 -1
    outer loop
      vertex 57.6 29.6 11.299999999999999
      vertex 41.18691630575371 15.036796148864575 11.299999999999999
      vertex 40.1752285797588 15.867066809356617 11.299999999999999
    endloop
  endfacet
  facet normal -1 0 0
    outer loop
      vertex -1.2 -29.6 -13.7
      vertex -1.2 -29.6 11.299999999999999
      vertex -1.2 29.599999999999998 11.299999999999999
    endloop
  endfacet
  facet normal 0 0 -1
    outer loop
      vertex -1.2 -29.6 -13.7
      vertex -1.2 29.6 -13.7
      vertex 1.2 29.6 -13.7
    endloop
  endfacet
  facet normal -1 0 0
    outer loop
      vertex -1.2 -29.6 -13.7
      vertex -1.2 29.599999999999998 11.299999999999999
      vertex -1.2 29.6 -13.7
    endloop
  endfacet
  facet normal 0 0 -1
    outer loop
      vertex -1.2 -29.6 -13.7
      vertex 1.2 29.6 -13.7
      vertex 1.2 -29.6 -13.7
    endloop
  endfacet
  facet normal 1 0 0
    outer loop
      vertex 1.2 -29.6 -13.7
      vertex 1.2 29.6 -13.7
      vertex 1.2 -29.599999999999998 11.299999999999999
    endloop
  endfacet
  facet normal 1 0 0
    outer loop
      vertex 1.2 -29.599999999999998 11.299999999999999
      vertex 1.2 29.6 -13.7
      vertex 1.2 29.6 11.299999999999999
    endloop
  endfacet
  facet normal -0.29770174126542115 0.9546589303240902 0
    outer loop
      vertex -37.4238885641098 -7.4225418120622635 12.5
      vertex -37.4238885641098 -7.4225418120622635 11.299999999999999
      vertex -44.88749537616968 -9.75 11.299999999999999
    endloop
  endfacet
  facet normal -0.29770174126542115 0.9546589303240902 0
    outer loop
      vertex -44.88749537616968 -9.75 12.5
      vertex -37.4238885641098 -7.4225418120622635 12.5
      vertex -44.88749537616968 -9.75 11.299999999999999
    endloop
  endfacet
  facet normal -0.7351467359710717 0.6779080148449931 0
    outer loop
      vertex -32.45005599409342 -11.140054054558277 12.5
      vertex -32.45005599409342 -11.140054054558277 11.299999999999999
      vertex -37.75 -16.88749537616968 11.299999999999999
    endloop
  endfacet
  facet normal 0.9546589303240902 -0.29770174126542115 0
    outer loop
      vertex -37.75 -16.88749537616968 12.5
      vertex -37.75 -16.88749537616968 11.299999999999999
      vertex -35.42254181206226 -9.423888564109802 12.5
    endloop
  endfacet
  facet normal -0.7351467359710717 0.6779080148449931 0
    outer loop
      vertex -37.75 -16.88749537616968 12.5
      vertex -32.45005599409342 -11.140054054558277 12.5
      vertex -37.75 -16.88749537616968 11.299999999999999
    endloop
  endfacet
  facet normal 0 0 -1
    outer loop
      vertex -37.75 -16.88749537616968 12.5
      vertex -35.42254181206226 -9.423888564109802 12.5
      vertex -32.45005599409342 -11.140054054558277 12.5
    endloop
  endfacet
  facet normal 0.9546589303240902 -0.29770174126542115 0
    outer loop
      vertex -35.42254181206226 -9.423888564109802 12.5
      vertex -37.75 -16.88749537616968 11.299999999999999
      vertex -35.42254181206226 -9.423888564109802 11.299999999999999
    endloop
  endfacet
  facet normal 0.6343932863612755 0.7730104515591886 0
    outer loop
      vertex -35.91214977949858 -9.022077687084675 12.5
      vertex -35.42254181206226 -9.423888564109802 11.299999999999999
      vertex -35.91214977949858 -9.022077687084675 11.299999999999999
    endloop
  endfacet
  facet normal 0.7298640709013707 0.6835923039409374 0
    outer loop
      vertex -37.022077687084675 -7.912149779498577 12.5
      vertex -36.485281370580196 -8.485281370580196 11.299999999999999
      vertex -37.022077687084675 -7.912149779498577 11.299999999999999
    endloop
  endfacet
  facet normal 0.6835923039409374 0.7298640709013707 0
    outer loop
      vertex -36.485281370580196 -8.485281370580196 12.5
      vertex -35.91214977949858 -9.022077687084675 11.299999999999999
      vertex -36.485281370580196 -8.485281370580196 11.299999999999999
    endloop
  endfacet
  facet normal 0.352250050395424 0.9359059258261063 0
    outer loop
      vertex -32.45005599409342 -11.140054054558277 12.5
      vertex -31.85727358609438 -11.36316155642271 11.299999999999999
      vertex -32.45005599409342 -11.140054054558277 11.299999999999999
    endloop
  endfacet
  facet normal 0.290284673820602 0.956940336773859 0
    outer loop
      vertex -31.85727358609438 -11.36316155642271 12.5
      vertex -31.105828538537025 -11.591109916567802 11.299999999999999
      vertex -31.85727358609438 -11.36316155642271 11.299999999999999
    endloop
  endfacet
  facet normal 0.22707626272695905 0.9738769793490126 0
    outer loop
      vertex -31.105828538537025 -11.591109916567802 12.5
      vertex -30.341083861887455 -11.769423365592957 11.299999999999999
      vertex -31.105828538537025 -11.591109916567802 11.299999999999999
    endloop
  endfacet
  facet normal 0.16289547130815168 0.9866433324293512 0
    outer loop
      vertex -30.341083861887455 -11.769423365592957 12.5
      vertex -29.716165482997894 -11.872597806155682 11.299999999999999
      vertex -30.341083861887455 -11.769423365592957 11.299999999999999
    endloop
  endfacet
  facet normal 0.7298640709013707 0.6835923039409374 0
    outer loop
      vertex -36.485281370580196 -8.485281370580196 12.5
      vertex -36.485281370580196 -8.485281370580196 11.299999999999999
      vertex -37.022077687084675 -7.912149779498577 12.5
    endloop
  endfacet
  facet normal 0.6835923039409374 0.7298640709013707 0
    outer loop
      vertex -35.91214977949858 -9.022077687084675 12.5
      vertex -35.91214977949858 -9.022077687084675 11.299999999999999
      vertex -36.485281370580196 -8.485281370580196 12.5
    endloop
  endfacet
  facet normal 0.6343932863612755 0.7730104515591886 0
    outer loop
      vertex -35.91214977949858 -9.022077687084675 12.5
      vertex -35.42254181206226 -9.423888564109802 12.5
      vertex -35.42254181206226 -9.423888564109802 11.299999999999999
    endloop
  endfacet
  facet normal 0.352250050395424 0.9359059258261063 0
    outer loop
      vertex -31.85727358609438 -11.36316155642271 12.5
      vertex -31.85727358609438 -11.36316155642271 11.299999999999999
      vertex -32.45005599409342 -11.140054054558277 12.5
    endloop
  endfacet
  facet normal 0.290284673820602 0.956940336773859 0
    outer loop
      vertex -31.85727358609438 -11.36316155642271 12.5
      vertex -31.105828538537025 -11.591109916567802 12.5
      vertex -31.105828538537025 -11.591109916567802 11.299999999999999
    endloop
  endfacet
  facet normal 0.22707626272695905 0.9738769793490126 0
    outer loop
      vertex -31.105828538537025 -11.591109916567802 12.5
      vertex -30.341083861887455 -11.769423365592957 12.5
      vertex -30.341083861887455 -11.769423365592957 11.299999999999999
    endloop
  endfacet
  facet normal 0.6779080148449931 -0.7351467359710717 0
    outer loop
      vertex -39.14005405455828 -4.450055994093418 12.5
      vertex -44.88749537616968 -9.75 11.299999999999999
      vertex -39.14005405455828 -4.450055994093418 11.299999999999999
    endloop
  endfacet
  facet normal 0.9359059258261063 0.352250050395424 0
    outer loop
      vertex -39.36316155642271 -3.8572735860943794 12.5
      vertex -39.14005405455828 -4.450055994093418 11.299999999999999
      vertex -39.36316155642271 -3.8572735860943794 11.299999999999999
    endloop
  endfacet
  facet normal 0.6779080148449931 -0.7351467359710717 0
    outer loop
      vertex -44.88749537616968 -9.75 12.5
      vertex -44.88749537616968 -9.75 11.299999999999999
      vertex -39.14005405455828 -4.450055994093418 12.5
    endloop
  endfacet
  facet normal 0 0 -1
    outer loop
      vertex -44.88749537616968 -9.75 12.5
      vertex -39.14005405455828 -4.450055994093418 12.5
      vertex -37.4238885641098 -7.4225418120622635 12.5
    endloop
  endfacet
  facet normal 0.9359059258261063 0.352250050395424 0
    outer loop
      vertex -39.14005405455828 -4.450055994093418 12.5
      vertex -39.14005405455828 -4.450055994093418 11.299999999999999
      vertex -39.36316155642271 -3.8572735860943794 12.5
    endloop
  endfacet
  facet normal 0.2195121938293733 0.975609756388391 0
    outer loop
      vertex -39.87259780615568 -1.7161654829978943 12.5
      vertex -39.87259780615568 -1.7161654829978943 11.299999999999999
      vertex -47.5 0 11.299999999999999
    endloop
  endfacet
  facet normal 0.956940336773859 0.290284673820602 0
    outer loop
      vertex -39.5911099165678 -3.1058285385370255 12.5
      vertex -39.36316155642271 -3.8572735860943794 11.299999999999999
      vertex -39.5911099165678 -3.1058285385370255 11.299999999999999
    endloop
  endfacet
  facet normal 0.9738769793490126 0.22707626272695905 0
    outer loop
      vertex -39.76942336559296 -2.341083861887455 12.5
      vertex -39.5911099165678 -3.1058285385370255 11.299999999999999
      vertex -39.76942336559296 -2.341083861887455 11.299999999999999
    endloop
  endfacet
  facet normal 0.9866433324293512 0.16289547130815168 0
    outer loop
      vertex -39.87259780615568 -1.7161654829978943 12.5
      vertex -39.76942336559296 -2.341083861887455 11.299999999999999
      vertex -39.87259780615568 -1.7161654829978943 11.299999999999999
    endloop
  endfacet
  facet normal 0.2195121938293733 0.975609756388391 4.733566278811067e-17
    outer loop
      vertex -39.87259780615568 -1.7161654829978943 12.5
      vertex -47.5 0 11.299999999999999
      vertex -47.5 0 12.5
    endloop
  endfacet
  facet normal 0.956940336773859 0.290284673820602 0
    outer loop
      vertex -39.36316155642271 -3.8572735860943794 12.5
      vertex -39.36316155642271 -3.8572735860943794 11.299999999999999
      vertex -39.5911099165678 -3.1058285385370255 12.5
    endloop
  endfacet
  facet normal 0.9738769793490126 0.22707626272695905 0
    outer loop
      vertex -39.5911099165678 -3.1058285385370255 12.5
      vertex -39.5911099165678 -3.1058285385370255 11.299999999999999
      vertex -39.76942336559296 -2.341083861887455 12.5
    endloop
  endfacet
  facet normal 0.9866433324293512 0.16289547130815168 0
    outer loop
      vertex -39.76942336559296 -2.341083861887455 12.5
      vertex -39.76942336559296 -2.341083861887455 11.299999999999999
      vertex -39.87259780615568 -1.7161654829978943 12.5
    endloop
  endfacet
  facet normal 0 0 -1
    outer loop
      vertex -39.36316155642271 -3.8572735860943794 12.5
      vertex -39.5911099165678 -3.1058285385370255 12.5
      vertex -39.36316155642271 3.8572735860943794 12.5
    endloop
  endfacet
  facet normal 0 0 -1
    outer loop
      vertex -39.5911099165678 -3.1058285385370255 12.5
      vertex -39.76942336559296 -2.341083861887455 12.5
      vertex -39.5911099165678 3.1058285385370255 12.5
    endloop
  endfacet
  facet normal 0 0 -1
    outer loop
      vertex -39.76942336559296 -2.341083861887455 12.5
      vertex -39.87259780615568 -1.7161654829978943 12.5
      vertex -39.76942336559296 2.341083861887455 12.5
    endloop
  endfacet
  facet normal 0 0 -1
    outer loop
      vertex -39.14005405455828 -4.450055994093418 12.5
      vertex -39.36316155642271 -3.8572735860943794 12.5
      vertex -39.14005405455828 4.450055994093418 12.5
    endloop
  endfacet
  facet normal 0 0 -1
    outer loop
      vertex -37.4238885641098 -7.4225418120622635 12.5
      vertex -39.14005405455828 -4.450055994093418 12.5
      vertex -37.4238885641098 7.4225418120622635 12.5
    endloop
  endfacet
  facet normal 0.7730104515591886 0.6343932863612755 0
    outer loop
      vertex -37.4238885641098 -7.4225418120622635 12.5
      vertex -37.022077687084675 -7.912149779498577 11.299999999999999
      vertex -37.4238885641098 -7.4225418120622635 11.299999999999999
    endloop
  endfacet
  facet normal 0.7730104515591886 0.6343932863612755 0
    outer loop
      vertex -37.022077687084675 -7.912149779498577 12.5
      vertex -37.022077687084675 -7.912149779498577 11.299999999999999
      vertex -37.4238885641098 -7.4225418120622635 12.5
    endloop
  endfacet
  facet normal 0 0 -1
    outer loop
      vertex -35.91214977949858 -9.022077687084675 12.5
      vertex -26.283834517002106 11.872597806155682 12.5
      vertex -35.42254181206226 -9.423888564109802 12.5
    endloop
  endfacet
  facet normal 0 0 -1
    outer loop
      vertex -32.45005599409342 -11.140054054558277 12.5
      vertex -35.42254181206226 -9.423888564109802 12.5
      vertex -26.283834517002106 11.872597806155682 12.5
    endloop
  endfacet
  facet normal 0 0 -1
    outer loop
      vertex -35.91214977949858 -9.022077687084675 12.5
      vertex -36.485281370580196 -8.485281370580196 12.5
      vertex -26.283834517002106 11.872597806155682 12.5
    endloop
  endfacet
  facet normal 0 0 -1
    outer loop
      vertex -36.485281370580196 -8.485281370580196 12.5
      vertex -37.022077687084675 -7.912149779498577 12.5
      vertex -26.283834517002106 11.872597806155682 12.5
    endloop
  endfacet
  facet normal 0 0 -1
    outer loop
      vertex -37.022077687084675 -7.912149779498577 12.5
      vertex -37.4238885641098 -7.4225418120622635 12.5
      vertex -26.283834517002106 11.872597806155682 12.5
    endloop
  endfacet
  facet normal 0.975609756388391 0.2195121938293733 0
    outer loop
      vertex -28 -19.5 12.5
      vertex -28 -19.5 11.299999999999999
      vertex -29.716165482997894 -11.872597806155682 12.5
    endloop
  endfacet
  facet normal -0.975609756388391 0.2195121938293733 0
    outer loop
      vertex -28 -19.5 12.5
      vertex -26.283834517002106 -11.872597806155682 12.5
      vertex -28 -19.5 11.299999999999999
    endloop
  endfacet
  facet normal 0.975609756388391 0.2195121938293733 0
    outer loop
      vertex -29.716165482997894 -11.872597806155682 12.5
      vertex -28 -19.5 11.299999999999999
      vertex -29.716165482997894 -11.872597806155682 11.299999999999999
    endloop
  endfacet
  facet normal -0.975609756388391 0.2195121938293733 0
    outer loop
      vertex -26.283834517002106 -11.872597806155682 12.5
      vertex -26.283834517002106 -11.872597806155682 11.299999999999999
      vertex -28 -19.5 11.299999999999999
    endloop
  endfacet
  facet normal 0 0 -1
    outer loop
      vertex -28 -19.5 12.5
      vertex -29.716165482997894 -11.872597806155682 12.5
      vertex -26.283834517002106 -11.872597806155682 12.5
    endloop
  endfacet
  facet normal -0.16289547130815168 0.9866433324293512 0
    outer loop
      vertex -26.283834517002106 -11.872597806155682 12.5
      vertex -25.658916138112545 -11.769423365592957 11.299999999999999
      vertex -26.283834517002106 -11.872597806155682 11.299999999999999
    endloop
  endfacet
  facet normal -0.22707626272695905 0.9738769793490126 0
    outer loop
      vertex -25.658916138112545 -11.769423365592957 12.5
      vertex -24.894171461462975 -11.591109916567802 11.299999999999999
      vertex -25.658916138112545 -11.769423365592957 11.299999999999999
    endloop
  endfacet
  facet normal -0.290284673820602 0.956940336773859 0
    outer loop
      vertex -24.894171461462975 -11.591109916567802 12.5
      vertex -24.14272641390562 -11.36316155642271 11.299999999999999
      vertex -24.894171461462975 -11.591109916567802 11.299999999999999
    endloop
  endfacet
  facet normal -0.352250050395424 0.9359059258261063 0
    outer loop
      vertex -24.14272641390562 -11.36316155642271 12.5
      vertex -23.549944005906582 -11.140054054558277 11.299999999999999
      vertex -24.14272641390562 -11.36316155642271 11.299999999999999
    endloop
  endfacet
  facet normal 0.16289547130815168 0.9866433324293512 0
    outer loop
      vertex -30.341083861887455 -11.769423365592957 12.5
      vertex -29.716165482997894 -11.872597806155682 12.5
      vertex -29.716165482997894 -11.872597806155682 11.299999999999999
    endloop
  endfacet
  facet normal -0.16289547130815168 0.9866433324293512 0
    outer loop
      vertex -26.283834517002106 -11.872597806155682 12.5
      vertex -25.658916138112545 -11.769423365592957 12.5
      vertex -25.658916138112545 -11.769423365592957 11.299999999999999
    endloop
  endfacet
  facet normal -0.22707626272695905 0.9738769793490126 0
    outer loop
      vertex -25.658916138112545 -11.769423365592957 12.5
      vertex -24.894171461462975 -11.591109916567802 12.5
      vertex -24.894171461462975 -11.591109916567802 11.299999999999999
    endloop
  endfacet
  facet normal -0.290284673820602 0.956940336773859 0
    outer loop
      vertex -24.894171461462975 -11.591109916567802 12.5
      vertex -24.14272641390562 -11.36316155642271 12.5
      vertex -24.14272641390562 -11.36316155642271 11.299999999999999
    endloop
  endfacet
  facet normal -0.352250050395424 0.9359059258261063 0
    outer loop
      vertex -24.14272641390562 -11.36316155642271 12.5
      vertex -23.549944005906582 -11.140054054558277 12.5
      vertex -23.549944005906582 -11.140054054558277 11.299999999999999
    endloop
  endfacet
  facet normal -0.9546589303240902 -0.29770174126542115 0
    outer loop
      vertex -18.25 -16.88749537616968 12.5
      vertex -20.577458187937737 -9.423888564109802 11.299999999999999
      vertex -18.25 -16.88749537616968 11.299999999999999
    endloop
  endfacet
  facet normal 0.7351467359710717 0.6779080148449931 0
    outer loop
      vertex -23.549944005906582 -11.140054054558277 12.5
      vertex -18.25 -16.88749537616968 11.299999999999999
      vertex -23.549944005906582 -11.140054054558277 11.299999999999999
    endloop
  endfacet
  facet normal 0.7351467359710717 0.6779080148449931 0
    outer loop
      vertex -18.25 -16.88749537616968 12.5
      vertex -18.25 -16.88749537616968 11.299999999999999
      vertex -23.549944005906582 -11.140054054558277 12.5
    endloop
  endfacet
  facet normal 0 0 -1
    outer loop
      vertex -18.25 -16.88749537616968 12.5
      vertex -23.549944005906582 -11.140054054558277 12.5
      vertex -20.577458187937737 -9.423888564109802 12.5
    endloop
  endfacet
  facet normal -0.6343932863612755 0.7730104515591886 0
    outer loop
      vertex -20.577458187937737 -9.423888564109802 12.5
      vertex -20.087850220501423 -9.022077687084675 11.299999999999999
      vertex -20.577458187937737 -9.423888564109802 11.299999999999999
    endloop
  endfacet
  facet normal -0.6835923039409374 0.7298640709013707 0
    outer loop
      vertex -20.087850220501423 -9.022077687084675 12.5
      vertex -19.514718629419804 -8.485281370580196 11.299999999999999
      vertex -20.087850220501423 -9.022077687084675 11.299999999999999
    endloop
  endfacet
  facet normal -0.7298640709013707 0.6835923039409374 0
    outer loop
      vertex -19.514718629419804 -8.485281370580196 12.5
      vertex -18.977922312915325 -7.912149779498577 11.299999999999999
      vertex -19.514718629419804 -8.485281370580196 11.299999999999999
    endloop
  endfacet
  facet normal 0.29770174126542115 0.9546589303240902 0
    outer loop
      vertex -18.576111435890198 -7.4225418120622635 12.5
      vertex -11.112504623830318 -9.75 11.299999999999999
      vertex -18.576111435890198 -7.4225418120622635 11.299999999999999
    endloop
  endfacet
  facet normal -0.9546589303240902 -0.29770174126542115 -8.283740983180633e-17
    outer loop
      vertex -18.25 -16.88749537616968 12.5
      vertex -20.577458187937737 -9.423888564109802 12.5
      vertex -20.577458187937737 -9.423888564109802 11.299999999999999
    endloop
  endfacet
  facet normal -0.6343932863612755 0.7730104515591886 0
    outer loop
      vertex -20.577458187937737 -9.423888564109802 12.5
      vertex -20.087850220501423 -9.022077687084675 12.5
      vertex -20.087850220501423 -9.022077687084675 11.299999999999999
    endloop
  endfacet
  facet normal -0.6835923039409374 0.7298640709013707 0
    outer loop
      vertex -20.087850220501423 -9.022077687084675 12.5
      vertex -19.514718629419804 -8.485281370580196 12.5
      vertex -19.514718629419804 -8.485281370580196 11.299999999999999
    endloop
  endfacet
  facet normal -0.7298640709013707 0.6835923039409374 0
    outer loop
      vertex -19.514718629419804 -8.485281370580196 12.5
      vertex -18.977922312915325 -7.912149779498577 12.5
      vertex -18.977922312915325 -7.912149779498577 11.299999999999999
    endloop
  endfacet
  facet normal 0 0 -1
    outer loop
      vertex -31.105828538537025 -11.591109916567802 12.5
      vertex -23.549944005906582 11.140054054558277 12.5
      vertex -30.341083861887455 -11.769423365592957 12.5
    endloop
  endfacet
  facet normal 0 0 -1
    outer loop
      vertex -30.341083861887455 -11.769423365592957 12.5
      vertex -23.549944005906582 11.140054054558277 12.5
      vertex -29.716165482997894 -11.872597806155682 12.5
    endloop
  endfacet
  facet normal 0 0 -1
    outer loop
      vertex -29.716165482997894 -11.872597806155682 12.5
      vertex -23.549944005906582 11.140054054558277 12.5
      vertex -26.283834517002106 -11.872597806155682 12.5
    endloop
  endfacet
  facet normal 0 0 -1
    outer loop
      vertex -26.283834517002106 -11.872597806155682 12.5
      vertex -23.549944005906582 11.140054054558277 12.5
      vertex -25.658916138112545 -11.769423365592957 12.5
    endloop
  endfacet
  facet normal 0 0 -1
    outer loop
      vertex -25.658916138112545 -11.769423365592957 12.5
      vertex -23.549944005906582 11.140054054558277 12.5
      vertex -24.894171461462975 -11.591109916567802 12.5
    endloop
  endfacet
  facet normal 0 0 -1
    outer loop
      vertex -31.85727358609438 -11.36316155642271 12.5
      vertex -32.45005599409342 -11.140054054558277 12.5
      vertex -23.549944005906582 11.140054054558277 12.5
    endloop
  endfacet
  facet normal 0 0 -1
    outer loop
      vertex -31.85727358609438 -11.36316155642271 12.5
      vertex -23.549944005906582 11.140054054558277 12.5
      vertex -31.105828538537025 -11.591109916567802 12.5
    endloop
  endfacet
  facet normal 0 0 -1
    outer loop
      vertex -24.894171461462975 -11.591109916567802 12.5
      vertex -23.549944005906582 11.140054054558277 12.5
      vertex -24.14272641390562 -11.36316155642271 12.5
    endloop
  endfacet
  facet normal 0 0 -1
    outer loop
      vertex -24.14272641390562 -11.36316155642271 12.5
      vertex -23.549944005906582 11.140054054558277 12.5
      vertex -23.549944005906582 -11.140054054558277 12.5
    endloop
  endfacet
  facet normal 0 0 -1
    outer loop
      vertex -23.549944005906582 -11.140054054558277 12.5
      vertex -23.549944005906582 11.140054054558277 12.5
      vertex -20.577458187937737 -9.423888564109802 12.5
    endloop
  endfacet
  facet normal -0.7730104515591886 0.6343932863612755 0
    outer loop
      vertex -18.977922312915325 -7.912149779498577 12.5
      vertex -18.576111435890198 -7.4225418120622635 11.299999999999999
      vertex -18.977922312915325 -7.912149779498577 11.299999999999999
    endloop
  endfacet
  facet normal -0.9359059258261063 0.352250050395424 0
    outer loop
      vertex -16.859945945441723 -4.450055994093418 12.5
      vertex -16.63683844357729 -3.8572735860943794 11.299999999999999
      vertex -16.859945945441723 -4.450055994093418 11.299999999999999
    endloop
  endfacet
  facet normal -0.7730104515591886 0.6343932863612755 0
    outer loop
      vertex -18.977922312915325 -7.912149779498577 12.5
      vertex -18.576111435890198 -7.4225418120622635 12.5
      vertex -18.576111435890198 -7.4225418120622635 11.299999999999999
    endloop
  endfacet
  facet normal 0 0 -1
    outer loop
      vertex -18.576111435890198 -7.4225418120622635 12.5
      vertex -16.859945945441723 -4.450055994093418 12.5
      vertex -11.112504623830318 -9.75 12.5
    endloop
  endfacet
  facet normal -0.9359059258261063 0.352250050395424 0
    outer loop
      vertex -16.859945945441723 -4.450055994093418 12.5
      vertex -16.63683844357729 -3.8572735860943794 12.5
      vertex -16.63683844357729 -3.8572735860943794 11.299999999999999
    endloop
  endfacet
  facet normal -0.956940336773859 0.290284673820602 0
    outer loop
      vertex -16.63683844357729 -3.8572735860943794 12.5
      vertex -16.408890083432198 -3.1058285385370255 11.299999999999999
      vertex -16.63683844357729 -3.8572735860943794 11.299999999999999
    endloop
  endfacet
  facet normal -0.9738769793490126 0.22707626272695905 0
    outer loop
      vertex -16.408890083432198 -3.1058285385370255 12.5
      vertex -16.230576634407043 -2.341083861887455 11.299999999999999
      vertex -16.408890083432198 -3.1058285385370255 11.299999999999999
    endloop
  endfacet
  facet normal -0.9866433324293512 0.16289547130815168 0
    outer loop
      vertex -16.230576634407043 -2.341083861887455 12.5
      vertex -16.12740219384432 -1.7161654829978943 11.299999999999999
      vertex -16.230576634407043 -2.341083861887455 11.299999999999999
    endloop
  endfacet
  facet normal 0 0 -1
    outer loop
      vertex -20.577458187937737 -9.423888564109802 12.5
      vertex -23.549944005906582 11.140054054558277 12.5
      vertex -20.087850220501423 -9.022077687084675 12.5
    endloop
  endfacet
  facet normal 0 0 -1
    outer loop
      vertex -20.087850220501423 -9.022077687084675 12.5
      vertex -23.549944005906582 11.140054054558277 12.5
      vertex -19.514718629419804 -8.485281370580196 12.5
    endloop
  endfacet
  facet normal 0 0 -1
    outer loop
      vertex -19.514718629419804 -8.485281370580196 12.5
      vertex -23.549944005906582 11.140054054558277 12.5
      vertex -18.977922312915325 -7.912149779498577 12.5
    endloop
  endfacet
  facet normal 0 0 -1
    outer loop
      vertex -18.977922312915325 -7.912149779498577 12.5
      vertex -23.549944005906582 11.140054054558277 12.5
      vertex -18.576111435890198 -7.4225418120622635 12.5
    endloop
  endfacet
  facet normal 0 0 -1
    outer loop
      vertex -18.576111435890198 -7.4225418120622635 12.5
      vertex -23.549944005906582 11.140054054558277 12.5
      vertex -16.859945945441723 -4.450055994093418 12.5
    endloop
  endfacet
  facet normal -0.956940336773859 0.290284673820602 0
    outer loop
      vertex -16.63683844357729 -3.8572735860943794 12.5
      vertex -16.408890083432198 -3.1058285385370255 12.5
      vertex -16.408890083432198 -3.1058285385370255 11.299999999999999
    endloop
  endfacet
  facet normal -0.9738769793490126 0.22707626272695905 0
    outer loop
      vertex -16.408890083432198 -3.1058285385370255 12.5
      vertex -16.230576634407043 -2.341083861887455 12.5
      vertex -16.230576634407043 -2.341083861887455 11.299999999999999
    endloop
  endfacet
  facet normal -0.9866433324293512 0.16289547130815168 0
    outer loop
      vertex -16.230576634407043 -2.341083861887455 12.5
      vertex -16.12740219384432 -1.7161654829978943 12.5
      vertex -16.12740219384432 -1.7161654829978943 11.299999999999999
    endloop
  endfacet
  facet normal 0.29770174126542115 0.9546589303240902 -8.283740983180633e-17
    outer loop
      vertex -18.576111435890198 -7.4225418120622635 12.5
      vertex -11.112504623830318 -9.75 12.5
      vertex -11.112504623830318 -9.75 11.299999999999999
    endloop
  endfacet
  facet normal -0.6779080148449931 -0.7351467359710717 0
    outer loop
      vertex -16.859945945441723 -4.450055994093418 12.5
      vertex -16.859945945441723 -4.450055994093418 11.299999999999999
      vertex -11.112504623830318 -9.75 11.299999999999999
    endloop
  endfacet
  facet normal -0.6779080148449931 -0.7351467359710717 1.1833915695148023e-16
    outer loop
      vertex -16.859945945441723 -4.450055994093418 12.5
      vertex -11.112504623830318 -9.75 11.299999999999999
      vertex -11.112504623830318 -9.75 12.5
    endloop
  endfacet
  facet normal -0.2195121938293733 0.975609756388391 0
    outer loop
      vertex -16.12740219384432 -1.7161654829978943 12.5
      vertex -8.5 0 11.299999999999999
      vertex -16.12740219384432 -1.7161654829978943 11.299999999999999
    endloop
  endfacet
  facet normal -0.2195121938293733 0.975609756388391 -4.733566278811067e-17
    outer loop
      vertex -16.12740219384432 -1.7161654829978943 12.5
      vertex -8.5 0 12.5
      vertex -8.5 0 11.299999999999999
    endloop
  endfacet
  facet normal 0.2195121938293733 -0.975609756388391 0
    outer loop
      vertex -39.87259780615568 1.7161654829978943 12.5
      vertex -47.5 0 11.299999999999999
      vertex -39.87259780615568 1.7161654829978943 11.299999999999999
    endloop
  endfacet
  facet normal 0.9866433324293512 -0.16289547130815168 0
    outer loop
      vertex -39.76942336559296 2.341083861887455 12.5
      vertex -39.87259780615568 1.7161654829978943 11.299999999999999
      vertex -39.76942336559296 2.341083861887455 11.299999999999999
    endloop
  endfacet
  facet normal 0.9738769793490126 -0.22707626272695905 0
    outer loop
      vertex -39.5911099165678 3.1058285385370255 12.5
      vertex -39.76942336559296 2.341083861887455 11.299999999999999
      vertex -39.5911099165678 3.1058285385370255 11.299999999999999
    endloop
  endfacet
  facet normal 0.956940336773859 -0.290284673820602 0
    outer loop
      vertex -39.36316155642271 3.8572735860943794 12.5
      vertex -39.5911099165678 3.1058285385370255 11.299999999999999
      vertex -39.36316155642271 3.8572735860943794 11.299999999999999
    endloop
  endfacet
  facet normal 0.2195121938293733 -0.975609756388391 0
    outer loop
      vertex -47.5 0 12.5
      vertex -47.5 0 11.299999999999999
      vertex -39.87259780615568 1.7161654829978943 12.5
    endloop
  endfacet
  facet normal 0 0 -1
    outer loop
      vertex -39.87259780615568 -1.7161654829978943 12.5
      vertex -47.5 0 12.5
      vertex -39.87259780615568 1.7161654829978943 12.5
    endloop
  endfacet
  facet normal 0 0 -1
    outer loop
      vertex -39.87259780615568 -1.7161654829978943 12.5
      vertex -39.87259780615568 1.7161654829978943 12.5
      vertex -39.76942336559296 2.341083861887455 12.5
    endloop
  endfacet
  facet normal 0.9866433324293512 -0.16289547130815168 0
    outer loop
      vertex -39.87259780615568 1.7161654829978943 12.5
      vertex -39.87259780615568 1.7161654829978943 11.299999999999999
      vertex -39.76942336559296 2.341083861887455 12.5
    endloop
  endfacet
  facet normal 0 0 -1
    outer loop
      vertex -39.76942336559296 -2.341083861887455 12.5
      vertex -39.76942336559296 2.341083861887455 12.5
      vertex -39.5911099165678 3.1058285385370255 12.5
    endloop
  endfacet
  facet normal 0 0 -1
    outer loop
      vertex -39.5911099165678 -3.1058285385370255 12.5
      vertex -39.5911099165678 3.1058285385370255 12.5
      vertex -39.36316155642271 3.8572735860943794 12.5
    endloop
  endfacet
  facet normal 0 0 -1
    outer loop
      vertex -39.36316155642271 -3.8572735860943794 12.5
      vertex -39.36316155642271 3.8572735860943794 12.5
      vertex -39.14005405455828 4.450055994093418 12.5
    endloop
  endfacet
  facet normal 0.9738769793490126 -0.22707626272695905 0
    outer loop
      vertex -39.76942336559296 2.341083861887455 12.5
      vertex -39.76942336559296 2.341083861887455 11.299999999999999
      vertex -39.5911099165678 3.1058285385370255 12.5
    endloop
  endfacet
  facet normal 0.956940336773859 -0.290284673820602 0
    outer loop
      vertex -39.5911099165678 3.1058285385370255 12.5
      vertex -39.5911099165678 3.1058285385370255 11.299999999999999
      vertex -39.36316155642271 3.8572735860943794 12.5
    endloop
  endfacet
  facet normal 0 0 -1
    outer loop
      vertex -39.14005405455828 -4.450055994093418 12.5
      vertex -39.14005405455828 4.450055994093418 12.5
      vertex -37.4238885641098 7.4225418120622635 12.5
    endloop
  endfacet
  facet normal 0.9359059258261063 -0.352250050395424 0
    outer loop
      vertex -39.14005405455828 4.450055994093418 12.5
      vertex -39.36316155642271 3.8572735860943794 11.299999999999999
      vertex -39.14005405455828 4.450055994093418 11.299999999999999
    endloop
  endfacet
  facet normal 0.6779080148449931 0.7351467359710717 0
    outer loop
      vertex -39.14005405455828 4.450055994093418 12.5
      vertex -39.14005405455828 4.450055994093418 11.299999999999999
      vertex -44.88749537616968 9.75 11.299999999999999
    endloop
  endfacet
  facet normal 0.6779080148449931 0.7351467359710717 1.1833915695148023e-16
    outer loop
      vertex -39.14005405455828 4.450055994093418 12.5
      vertex -44.88749537616968 9.75 11.299999999999999
      vertex -44.88749537616968 9.75 12.5
    endloop
  endfacet
  facet normal 0.9359059258261063 -0.352250050395424 0
    outer loop
      vertex -39.36316155642271 3.8572735860943794 12.5
      vertex -39.36316155642271 3.8572735860943794 11.299999999999999
      vertex -39.14005405455828 4.450055994093418 12.5
    endloop
  endfacet
  facet normal 0 0 -1
    outer loop
      vertex -39.14005405455828 4.450055994093418 12.5
      vertex -44.88749537616968 9.75 12.5
      vertex -37.4238885641098 7.4225418120622635 12.5
    endloop
  endfacet
  facet normal 0 0 -1
    outer loop
      vertex -37.4238885641098 -7.4225418120622635 12.5
      vertex -37.4238885641098 7.4225418120622635 12.5
      vertex -37.022077687084675 7.912149779498577 12.5
    endloop
  endfacet
  facet normal 0 0 -1
    outer loop
      vertex -37.4238885641098 -7.4225418120622635 12.5
      vertex -37.022077687084675 7.912149779498577 12.5
      vertex -36.485281370580196 8.485281370580196 12.5
    endloop
  endfacet
  facet normal 0 0 -1
    outer loop
      vertex -37.4238885641098 -7.4225418120622635 12.5
      vertex -36.485281370580196 8.485281370580196 12.5
      vertex -35.91214977949858 9.022077687084675 12.5
    endloop
  endfacet
  facet normal 0 0 -1
    outer loop
      vertex -37.4238885641098 -7.4225418120622635 12.5
      vertex -35.91214977949858 9.022077687084675 12.5
      vertex -35.42254181206226 9.423888564109802 12.5
    endloop
  endfacet
  facet normal 0.7730104515591886 -0.6343932863612755 0
    outer loop
      vertex -37.022077687084675 7.912149779498577 12.5
      vertex -37.4238885641098 7.4225418120622635 11.299999999999999
      vertex -37.022077687084675 7.912149779498577 11.299999999999999
    endloop
  endfacet
  facet normal 0 0 -1
    outer loop
      vertex -37.4238885641098 -7.4225418120622635 12.5
      vertex -35.42254181206226 9.423888564109802 12.5
      vertex -32.45005599409342 11.140054054558277 12.5
    endloop
  endfacet
  facet normal 0 0 -1
    outer loop
      vertex -37.4238885641098 -7.4225418120622635 12.5
      vertex -32.45005599409342 11.140054054558277 12.5
      vertex -31.85727358609438 11.36316155642271 12.5
    endloop
  endfacet
  facet normal 0.7730104515591886 -0.6343932863612755 0
    outer loop
      vertex -37.4238885641098 7.4225418120622635 12.5
      vertex -37.4238885641098 7.4225418120622635 11.299999999999999
      vertex -37.022077687084675 7.912149779498577 12.5
    endloop
  endfacet
  facet normal 0 0 -1
    outer loop
      vertex -37.4238885641098 -7.4225418120622635 12.5
      vertex -31.85727358609438 11.36316155642271 12.5
      vertex -31.105828538537025 11.591109916567802 12.5
    endloop
  endfacet
  facet normal 0 0 -1
    outer loop
      vertex -37.4238885641098 -7.4225418120622635 12.5
      vertex -31.105828538537025 11.591109916567802 12.5
      vertex -30.341083861887455 11.769423365592957 12.5
    endloop
  endfacet
  facet normal 0 0 -1
    outer loop
      vertex -37.4238885641098 -7.4225418120622635 12.5
      vertex -30.341083861887455 11.769423365592957 12.5
      vertex -29.716165482997894 11.872597806155682 12.5
    endloop
  endfacet
  facet normal 0 0 -1
    outer loop
      vertex -37.4238885641098 -7.4225418120622635 12.5
      vertex -29.716165482997894 11.872597806155682 12.5
      vertex -26.283834517002106 11.872597806155682 12.5
    endloop
  endfacet
  facet normal -0.29770174126542115 -0.9546589303240902 0
    outer loop
      vertex -37.4238885641098 7.4225418120622635 12.5
      vertex -44.88749537616968 9.75 11.299999999999999
      vertex -37.4238885641098 7.4225418120622635 11.299999999999999
    endloop
  endfacet
  facet normal -0.29770174126542115 -0.9546589303240902 0
    outer loop
      vertex -44.88749537616968 9.75 12.5
      vertex -44.88749537616968 9.75 11.299999999999999
      vertex -37.4238885641098 7.4225418120622635 12.5
    endloop
  endfacet
  facet normal 0.7298640709013707 -0.6835923039409374 0
    outer loop
      vertex -36.485281370580196 8.485281370580196 12.5
      vertex -37.022077687084675 7.912149779498577 11.299999999999999
      vertex -36.485281370580196 8.485281370580196 11.299999999999999
    endloop
  endfacet
  facet normal 0.6835923039409374 -0.7298640709013707 0
    outer loop
      vertex -35.91214977949858 9.022077687084675 12.5
      vertex -36.485281370580196 8.485281370580196 11.299999999999999
      vertex -35.91214977949858 9.022077687084675 11.299999999999999
    endloop
  endfacet
  facet normal 0.6343932863612755 -0.7730104515591886 0
    outer loop
      vertex -35.42254181206226 9.423888564109802 12.5
      vertex -35.91214977949858 9.022077687084675 11.299999999999999
      vertex -35.42254181206226 9.423888564109802 11.299999999999999
    endloop
  endfacet
  facet normal 0.9546589303240902 0.29770174126542115 0
    outer loop
      vertex -35.42254181206226 9.423888564109802 12.5
      vertex -35.42254181206226 9.423888564109802 11.299999999999999
      vertex -37.75 16.88749537616968 11.299999999999999
    endloop
  endfacet
  facet normal 0.352250050395424 -0.9359059258261063 0
    outer loop
      vertex -31.85727358609438 11.36316155642271 12.5
      vertex -32.45005599409342 11.140054054558277 11.299999999999999
      vertex -31.85727358609438 11.36316155642271 11.299999999999999
    endloop
  endfacet
  facet normal 0.290284673820602 -0.956940336773859 0
    outer loop
      vertex -31.105828538537025 11.591109916567802 12.5
      vertex -31.85727358609438 11.36316155642271 11.299999999999999
      vertex -31.105828538537025 11.591109916567802 11.299999999999999
    endloop
  endfacet
  facet normal 0.22707626272695905 -0.9738769793490126 0
    outer loop
      vertex -30.341083861887455 11.769423365592957 12.5
      vertex -31.105828538537025 11.591109916567802 11.299999999999999
      vertex -30.341083861887455 11.769423365592957 11.299999999999999
    endloop
  endfacet
  facet normal 0.7298640709013707 -0.6835923039409374 0
    outer loop
      vertex -37.022077687084675 7.912149779498577 12.5
      vertex -37.022077687084675 7.912149779498577 11.299999999999999
      vertex -36.485281370580196 8.485281370580196 12.5
    endloop
  endfacet
  facet normal 0.6835923039409374 -0.7298640709013707 0
    outer loop
      vertex -36.485281370580196 8.485281370580196 12.5
      vertex -36.485281370580196 8.485281370580196 11.299999999999999
      vertex -35.91214977949858 9.022077687084675 12.5
    endloop
  endfacet
  facet normal 0.6343932863612755 -0.7730104515591886 0
    outer loop
      vertex -35.91214977949858 9.022077687084675 12.5
      vertex -35.91214977949858 9.022077687084675 11.299999999999999
      vertex -35.42254181206226 9.423888564109802 12.5
    endloop
  endfacet
  facet normal 0.352250050395424 -0.9359059258261063 0
    outer loop
      vertex -32.45005599409342 11.140054054558277 12.5
      vertex -32.45005599409342 11.140054054558277 11.299999999999999
      vertex -31.85727358609438 11.36316155642271 12.5
    endloop
  endfacet
  facet normal 0.290284673820602 -0.956940336773859 0
    outer loop
      vertex -31.85727358609438 11.36316155642271 12.5
      vertex -31.85727358609438 11.36316155642271 11.299999999999999
      vertex -31.105828538537025 11.591109916567802 12.5
    endloop
  endfacet
  facet normal 0.22707626272695905 -0.9738769793490126 0
    outer loop
      vertex -31.105828538537025 11.591109916567802 12.5
      vertex -31.105828538537025 11.591109916567802 11.299999999999999
      vertex -30.341083861887455 11.769423365592957 12.5
    endloop
  endfacet
  facet normal 0.16289547130815168 -0.9866433324293512 0
    outer loop
      vertex -30.341083861887455 11.769423365592957 12.5
      vertex -30.341083861887455 11.769423365592957 11.299999999999999
      vertex -29.716165482997894 11.872597806155682 12.5
    endloop
  endfacet
  facet normal -0.7351467359710717 -0.6779080148449931 0
    outer loop
      vertex -32.45005599409342 11.140054054558277 12.5
      vertex -37.75 16.88749537616968 11.299999999999999
      vertex -32.45005599409342 11.140054054558277 11.299999999999999
    endloop
  endfacet
  facet normal 0 0 -1
    outer loop
      vertex -35.42254181206226 9.423888564109802 12.5
      vertex -37.75 16.88749537616968 12.5
      vertex -32.45005599409342 11.140054054558277 12.5
    endloop
  endfacet
  facet normal 0.9546589303240902 0.29770174126542115 -8.283740983180633e-17
    outer loop
      vertex -35.42254181206226 9.423888564109802 12.5
      vertex -37.75 16.88749537616968 11.299999999999999
      vertex -37.75 16.88749537616968 12.5
    endloop
  endfacet
  facet normal -0.7351467359710717 -0.6779080148449931 0
    outer loop
      vertex -37.75 16.88749537616968 12.5
      vertex -37.75 16.88749537616968 11.299999999999999
      vertex -32.45005599409342 11.140054054558277 12.5
    endloop
  endfacet
  facet normal 0 0 -1
    outer loop
      vertex -32.45005599409342 -11.140054054558277 12.5
      vertex -24.894171461462975 11.591109916567802 12.5
      vertex -24.14272641390562 11.36316155642271 12.5
    endloop
  endfacet
  facet normal 0 0 -1
    outer loop
      vertex -32.45005599409342 -11.140054054558277 12.5
      vertex -24.14272641390562 11.36316155642271 12.5
      vertex -23.549944005906582 11.140054054558277 12.5
    endloop
  endfacet
  facet normal 0 0 -1
    outer loop
      vertex -32.45005599409342 -11.140054054558277 12.5
      vertex -26.283834517002106 11.872597806155682 12.5
      vertex -25.658916138112545 11.769423365592957 12.5
    endloop
  endfacet
  facet normal 0 0 -1
    outer loop
      vertex -32.45005599409342 -11.140054054558277 12.5
      vertex -25.658916138112545 11.769423365592957 12.5
      vertex -24.894171461462975 11.591109916567802 12.5
    endloop
  endfacet
  facet normal -0.9866433324293512 -0.16289547130815168 0
    outer loop
      vertex -16.12740219384432 1.7161654829978943 12.5
      vertex -16.230576634407043 2.341083861887455 11.299999999999999
      vertex -16.12740219384432 1.7161654829978943 11.299999999999999
    endloop
  endfacet
  facet normal -0.9738769793490126 -0.22707626272695905 0
    outer loop
      vertex -16.230576634407043 2.341083861887455 12.5
      vertex -16.408890083432198 3.1058285385370255 11.299999999999999
      vertex -16.230576634407043 2.341083861887455 11.299999999999999
    endloop
  endfacet
  facet normal -0.956940336773859 -0.290284673820602 0
    outer loop
      vertex -16.408890083432198 3.1058285385370255 12.5
      vertex -16.63683844357729 3.8572735860943794 11.299999999999999
      vertex -16.408890083432198 3.1058285385370255 11.299999999999999
    endloop
  endfacet
  facet normal 0 0 -1
    outer loop
      vertex -16.859945945441723 -4.450055994093418 12.5
      vertex -23.549944005906582 11.140054054558277 12.5
      vertex -16.63683844357729 -3.8572735860943794 12.5
    endloop
  endfacet
  facet normal 0 0 -1
    outer loop
      vertex -16.63683844357729 -3.8572735860943794 12.5
      vertex -23.549944005906582 11.140054054558277 12.5
      vertex -16.408890083432198 -3.1058285385370255 12.5
    endloop
  endfacet
  facet normal 0 0 -1
    outer loop
      vertex -16.408890083432198 -3.1058285385370255 12.5
      vertex -23.549944005906582 11.140054054558277 12.5
      vertex -16.230576634407043 -2.341083861887455 12.5
    endloop
  endfacet
  facet normal 0 0 -1
    outer loop
      vertex -16.230576634407043 -2.341083861887455 12.5
      vertex -23.549944005906582 11.140054054558277 12.5
      vertex -16.12740219384432 -1.7161654829978943 12.5
    endloop
  endfacet
  facet normal 0 0 -1
    outer loop
      vertex -16.12740219384432 -1.7161654829978943 12.5
      vertex -23.549944005906582 11.140054054558277 12.5
      vertex -16.12740219384432 1.7161654829978943 12.5
    endloop
  endfacet
  facet normal -0.9866433324293512 -0.16289547130815168 0
    outer loop
      vertex -16.12740219384432 1.7161654829978943 12.5
      vertex -16.230576634407043 2.341083861887455 12.5
      vertex -16.230576634407043 2.341083861887455 11.299999999999999
    endloop
  endfacet
  facet normal -0.9738769793490126 -0.22707626272695905 0
    outer loop
      vertex -16.230576634407043 2.341083861887455 12.5
      vertex -16.408890083432198 3.1058285385370255 12.5
      vertex -16.408890083432198 3.1058285385370255 11.299999999999999
    endloop
  endfacet
  facet normal -0.956940336773859 -0.290284673820602 0
    outer loop
      vertex -16.408890083432198 3.1058285385370255 12.5
      vertex -16.63683844357729 3.8572735860943794 12.5
      vertex -16.63683844357729 3.8572735860943794 11.299999999999999
    endloop
  endfacet
  facet normal -0.9359059258261063 -0.352250050395424 0
    outer loop
      vertex -16.63683844357729 3.8572735860943794 12.5
      vertex -16.859945945441723 4.450055994093418 11.299999999999999
      vertex -16.63683844357729 3.8572735860943794 11.299999999999999
    endloop
  endfacet
  facet normal -0.7730104515591886 -0.6343932863612755 0
    outer loop
      vertex -18.576111435890198 7.4225418120622635 12.5
      vertex -18.977922312915325 7.912149779498577 11.299999999999999
      vertex -18.576111435890198 7.4225418120622635 11.299999999999999
    endloop
  endfacet
  facet normal 0 0 -1
    outer loop
      vertex -16.408890083432198 3.1058285385370255 12.5
      vertex -23.549944005906582 11.140054054558277 12.5
      vertex -16.63683844357729 3.8572735860943794 12.5
    endloop
  endfacet
  facet normal 0 0 -1
    outer loop
      vertex -16.859945945441723 4.450055994093418 12.5
      vertex -16.63683844357729 3.8572735860943794 12.5
      vertex -23.549944005906582 11.140054054558277 12.5
    endloop
  endfacet
  facet normal -0.7730104515591886 -0.6343932863612755 0
    outer loop
      vertex -18.576111435890198 7.4225418120622635 12.5
      vertex -18.977922312915325 7.912149779498577 12.5
      vertex -18.977922312915325 7.912149779498577 11.299999999999999
    endloop
  endfacet
  facet normal 0 0 -1
    outer loop
      vertex -16.859945945441723 4.450055994093418 12.5
      vertex -20.087850220501423 9.022077687084675 12.5
      vertex -19.514718629419804 8.485281370580196 12.5
    endloop
  endfacet
  facet normal 0 0 -1
    outer loop
      vertex -16.859945945441723 4.450055994093418 12.5
      vertex -20.577458187937737 9.423888564109802 12.5
      vertex -20.087850220501423 9.022077687084675 12.5
    endloop
  endfacet
  facet normal 0 0 -1
    outer loop
      vertex -16.12740219384432 1.7161654829978943 12.5
      vertex -23.549944005906582 11.140054054558277 12.5
      vertex -16.230576634407043 2.341083861887455 12.5
    endloop
  endfacet
  facet normal 0 0 -1
    outer loop
      vertex -16.230576634407043 2.341083861887455 12.5
      vertex -23.549944005906582 11.140054054558277 12.5
      vertex -16.408890083432198 3.1058285385370255 12.5
    endloop
  endfacet
  facet normal -0.9359059258261063 -0.352250050395424 0
    outer loop
      vertex -16.859945945441723 4.450055994093418 12.5
      vertex -16.859945945441723 4.450055994093418 11.299999999999999
      vertex -16.63683844357729 3.8572735860943794 12.5
    endloop
  endfacet
  facet normal 0 0 -1
    outer loop
      vertex -16.859945945441723 4.450055994093418 12.5
      vertex -19.514718629419804 8.485281370580196 12.5
      vertex -18.977922312915325 7.912149779498577 12.5
    endloop
  endfacet
  facet normal 0 0 -1
    outer loop
      vertex -16.859945945441723 4.450055994093418 12.5
      vertex -18.977922312915325 7.912149779498577 12.5
      vertex -18.576111435890198 7.4225418120622635 12.5
    endloop
  endfacet
  facet normal 0 0 -1
    outer loop
      vertex -16.859945945441723 4.450055994093418 12.5
      vertex -18.576111435890198 7.4225418120622635 12.5
      vertex -11.112504623830318 9.75 12.5
    endloop
  endfacet
  facet normal 0.16289547130815168 -0.9866433324293512 0
    outer loop
      vertex -29.716165482997894 11.872597806155682 12.5
      vertex -30.341083861887455 11.769423365592957 11.299999999999999
      vertex -29.716165482997894 11.872597806155682 11.299999999999999
    endloop
  endfacet
  facet normal -0.16289547130815168 -0.9866433324293512 0
    outer loop
      vertex -25.658916138112545 11.769423365592957 12.5
      vertex -26.283834517002106 11.872597806155682 11.299999999999999
      vertex -25.658916138112545 11.769423365592957 11.299999999999999
    endloop
  endfacet
  facet normal -0.290284673820602 -0.956940336773859 0
    outer loop
      vertex -24.14272641390562 11.36316155642271 12.5
      vertex -24.894171461462975 11.591109916567802 11.299999999999999
      vertex -24.14272641390562 11.36316155642271 11.299999999999999
    endloop
  endfacet
  facet normal -0.22707626272695905 -0.9738769793490126 0
    outer loop
      vertex -24.894171461462975 11.591109916567802 12.5
      vertex -25.658916138112545 11.769423365592957 11.299999999999999
      vertex -24.894171461462975 11.591109916567802 11.299999999999999
    endloop
  endfacet
  facet normal -0.352250050395424 -0.9359059258261063 0
    outer loop
      vertex -23.549944005906582 11.140054054558277 12.5
      vertex -24.14272641390562 11.36316155642271 11.299999999999999
      vertex -23.549944005906582 11.140054054558277 11.299999999999999
    endloop
  endfacet
  facet normal -0.16289547130815168 -0.9866433324293512 0
    outer loop
      vertex -26.283834517002106 11.872597806155682 12.5
      vertex -26.283834517002106 11.872597806155682 11.299999999999999
      vertex -25.658916138112545 11.769423365592957 12.5
    endloop
  endfacet
  facet normal -0.22707626272695905 -0.9738769793490126 0
    outer loop
      vertex -25.658916138112545 11.769423365592957 12.5
      vertex -25.658916138112545 11.769423365592957 11.299999999999999
      vertex -24.894171461462975 11.591109916567802 12.5
    endloop
  endfacet
  facet normal -0.290284673820602 -0.956940336773859 0
    outer loop
      vertex -24.894171461462975 11.591109916567802 12.5
      vertex -24.894171461462975 11.591109916567802 11.299999999999999
      vertex -24.14272641390562 11.36316155642271 12.5
    endloop
  endfacet
  facet normal -0.352250050395424 -0.9359059258261063 0
    outer loop
      vertex -24.14272641390562 11.36316155642271 12.5
      vertex -24.14272641390562 11.36316155642271 11.299999999999999
      vertex -23.549944005906582 11.140054054558277 12.5
    endloop
  endfacet
  facet normal 0.975609756388391 -0.2195121938293733 0
    outer loop
      vertex -29.716165482997894 11.872597806155682 12.5
      vertex -29.716165482997894 11.872597806155682 11.299999999999999
      vertex -28 19.5 11.299999999999999
    endloop
  endfacet
  facet normal -0.975609756388391 -0.2195121938293733 0
    outer loop
      vertex -26.283834517002106 11.872597806155682 12.5
      vertex -28 19.5 11.299999999999999
      vertex -26.283834517002106 11.872597806155682 11.299999999999999
    endloop
  endfacet
  facet normal 0 0 -1
    outer loop
      vertex -29.716165482997894 11.872597806155682 12.5
      vertex -28 19.5 12.5
      vertex -26.283834517002106 11.872597806155682 12.5
    endloop
  endfacet
  facet normal -0.6835923039409374 -0.7298640709013707 0
    outer loop
      vertex -19.514718629419804 8.485281370580196 12.5
      vertex -20.087850220501423 9.022077687084675 11.299999999999999
      vertex -19.514718629419804 8.485281370580196 11.299999999999999
    endloop
  endfacet
  facet normal -0.7298640709013707 -0.6835923039409374 0
    outer loop
      vertex -18.977922312915325 7.912149779498577 12.5
      vertex -19.514718629419804 8.485281370580196 11.299999999999999
      vertex -18.977922312915325 7.912149779498577 11.299999999999999
    endloop
  endfacet
  facet normal -0.6343932863612755 -0.7730104515591886 0
    outer loop
      vertex -20.087850220501423 9.022077687084675 12.5
      vertex -20.577458187937737 9.423888564109802 11.299999999999999
      vertex -20.087850220501423 9.022077687084675 11.299999999999999
    endloop
  endfacet
  facet normal -0.9546589303240902 0.29770174126542115 0
    outer loop
      vertex -20.577458187937737 9.423888564109802 12.5
      vertex -18.25 16.88749537616968 11.299999999999999
      vertex -20.577458187937737 9.423888564109802 11.299999999999999
    endloop
  endfacet
  facet normal 0.29770174126542115 -0.9546589303240902 0
    outer loop
      vertex -18.576111435890198 7.4225418120622635 12.5
      vertex -18.576111435890198 7.4225418120622635 11.299999999999999
      vertex -11.112504623830318 9.75 11.299999999999999
    endloop
  endfacet
  facet normal -0.6835923039409374 -0.7298640709013707 0
    outer loop
      vertex -19.514718629419804 8.485281370580196 12.5
      vertex -20.087850220501423 9.022077687084675 12.5
      vertex -20.087850220501423 9.022077687084675 11.299999999999999
    endloop
  endfacet
  facet normal -0.7298640709013707 -0.6835923039409374 0
    outer loop
      vertex -18.977922312915325 7.912149779498577 12.5
      vertex -19.514718629419804 8.485281370580196 12.5
      vertex -19.514718629419804 8.485281370580196 11.299999999999999
    endloop
  endfacet
  facet normal 0 0 -1
    outer loop
      vertex -16.859945945441723 4.450055994093418 12.5
      vertex -23.549944005906582 11.140054054558277 12.5
      vertex -20.577458187937737 9.423888564109802 12.5
    endloop
  endfacet
  facet normal -0.6343932863612755 -0.7730104515591886 0
    outer loop
      vertex -20.087850220501423 9.022077687084675 12.5
      vertex -20.577458187937737 9.423888564109802 12.5
      vertex -20.577458187937737 9.423888564109802 11.299999999999999
    endloop
  endfacet
  facet normal 0.7351467359710717 -0.6779080148449931 0
    outer loop
      vertex -23.549944005906582 11.140054054558277 12.5
      vertex -23.549944005906582 11.140054054558277 11.299999999999999
      vertex -18.25 16.88749537616968 11.299999999999999
    endloop
  endfacet
  facet normal 0 0 -1
    outer loop
      vertex -20.577458187937737 9.423888564109802 12.5
      vertex -23.549944005906582 11.140054054558277 12.5
      vertex -18.25 16.88749537616968 12.5
    endloop
  endfacet
  facet normal 0.7351467359710717 -0.6779080148449931 -1.1833915695148023e-16
    outer loop
      vertex -23.549944005906582 11.140054054558277 12.5
      vertex -18.25 16.88749537616968 11.299999999999999
      vertex -18.25 16.88749537616968 12.5
    endloop
  endfacet
  facet normal -0.9546589303240902 0.29770174126542115 8.283740983180633e-17
    outer loop
      vertex -20.577458187937737 9.423888564109802 12.5
      vertex -18.25 16.88749537616968 12.5
      vertex -18.25 16.88749537616968 11.299999999999999
    endloop
  endfacet
  facet normal -0.2195121938293733 -0.975609756388391 0
    outer loop
      vertex -16.12740219384432 1.7161654829978943 12.5
      vertex -16.12740219384432 1.7161654829978943 11.299999999999999
      vertex -8.5 0 11.299999999999999
    endloop
  endfacet
  facet normal 0 0 -1
    outer loop
      vertex -16.12740219384432 -1.7161654829978943 12.5
      vertex -16.12740219384432 1.7161654829978943 12.5
      vertex -8.5 0 12.5
    endloop
  endfacet
  facet normal -0.2195121938293733 -0.975609756388391 4.733566278811067e-17
    outer loop
      vertex -16.12740219384432 1.7161654829978943 12.5
      vertex -8.5 0 11.299999999999999
      vertex -8.5 0 12.5
    endloop
  endfacet
  facet normal -0.6779080148449931 0.7351467359710717 0
    outer loop
      vertex -16.859945945441723 4.450055994093418 12.5
      vertex -11.112504623830318 9.75 11.299999999999999
      vertex -16.859945945441723 4.450055994093418 11.299999999999999
    endloop
  endfacet
  facet normal -0.6779080148449931 0.7351467359710717 -1.1833915695148023e-16
    outer loop
      vertex -16.859945945441723 4.450055994093418 12.5
      vertex -11.112504623830318 9.75 12.5
      vertex -11.112504623830318 9.75 11.299999999999999
    endloop
  endfacet
  facet normal 0.29770174126542115 -0.9546589303240902 8.283740983180633e-17
    outer loop
      vertex -18.576111435890198 7.4225418120622635 12.5
      vertex -11.112504623830318 9.75 11.299999999999999
      vertex -11.112504623830318 9.75 12.5
    endloop
  endfacet
  facet normal 0.975609756388391 -0.2195121938293733 -4.733566278811067e-17
    outer loop
      vertex -29.716165482997894 11.872597806155682 12.5
      vertex -28 19.5 11.299999999999999
      vertex -28 19.5 12.5
    endloop
  endfacet
  facet normal -0.975609756388391 -0.2195121938293733 4.733566278811067e-17
    outer loop
      vertex -26.283834517002106 11.872597806155682 12.5
      vertex -28 19.5 12.5
      vertex -28 19.5 11.299999999999999
    endloop
  endfacet
  facet normal 0.5824776959227627 0.812846685268821 0
    outer loop
      vertex 15.8247714202412 -15.867066809356617 12.5
      vertex 16.888595340190896 -16.629392247830776 11.299999999999999
      vertex 15.8247714202412 -15.867066809356617 11.299999999999999
    endloop
  endfacet
  facet normal 0.47139673763708073 0.8819212639148221 0
    outer loop
      vertex 18 -17.32050807568877 12.5
      vertex 19.15422619378709 -17.93745483103886 11.299999999999999
      vertex 18 -17.32050807568877 11.299999999999999
    endloop
  endfacet
  facet normal 0.5280678498693763 0.8492021820122309 0
    outer loop
      vertex 16.888595340190896 -16.629392247830776 12.5
      vertex 18 -17.32050807568877 11.299999999999999
      vertex 16.888595340190896 -16.629392247830776 11.299999999999999
    endloop
  endfacet
  facet normal 0.4127070308633917 0.9108638244413506 0
    outer loop
      vertex 19.15422619378709 -17.93745483103886 12.5
      vertex 20.346331349431672 -18.47759065163176 11.299999999999999
      vertex 19.15422619378709 -17.93745483103886 11.299999999999999
    endloop
  endfacet
  facet normal 0.2902846736072488 0.956940336838579 0
    outer loop
      vertex 21.57121069643212 -18.938602592794247 12.5
      vertex 22.823619099931555 -19.31851652330519 11.299999999999999
      vertex 21.57121069643212 -18.938602592794247 11.299999999999999
    endloop
  endfacet
  facet normal 0.35225004746444627 0.9359059269292482 0
    outer loop
      vertex 20.346331349431672 -18.47759065163176 12.5
      vertex 21.57121069643212 -18.938602592794247 11.299999999999999
      vertex 20.346331349431672 -18.47759065163176 11.299999999999999
    endloop
  endfacet
  facet normal 0.5824776959227627 0.812846685268821 0
    outer loop
      vertex 16.888595340190896 -16.629392247830776 12.5
      vertex 16.888595340190896 -16.629392247830776 11.299999999999999
      vertex 15.8247714202412 -15.867066809356617 12.5
    endloop
  endfacet
  facet normal 0.5280678498693763 0.8492021820122309 2.3360663628123677e-17
    outer loop
      vertex 16.888595340190896 -16.629392247830776 12.5
      vertex 18 -17.32050807568877 12.5
      vertex 18 -17.32050807568877 11.299999999999999
    endloop
  endfacet
  facet normal 0.4127070308633917 0.9108638244413506 -2.4019828135738098e-17
    outer loop
      vertex 19.15422619378709 -17.93745483103886 12.5
      vertex 20.346331349431672 -18.47759065163176 12.5
      vertex 20.346331349431672 -18.47759065163176 11.299999999999999
    endloop
  endfacet
  facet normal 0.2902846736072488 0.956940336838579 1.0415556649430522e-17
    outer loop
      vertex 21.57121069643212 -18.938602592794247 12.5
      vertex 22.823619099931555 -19.31851652330519 12.5
      vertex 22.823619099931555 -19.31851652330519 11.299999999999999
    endloop
  endfacet
  facet normal 0.35225004746444627 0.9359059269292482 0
    outer loop
      vertex 21.57121069643212 -18.938602592794247 12.5
      vertex 21.57121069643212 -18.938602592794247 11.299999999999999
      vertex 20.346331349431672 -18.47759065163176 12.5
    endloop
  endfacet
  facet normal 0.47139673763708073 0.8819212639148221 0
    outer loop
      vertex 19.15422619378709 -17.93745483103886 12.5
      vertex 19.15422619378709 -17.93745483103886 11.299999999999999
      vertex 18 -17.32050807568877 12.5
    endloop
  endfacet
  facet normal 0 0 -1
    outer loop
      vertex 19.15422619378709 -17.93745483103886 12.5
      vertex 18 -17.32050807568877 12.5
      vertex 22.331332072072513 -13.711351817101347 12.5
    endloop
  endfacet
  facet normal 0 0 -1
    outer loop
      vertex 21.57121069643212 -18.938602592794247 12.5
      vertex 20.346331349431672 -18.47759065163176 12.5
      vertex 23.637260871605307 -15.413271366360748 12.5
    endloop
  endfacet
  facet normal 0 0 -1
    outer loop
      vertex 19.15422619378709 -17.93745483103886 12.5
      vertex 22.956438932850347 -14.583687439274675 12.5
      vertex 20.346331349431672 -18.47759065163176 12.5
    endloop
  endfacet
  facet normal 0 0 -1
    outer loop
      vertex 20.346331349431672 -18.47759065163176 12.5
      vertex 22.956438932850347 -14.583687439274675 12.5
      vertex 23.637260871605307 -15.413271366360748 12.5
    endloop
  endfacet
  facet normal 0.22707626384671756 0.9738769790879216 0
    outer loop
      vertex 22.823619099931555 -19.31851652330519 12.5
      vertex 24.098193557186267 -19.61570560566641 11.299999999999999
      vertex 22.823619099931555 -19.31851652330519 11.299999999999999
    endloop
  endfacet
  facet normal 0.16289547552132355 0.9866433317337535 0
    outer loop
      vertex 24.098193557186267 -19.61570560566641 12.5
      vertex 25.389476157450876 -19.828897228654316 11.299999999999999
      vertex 24.098193557186267 -19.61570560566641 11.299999999999999
    endloop
  endfacet
  facet normal 0.09801713613972304 0.9951847270848598 0
    outer loop
      vertex 25.389476157450876 -19.828897228654316 12.5
      vertex 26.69193741441165 -19.95717846013402 11.299999999999999
      vertex 25.389476157450876 -19.828897228654316 11.299999999999999
    endloop
  endfacet
  facet normal -0.6343932797230336 -0.773010457007053 0
    outer loop
      vertex 25.983746283183756 -17.610994779826303 12.5
      vertex 25.154162344128018 -16.930172843806464 11.299999999999999
      vertex 25.983746283183756 -17.610994779826303 11.299999999999999
    endloop
  endfacet
  facet normal -0.6835923045939429 -0.7298640702897641 0
    outer loop
      vertex 25.154162344128018 -16.930172843806464 12.5
      vertex 24.37088250506687 -16.19655121188642 11.299999999999999
      vertex 25.154162344128018 -16.930172843806464 11.299999999999999
    endloop
  endfacet
  facet normal 0.03271908771914599 0.9994645873160423 0
    outer loop
      vertex 26.69193741441165 -19.95717846013402 12.5
      vertex 27.99999999897405 -20.000000001776993 11.299999999999999
      vertex 26.69193741441165 -19.95717846013402 11.299999999999999
    endloop
  endfacet
  facet normal -0.5824777012077872 -0.8128466814816259 0
    outer loop
      vertex 26.856081890263766 -18.236101642743538 12.5
      vertex 25.983746283183756 -17.610994779826303 11.299999999999999
      vertex 26.856081890263766 -18.236101642743538 11.299999999999999
    endloop
  endfacet
  facet normal -0.5280678474682236 -0.8492021835053635 0
    outer loop
      vertex 27.76743371814285 -18.80281662226443 12.5
      vertex 26.856081890263766 -18.236101642743538 11.299999999999999
      vertex 27.76743371814285 -18.80281662226443 11.299999999999999
    endloop
  endfacet
  facet normal -0.03271908675439367 0.9994645873476251 0
    outer loop
      vertex 27.99999999897405 -20.000000001776993 12.5
      vertex 29.30806258304498 -19.957178461414095 11.299999999999999
      vertex 27.99999999897405 -20.000000001776993 11.299999999999999
    endloop
  endfacet
  facet normal -0.4713967399304185 -0.8819212626890076 0
    outer loop
      vertex 28.71389919460027 -19.308712963507364 12.5
      vertex 27.76743371814285 -18.80281662226443 11.299999999999999
      vertex 28.71389919460027 -19.308712963507364 11.299999999999999
    endloop
  endfacet
  facet normal -0.41270702556090016 -0.9108638268438782 0
    outer loop
      vertex 29.69142542795899 -19.751624332131048 12.5
      vertex 28.71389919460027 -19.308712963507364 11.299999999999999
      vertex 29.69142542795899 -19.751624332131048 11.299999999999999
    endloop
  endfacet
  facet normal -0.09801714441379562 0.9951847262699348 0
    outer loop
      vertex 29.30806258304498 -19.957178461414095 12.5
      vertex 30.04478116696217 -19.884618011151968 11.299999999999999
      vertex 29.30806258304498 -19.957178461414095 11.299999999999999
    endloop
  endfacet
  facet normal -0.35225003904648167 -0.9359059300975457 0
    outer loop
      vertex 30.04478116696217 -19.884618011151968 12.5
      vertex 29.69142542795899 -19.751624332131048 11.299999999999999
      vertex 30.04478116696217 -19.884618011151968 11.299999999999999
    endloop
  endfacet
  facet normal 0.22707626384671756 0.9738769790879216 0
    outer loop
      vertex 24.098193557186267 -19.61570560566641 12.5
      vertex 24.098193557186267 -19.61570560566641 11.299999999999999
      vertex 22.823619099931555 -19.31851652330519 12.5
    endloop
  endfacet
  facet normal 0 0 -1
    outer loop
      vertex 21.57121069643212 -18.938602592794247 12.5
      vertex 24.37088250506687 -16.19655121188642 12.5
      vertex 22.823619099931555 -19.31851652330519 12.5
    endloop
  endfacet
  facet normal 0 0 -1
    outer loop
      vertex 24.098193557186267 -19.61570560566641 12.5
      vertex 22.823619099931555 -19.31851652330519 12.5
      vertex 25.154162344128018 -16.930172843806464 12.5
    endloop
  endfacet
  facet normal 0.16289547552132355 0.9866433317337535 -1.7652984022030086e-17
    outer loop
      vertex 24.098193557186267 -19.61570560566641 12.5
      vertex 25.389476157450876 -19.828897228654316 12.5
      vertex 25.389476157450876 -19.828897228654316 11.299999999999999
    endloop
  endfacet
  facet normal 0 0 -1
    outer loop
      vertex 24.098193557186267 -19.61570560566641 12.5
      vertex 25.983746283183756 -17.610994779826303 12.5
      vertex 25.389476157450876 -19.828897228654316 12.5
    endloop
  endfacet
  facet normal 0 0 -1
    outer loop
      vertex 24.098193557186267 -19.61570560566641 12.5
      vertex 25.154162344128018 -16.930172843806464 12.5
      vertex 25.983746283183756 -17.610994779826303 12.5
    endloop
  endfacet
  facet normal 0 0 -1
    outer loop
      vertex 25.389476157450876 -19.828897228654316 12.5
      vertex 25.983746283183756 -17.610994779826303 12.5
      vertex 26.856081890263766 -18.236101642743538 12.5
    endloop
  endfacet
  facet normal 0 0 -1
    outer loop
      vertex 22.823619099931555 -19.31851652330519 12.5
      vertex 24.37088250506687 -16.19655121188642 12.5
      vertex 25.154162344128018 -16.930172843806464 12.5
    endloop
  endfacet
  facet normal 0 0 -1
    outer loop
      vertex 21.57121069643212 -18.938602592794247 12.5
      vertex 23.637260871605307 -15.413271366360748 12.5
      vertex 24.37088250506687 -16.19655121188642 12.5
    endloop
  endfacet
  facet normal -0.6343932797230336 -0.773010457007053 -4.0141417307246437e-17
    outer loop
      vertex 25.983746283183756 -17.610994779826303 12.5
      vertex 25.154162344128018 -16.930172843806464 12.5
      vertex 25.154162344128018 -16.930172843806464 11.299999999999999
    endloop
  endfacet
  facet normal -0.6835923045939429 -0.7298640702897641 -2.0539051330082178e-17
    outer loop
      vertex 25.154162344128018 -16.930172843806464 12.5
      vertex 24.37088250506687 -16.19655121188642 12.5
      vertex 24.37088250506687 -16.19655121188642 11.299999999999999
    endloop
  endfacet
  facet normal 0.09801713613972304 0.9951847270848598 -4.060025858250367e-18
    outer loop
      vertex 25.389476157450876 -19.828897228654316 12.5
      vertex 26.69193741441165 -19.95717846013402 12.5
      vertex 26.69193741441165 -19.95717846013402 11.299999999999999
    endloop
  endfacet
  facet normal 0.03271908771914599 0.9994645873160423 1.6962395090064812e-18
    outer loop
      vertex 26.69193741441165 -19.95717846013402 12.5
      vertex 27.99999999897405 -20.000000001776993 12.5
      vertex 27.99999999897405 -20.000000001776993 11.299999999999999
    endloop
  endfacet
  facet normal 0 0 -1
    outer loop
      vertex 25.389476157450876 -19.828897228654316 12.5
      vertex 26.856081890263766 -18.236101642743538 12.5
      vertex 26.69193741441165 -19.95717846013402 12.5
    endloop
  endfacet
  facet normal 0 0 -1
    outer loop
      vertex 26.69193741441165 -19.95717846013402 12.5
      vertex 27.76743371814285 -18.80281662226443 12.5
      vertex 27.99999999897405 -20.000000001776993 12.5
    endloop
  endfacet
  facet normal -0.5280678474682236 -0.8492021835053635 -1.6805350343294727e-17
    outer loop
      vertex 27.76743371814285 -18.80281662226443 12.5
      vertex 26.856081890263766 -18.236101642743538 12.5
      vertex 26.856081890263766 -18.236101642743538 11.299999999999999
    endloop
  endfacet
  facet normal -0.4713967399304185 -0.8819212626890076 0
    outer loop
      vertex 27.76743371814285 -18.80281662226443 12.5
      vertex 27.76743371814285 -18.80281662226443 11.299999999999999
      vertex 28.71389919460027 -19.308712963507364 12.5
    endloop
  endfacet
  facet normal 0 0 -1
    outer loop
      vertex 26.69193741441165 -19.95717846013402 12.5
      vertex 26.856081890263766 -18.236101642743538 12.5
      vertex 27.76743371814285 -18.80281662226443 12.5
    endloop
  endfacet
  facet normal -0.03271908675439367 0.9994645873476251 -1.2882661132976112e-18
    outer loop
      vertex 27.99999999897405 -20.000000001776993 12.5
      vertex 29.30806258304498 -19.957178461414095 12.5
      vertex 29.30806258304498 -19.957178461414095 11.299999999999999
    endloop
  endfacet
  facet normal -0.41270702556090016 -0.9108638268438782 -1.3887390764709064e-17
    outer loop
      vertex 29.69142542795899 -19.751624332131048 12.5
      vertex 28.71389919460027 -19.308712963507364 12.5
      vertex 28.71389919460027 -19.308712963507364 11.299999999999999
    endloop
  endfacet
  facet normal -0.09801714441379562 0.9951847262699348 2.263934767561924e-18
    outer loop
      vertex 29.30806258304498 -19.957178461414095 12.5
      vertex 30.04478116696217 -19.884618011151968 12.5
      vertex 30.04478116696217 -19.884618011151968 11.299999999999999
    endloop
  endfacet
  facet normal -0.35225003904648167 -0.9359059300975457 0
    outer loop
      vertex 29.69142542795899 -19.751624332131048 12.5
      vertex 29.69142542795899 -19.751624332131048 11.299999999999999
      vertex 30.04478116696217 -19.884618011151968 12.5
    endloop
  endfacet
  facet normal 0 0 -1
    outer loop
      vertex 27.99999999897405 -20.000000001776993 12.5
      vertex 28.71389919460027 -19.308712963507364 12.5
      vertex 29.30806258304498 -19.957178461414095 12.5
    endloop
  endfacet
  facet normal 0 0 -1
    outer loop
      vertex 27.99999999897405 -20.000000001776993 12.5
      vertex 27.76743371814285 -18.80281662226443 12.5
      vertex 28.71389919460027 -19.308712963507364 12.5
    endloop
  endfacet
  facet normal 0 0 -1
    outer loop
      vertex 29.30806258304498 -19.957178461414095 12.5
      vertex 28.71389919460027 -19.308712963507364 12.5
      vertex 29.69142542795899 -19.751624332131048 12.5
    endloop
  endfacet
  facet normal 0 0 -1
    outer loop
      vertex 29.30806258304498 -19.957178461414095 12.5
      vertex 29.69142542795899 -19.751624332131048 12.5
      vertex 30.04478116696217 -19.884618011151968 12.5
    endloop
  endfacet
  facet normal -0.5824777012077872 -0.8128466814816259 1.5841912418337652e-17
    outer loop
      vertex 26.856081890263766 -18.236101642743538 12.5
      vertex 25.983746283183756 -17.610994779826303 12.5
      vertex 25.983746283183756 -17.610994779826303 11.299999999999999
    endloop
  endfacet
  facet normal 0.6835923048046221 0.7298640700924417 0
    outer loop
      vertex 13.857864377422496 -14.142135620776425 12.5
      vertex 14.813083694246284 -15.036796148864575 11.299999999999999
      vertex 13.857864377422496 -14.142135620776425 11.299999999999999
    endloop
  endfacet
  facet normal 0.7730104519952868 0.6343932858298885 0
    outer loop
      vertex 12.132933192229071 -12.175228579159667 12.5
      vertex 12.963203853742936 -13.186916302959691 11.299999999999999
      vertex 12.132933192229071 -12.175228579159667 11.299999999999999
    endloop
  endfacet
  facet normal 0.729864072127628 0.6835923026316758 0
    outer loop
      vertex 12.963203853742936 -13.186916302959691 12.5
      vertex 13.857864377422496 -14.142135620776425 11.299999999999999
      vertex 12.963203853742936 -13.186916302959691 11.299999999999999
    endloop
  endfacet
  facet normal 0.6835923048046221 0.7298640700924417 0
    outer loop
      vertex 14.813083694246284 -15.036796148864575 12.5
      vertex 14.813083694246284 -15.036796148864575 11.299999999999999
      vertex 13.857864377422496 -14.142135620776425 12.5
    endloop
  endfacet
  facet normal 0.7730104519952868 0.6343932858298885 0
    outer loop
      vertex 12.963203853742936 -13.186916302959691 12.5
      vertex 12.963203853742936 -13.186916302959691 11.299999999999999
      vertex 12.132933192229071 -12.175228579159667 12.5
    endloop
  endfacet
  facet normal 0.729864072127628 0.6835923026316758 0
    outer loop
      vertex 13.857864377422496 -14.142135620776425 12.5
      vertex 13.857864377422496 -14.142135620776425 11.299999999999999
      vertex 12.963203853742936 -13.186916302959691 12.5
    endloop
  endfacet
  facet normal 0.8492021789390497 0.5280678548114534 0
    outer loop
      vertex 10.67949192328528 -10.000000001776993 12.5
      vertex 11.370607758458508 -11.111404658926476 11.299999999999999
      vertex 10.67949192328528 -10.000000001776993 11.299999999999999
    endloop
  endfacet
  facet normal 0.8819212662031701 0.4713967333558826 0
    outer loop
      vertex 10.062545173033264 -8.845773804050205 12.5
      vertex 10.67949192328528 -10.000000001776993 11.299999999999999
      vertex 10.062545173033264 -8.845773804050205 11.299999999999999
    endloop
  endfacet
  facet normal 0.9108638231292493 0.4127070337592607 0
    outer loop
      vertex 9.522409348094257 -7.653668648895517 12.5
      vertex 10.062545173033264 -8.845773804050205 11.299999999999999
      vertex 9.522409348094257 -7.653668648895517 11.299999999999999
    endloop
  endfacet
  facet normal 0.8128466870439105 0.5824776934456279 0
    outer loop
      vertex 11.370607758458508 -11.111404658926476 12.5
      vertex 12.132933192229071 -12.175228579159667 11.299999999999999
      vertex 11.370607758458508 -11.111404658926476 11.299999999999999
    endloop
  endfacet
  facet normal 0.8492021789390497 0.5280678548114534 -2.3625192250114596e-19
    outer loop
      vertex 10.67949192328528 -10.000000001776993 12.5
      vertex 11.370607758458508 -11.111404658926476 12.5
      vertex 11.370607758458508 -11.111404658926476 11.299999999999999
    endloop
  endfacet
  facet normal 0.8819212662031701 0.4713967333558826 0
    outer loop
      vertex 10.67949192328528 -10.000000001776993 12.5
      vertex 10.67949192328528 -10.000000001776993 11.299999999999999
      vertex 10.062545173033264 -8.845773804050205 12.5
    endloop
  endfacet
  facet normal 0.9108638231292493 0.4127070337592607 0
    outer loop
      vertex 10.062545173033264 -8.845773804050205 12.5
      vertex 10.062545173033264 -8.845773804050205 11.299999999999999
      vertex 9.522409348094257 -7.653668648895517 12.5
    endloop
  endfacet
  facet normal 0.8128466870439105 0.5824776934456279 0
    outer loop
      vertex 12.132933192229071 -12.175228579159667 12.5
      vertex 12.132933192229071 -12.175228579159667 11.299999999999999
      vertex 11.370607758458508 -11.111404658926476 12.5
    endloop
  endfacet
  facet normal 0 0 -1
    outer loop
      vertex 12.132933192229071 -12.175228579159667 12.5
      vertex 11.370607758458508 -11.111404658926476 12.5
      vertex 19.882555118210718 -7.799481280397181 12.5
    endloop
  endfacet
  facet normal 0 0 -1
    outer loop
      vertex 10.67949192328528 -10.000000001776993 12.5
      vertex 19.707737986449143 -6.740629554035997 12.5
      vertex 11.370607758458508 -11.111404658926476 12.5
    endloop
  endfacet
  facet normal 0 0 -1
    outer loop
      vertex 10.67949192328528 -10.000000001776993 12.5
      vertex 10.062545173033264 -8.845773804050205 12.5
      vertex 19.707737986449143 -6.740629554035997 12.5
    endloop
  endfacet
  facet normal 0.9359059271893382 0.3522500467734038 0
    outer loop
      vertex 9.061397411048794 -6.428789310090377 12.5
      vertex 9.522409348094257 -7.653668648895517 11.299999999999999
      vertex 9.061397411048794 -6.428789310090377 11.299999999999999
    endloop
  endfacet
  facet normal 0.956940336922603 0.29028467333025865 0
    outer loop
      vertex 8.681483479155126 -5.176380900727685 12.5
      vertex 9.061397411048794 -6.428789310090377 11.299999999999999
      vertex 8.681483479155126 -5.176380900727685 11.299999999999999
    endloop
  endfacet
  facet normal 0.9738769783461433 0.22707626702803063 0
    outer loop
      vertex 8.384294390745328 -3.9018064363595006 12.5
      vertex 8.681483479155126 -5.176380900727685 11.299999999999999
      vertex 8.384294390745328 -3.9018064363595006 11.299999999999999
    endloop
  endfacet
  facet normal 0.9359059271893382 0.3522500467734038 0
    outer loop
      vertex 9.522409348094257 -7.653668648895517 12.5
      vertex 9.522409348094257 -7.653668648895517 11.299999999999999
      vertex 9.061397411048794 -6.428789310090377 12.5
    endloop
  endfacet
  facet normal 0.956940336922603 0.29028467333025865 0
    outer loop
      vertex 9.061397411048794 -6.428789310090377 12.5
      vertex 9.061397411048794 -6.428789310090377 11.299999999999999
      vertex 8.681483479155126 -5.176380900727685 12.5
    endloop
  endfacet
  facet normal 0.9738769783461433 0.22707626702803063 0
    outer loop
      vertex 8.681483479155126 -5.176380900727685 12.5
      vertex 8.681483479155126 -5.176380900727685 11.299999999999999
      vertex 8.384294390745328 -3.9018064363595006 12.5
    endloop
  endfacet
  facet normal 0 0 -1
    outer loop
      vertex 10.062545173033264 -8.845773804050205 12.5
      vertex 9.522409348094257 -7.653668648895517 12.5
      vertex 19.602547372536648 -5.672611314456796 12.5
    endloop
  endfacet
  facet normal 0 0 -1
    outer loop
      vertex 9.522409348094257 -7.653668648895517 12.5
      vertex 9.061397411048794 -6.428789310090377 12.5
      vertex 19.5674337108372 -4.600000001143632 12.5
    endloop
  endfacet
  facet normal 0 0 -1
    outer loop
      vertex 9.061397411048794 -6.428789310090377 12.5
      vertex 8.681483479155126 -5.176380900727685 12.5
      vertex 19.5674337108372 -4.600000001143632 12.5
    endloop
  endfacet
  facet normal 0 0 -1
    outer loop
      vertex 8.681483479155126 -5.176380900727685 12.5
      vertex 8.384294390745328 -3.9018064363595006 12.5
      vertex 19.602547373426603 -3.5273886788382787 12.5
    endloop
  endfacet
  facet normal 0.9866433318850979 0.16289547460464535 0
    outer loop
      vertex 8.171102770272 -2.6105238438608316 12.5
      vertex 8.384294390745328 -3.9018064363595006 11.299999999999999
      vertex 8.171102770272 -2.6105238438608316 11.299999999999999
    endloop
  endfacet
  facet normal 0.9951847270977763 0.09801713600857954 0
    outer loop
      vertex 8.042821538585905 -1.3080625830449775 12.5
      vertex 8.171102770272 -2.6105238438608316 11.299999999999999
      vertex 8.042821538585905 -1.3080625830449775 11.299999999999999
    endloop
  endfacet
  facet normal 0.9994645873476251 0.03271908675439372 0
    outer loop
      vertex 7.999999998223007 1.02594865936112e-9 12.5
      vertex 8.042821538585905 -1.3080625830449775 11.299999999999999
      vertex 7.999999998223007 1.02594865936112e-9 11.299999999999999
    endloop
  endfacet
  facet normal 0.9866433318850979 0.16289547460464535 0
    outer loop
      vertex 8.384294390745328 -3.9018064363595006 12.5
      vertex 8.384294390745328 -3.9018064363595006 11.299999999999999
      vertex 8.171102770272 -2.6105238438608316 12.5
    endloop
  endfacet
  facet normal 0.9951847270977763 0.09801713600857954 0
    outer loop
      vertex 8.171102770272 -2.6105238438608316 12.5
      vertex 8.171102770272 -2.6105238438608316 11.299999999999999
      vertex 8.042821538585905 -1.3080625830449775 12.5
    endloop
  endfacet
  facet normal 0.9994645873476251 0.03271908675439372 0
    outer loop
      vertex 8.042821538585905 -1.3080625830449775 12.5
      vertex 8.042821538585905 -1.3080625830449775 11.299999999999999
      vertex 7.999999998223007 1.02594865936112e-9 12.5
    endloop
  endfacet
  facet normal 0 0 -1
    outer loop
      vertex 8.384294390745328 -3.9018064363595006 12.5
      vertex 8.171102770272 -2.6105238438608316 12.5
      vertex 19.70773798658059 -2.4593704491988375 12.5
    endloop
  endfacet
  facet normal 0 0 -1
    outer loop
      vertex 8.171102770272 -2.6105238438608316 12.5
      vertex 8.042821538585905 -1.3080625830449775 12.5
      vertex 19.70773798658059 -2.4593704491988375 12.5
    endloop
  endfacet
  facet normal 0 0 -1
    outer loop
      vertex 8.042821538585905 -1.3080625830449775 12.5
      vertex 7.999999998223007 1.02594865936112e-9 12.5
      vertex 19.882555114726014 -1.400518714215879 12.5
    endloop
  endfacet
  facet normal 0 0 -1
    outer loop
      vertex 19.882555114726014 -1.400518714215879 12.5
      vertex 7.999999998223007 1.02594865936112e-9 12.5
      vertex 8.042821539865983 1.3080625855883503 12.5
    endloop
  endfacet
  facet normal 0.6343932845409282 0.7730104530531089 0
    outer loop
      vertex 14.813083694246284 -15.036796148864575 12.5
      vertex 15.8247714202412 -15.867066809356617 11.299999999999999
      vertex 14.813083694246284 -15.036796148864575 11.299999999999999
    endloop
  endfacet
  facet normal -0.8492021814810947 -0.5280678507235125 0
    outer loop
      vertex 22.331332072072513 -13.711351817101347 12.5
      vertex 21.76461709354989 -12.799999998618082 11.299999999999999
      vertex 22.331332072072513 -13.711351817101347 11.299999999999999
    endloop
  endfacet
  facet normal -0.8819212639420245 -0.4713967375861887 0
    outer loop
      vertex 21.76461709354989 -12.799999998618082 12.5
      vertex 21.258720753492533 -11.85353451832728 11.299999999999999
      vertex 21.76461709354989 -12.799999998618082 11.299999999999999
    endloop
  endfacet
  facet normal 0.6343932845409282 0.7730104530531089 6.848170415035045e-18
    outer loop
      vertex 14.813083694246284 -15.036796148864575 12.5
      vertex 15.8247714202412 -15.867066809356617 12.5
      vertex 15.8247714202412 -15.867066809356617 11.299999999999999
    endloop
  endfacet
  facet normal 0 0 -1
    outer loop
      vertex 16.888595340190896 -16.629392247830776 12.5
      vertex 15.8247714202412 -15.867066809356617 12.5
      vertex 21.258720753492533 -11.85353451832728 12.5
    endloop
  endfacet
  facet normal 0 0 -1
    outer loop
      vertex 14.813083694246284 -15.036796148864575 12.5
      vertex 13.857864377422496 -14.142135620776425 12.5
      vertex 20.437779587807206 -9.871607230892119 12.5
    endloop
  endfacet
  facet normal 0 0 -1
    outer loop
      vertex 13.857864377422496 -14.142135620776425 12.5
      vertex 12.963203853742936 -13.186916302959691 12.5
      vertex 20.437779587807206 -9.871607230892119 12.5
    endloop
  endfacet
  facet normal 0 0 -1
    outer loop
      vertex 14.813083694246284 -15.036796148864575 12.5
      vertex 20.815809384043224 -10.8760082879156 12.5
      vertex 15.8247714202412 -15.867066809356617 12.5
    endloop
  endfacet
  facet normal 0 0 -1
    outer loop
      vertex 16.888595340190896 -16.629392247830776 12.5
      vertex 21.76461709354989 -12.799999998618082 12.5
      vertex 18 -17.32050807568877 12.5
    endloop
  endfacet
  facet normal 0 0 -1
    outer loop
      vertex 19.15422619378709 -17.93745483103886 12.5
      vertex 22.331332072072513 -13.711351817101347 12.5
      vertex 22.956438932850347 -14.583687439274675 12.5
    endloop
  endfacet
  facet normal 0 0 -1
    outer loop
      vertex 18 -17.32050807568877 12.5
      vertex 21.76461709354989 -12.799999998618082 12.5
      vertex 22.331332072072513 -13.711351817101347 12.5
    endloop
  endfacet
  facet normal 0 0 -1
    outer loop
      vertex 16.888595340190896 -16.629392247830776 12.5
      vertex 21.258720753492533 -11.85353451832728 12.5
      vertex 21.76461709354989 -12.799999998618082 12.5
    endloop
  endfacet
  facet normal 0 0 -1
    outer loop
      vertex 15.8247714202412 -15.867066809356617 12.5
      vertex 20.815809384043224 -10.8760082879156 12.5
      vertex 21.258720753492533 -11.85353451832728 12.5
    endloop
  endfacet
  facet normal -0.8492021814810947 -0.5280678507235125 1.56952028236231e-17
    outer loop
      vertex 22.331332072072513 -13.711351817101347 12.5
      vertex 21.76461709354989 -12.799999998618082 12.5
      vertex 21.76461709354989 -12.799999998618082 11.299999999999999
    endloop
  endfacet
  facet normal -0.8819212639420245 -0.4713967375861887 -1.156630620083029e-17
    outer loop
      vertex 21.76461709354989 -12.799999998618082 12.5
      vertex 21.258720753492533 -11.85353451832728 12.5
      vertex 21.258720753492533 -11.85353451832728 11.299999999999999
    endloop
  endfacet
  facet normal -0.910863826086945 -0.412707027231487 0
    outer loop
      vertex 21.258720753492533 -11.85353451832728 12.5
      vertex 20.815809384043224 -10.8760082879156 11.299999999999999
      vertex 21.258720753492533 -11.85353451832728 11.299999999999999
    endloop
  endfacet
  facet normal -0.9359059246830885 -0.35225005343234944 0
    outer loop
      vertex 20.815809384043224 -10.8760082879156 12.5
      vertex 20.437779587807206 -9.871607230892119 11.299999999999999
      vertex 20.815809384043224 -10.8760082879156 11.299999999999999
    endloop
  endfacet
  facet normal -0.9569403364280944 -0.2902846749604351 0
    outer loop
      vertex 20.437779587807206 -9.871607230892119 12.5
      vertex 20.126250162224174 -8.844632336797865 11.299999999999999
      vertex 20.437779587807206 -9.871607230892119 11.299999999999999
    endloop
  endfacet
  facet normal -0.9738769798835863 -0.2270762604342975 0
    outer loop
      vertex 20.126250162224174 -8.844632336797865 12.5
      vertex 19.882555118210718 -7.799481280397181 11.299999999999999
      vertex 20.126250162224174 -8.844632336797865 11.299999999999999
    endloop
  endfacet
  facet normal 0 0 -1
    outer loop
      vertex 12.963203853742936 -13.186916302959691 12.5
      vertex 12.132933192229071 -12.175228579159667 12.5
      vertex 20.126250162224174 -8.844632336797865 12.5
    endloop
  endfacet
  facet normal 0 0 -1
    outer loop
      vertex 14.813083694246284 -15.036796148864575 12.5
      vertex 20.437779587807206 -9.871607230892119 12.5
      vertex 20.815809384043224 -10.8760082879156 12.5
    endloop
  endfacet
  facet normal 0 0 -1
    outer loop
      vertex 12.963203853742936 -13.186916302959691 12.5
      vertex 20.126250162224174 -8.844632336797865 12.5
      vertex 20.437779587807206 -9.871607230892119 12.5
    endloop
  endfacet
  facet normal 0 0 -1
    outer loop
      vertex 12.132933192229071 -12.175228579159667 12.5
      vertex 19.882555118210718 -7.799481280397181 12.5
      vertex 20.126250162224174 -8.844632336797865 12.5
    endloop
  endfacet
  facet normal 0 0 -1
    outer loop
      vertex 11.370607758458508 -11.111404658926476 12.5
      vertex 19.707737986449143 -6.740629554035997 12.5
      vertex 19.882555118210718 -7.799481280397181 12.5
    endloop
  endfacet
  facet normal -0.9359059246830885 -0.35225005343234944 1.0991071336445568e-17
    outer loop
      vertex 20.815809384043224 -10.8760082879156 12.5
      vertex 20.437779587807206 -9.871607230892119 12.5
      vertex 20.437779587807206 -9.871607230892119 11.299999999999999
    endloop
  endfacet
  facet normal -0.910863826086945 -0.412707027231487 1.8979501018385002e-17
    outer loop
      vertex 21.258720753492533 -11.85353451832728 12.5
      vertex 20.815809384043224 -10.8760082879156 12.5
      vertex 20.815809384043224 -10.8760082879156 11.299999999999999
    endloop
  endfacet
  facet normal -0.9569403364280944 -0.2902846749604351 1.3828843169250379e-17
    outer loop
      vertex 20.437779587807206 -9.871607230892119 12.5
      vertex 20.126250162224174 -8.844632336797865 12.5
      vertex 20.126250162224174 -8.844632336797865 11.299999999999999
    endloop
  endfacet
  facet normal -0.9738769798835863 -0.2270762604342975 -4.823854994683893e-18
    outer loop
      vertex 20.126250162224174 -8.844632336797865 12.5
      vertex 19.882555118210718 -7.799481280397181 12.5
      vertex 19.882555118210718 -7.799481280397181 11.299999999999999
    endloop
  endfacet
  facet normal -0.7730104512685019 -0.6343932867154785 0
    outer loop
      vertex 23.637260871605307 -15.413271366360748 12.5
      vertex 22.956438932850347 -14.583687439274675 11.299999999999999
      vertex 23.637260871605307 -15.413271366360748 11.299999999999999
    endloop
  endfacet
  facet normal -0.7298640723879581 -0.6835923023537239 0
    outer loop
      vertex 24.37088250506687 -16.19655121188642 12.5
      vertex 23.637260871605307 -15.413271366360748 11.299999999999999
      vertex 24.37088250506687 -16.19655121188642 11.299999999999999
    endloop
  endfacet
  facet normal -0.8128466871971282 -0.5824776932318132 0
    outer loop
      vertex 22.956438932850347 -14.583687439274675 12.5
      vertex 22.331332072072513 -13.711351817101347 11.299999999999999
      vertex 22.956438932850347 -14.583687439274675 11.299999999999999
    endloop
  endfacet
  facet normal -0.7298640723879581 -0.6835923023537239 0
    outer loop
      vertex 23.637260871605307 -15.413271366360748 12.5
      vertex 23.637260871605307 -15.413271366360748 11.299999999999999
      vertex 24.37088250506687 -16.19655121188642 12.5
    endloop
  endfacet
  facet normal -0.7730104512685019 -0.6343932867154785 -3.3921557769224016e-17
    outer loop
      vertex 23.637260871605307 -15.413271366360748 12.5
      vertex 22.956438932850347 -14.583687439274675 12.5
      vertex 22.956438932850347 -14.583687439274675 11.299999999999999
    endloop
  endfacet
  facet normal -0.8128466871971282 -0.5824776932318132 0
    outer loop
      vertex 22.331332072072513 -13.711351817101347 12.5
      vertex 22.331332072072513 -13.711351817101347 11.299999999999999
      vertex 22.956438932850347 -14.583687439274675 12.5
    endloop
  endfacet
  facet normal -0.9866433314524625 -0.16289547722507955 0
    outer loop
      vertex 19.882555118210718 -7.799481280397181 12.5
      vertex 19.707737986449143 -6.740629554035997 11.299999999999999
      vertex 19.882555118210718 -7.799481280397181 11.299999999999999
    endloop
  endfacet
  facet normal -0.9951847267916949 -0.09801713911627763 0
    outer loop
      vertex 19.707737986449143 -6.740629554035997 12.5
      vertex 19.602547372536648 -5.672611314456796 11.299999999999999
      vertex 19.707737986449143 -6.740629554035997 11.299999999999999
    endloop
  endfacet
  facet normal -0.999464587384617 -0.03271908562440781 0
    outer loop
      vertex 19.602547372536648 -5.672611314456796 12.5
      vertex 19.5674337108372 -4.600000001143632 11.299999999999999
      vertex 19.602547372536648 -5.672611314456796 11.299999999999999
    endloop
  endfacet
  facet normal -0.9994645873664687 0.032719086178778965 0
    outer loop
      vertex 19.5674337108372 -4.600000001143632 12.5
      vertex 19.602547373426603 -3.5273886788382787 11.299999999999999
      vertex 19.5674337108372 -4.600000001143632 11.299999999999999
    endloop
  endfacet
  facet normal 0 0 -1
    outer loop
      vertex 10.062545173033264 -8.845773804050205 12.5
      vertex 19.602547372536648 -5.672611314456796 12.5
      vertex 19.707737986449143 -6.740629554035997 12.5
    endloop
  endfacet
  facet normal 0 0 -1
    outer loop
      vertex 9.522409348094257 -7.653668648895517 12.5
      vertex 19.5674337108372 -4.600000001143632 12.5
      vertex 19.602547372536648 -5.672611314456796 12.5
    endloop
  endfacet
  facet normal 0 0 -1
    outer loop
      vertex 8.681483479155126 -5.176380900727685 12.5
      vertex 19.602547373426603 -3.5273886788382787 12.5
      vertex 19.5674337108372 -4.600000001143632 12.5
    endloop
  endfacet
  facet normal -0.9866433314524625 -0.16289547722507955 -7.919932592290118e-18
    outer loop
      vertex 19.882555118210718 -7.799481280397181 12.5
      vertex 19.707737986449143 -6.740629554035997 12.5
      vertex 19.707737986449143 -6.740629554035997 11.299999999999999
    endloop
  endfacet
  facet normal -0.9951847267916949 -0.09801713911627763 3.8160300979032485e-18
    outer loop
      vertex 19.707737986449143 -6.740629554035997 12.5
      vertex 19.602547372536648 -5.672611314456796 12.5
      vertex 19.602547372536648 -5.672611314456796 11.299999999999999
    endloop
  endfacet
  facet normal -0.999464587384617 -0.03271908562440781 2.2741560298963196e-18
    outer loop
      vertex 19.602547372536648 -5.672611314456796 12.5
      vertex 19.5674337108372 -4.600000001143632 12.5
      vertex 19.5674337108372 -4.600000001143632 11.299999999999999
    endloop
  endfacet
  facet normal -0.9951847267716555 0.09801713931974176 0
    outer loop
      vertex 19.602547373426603 -3.5273886788382787 12.5
      vertex 19.70773798658059 -2.4593704491988375 11.299999999999999
      vertex 19.602547373426603 -3.5273886788382787 11.299999999999999
    endloop
  endfacet
  facet normal -0.9866433322071918 0.16289547265375057 0
    outer loop
      vertex 19.70773798658059 -2.4593704491988375 12.5
      vertex 19.882555114726014 -1.400518714215879 11.299999999999999
      vertex 19.70773798658059 -2.4593704491988375 11.299999999999999
    endloop
  endfacet
  facet normal -0.9738769781234327 0.2270762679831846 0
    outer loop
      vertex 19.882555114726014 -1.400518714215879 12.5
      vertex 20.12625016603383 -0.35536766316519564 11.299999999999999
      vertex 19.882555114726014 -1.400518714215879 11.299999999999999
    endloop
  endfacet
  facet normal -0.9569403362971597 0.2902846753920692 0
    outer loop
      vertex 20.12625016603383 -0.35536766316519564 12.5
      vertex 20.43777959269824 0.6716072328263244 11.299999999999999
      vertex 20.12625016603383 -0.35536766316519564 11.299999999999999
    endloop
  endfacet
  facet normal 0 0 -1
    outer loop
      vertex 8.384294390745328 -3.9018064363595006 12.5
      vertex 19.70773798658059 -2.4593704491988375 12.5
      vertex 19.602547373426603 -3.5273886788382787 12.5
    endloop
  endfacet
  facet normal 0 0 -1
    outer loop
      vertex 8.042821538585905 -1.3080625830449775 12.5
      vertex 19.882555114726014 -1.400518714215879 12.5
      vertex 19.70773798658059 -2.4593704491988375 12.5
    endloop
  endfacet
  facet normal 0 0 -1
    outer loop
      vertex 19.882555114726014 -1.400518714215879 12.5
      vertex 8.042821539865983 1.3080625855883503 12.5
      vertex 20.12625016603383 -0.35536766316519564 12.5
    endloop
  endfacet
  facet normal -0.9994645873664687 0.032719086178778965 -4.068715573621164e-19
    outer loop
      vertex 19.5674337108372 -4.600000001143632 12.5
      vertex 19.602547373426603 -3.5273886788382787 12.5
      vertex 19.602547373426603 -3.5273886788382787 11.299999999999999
    endloop
  endfacet
  facet normal -0.9951847267716555 0.09801713931974176 5.175830875112197e-18
    outer loop
      vertex 19.602547373426603 -3.5273886788382787 12.5
      vertex 19.70773798658059 -2.4593704491988375 12.5
      vertex 19.70773798658059 -2.4593704491988375 11.299999999999999
    endloop
  endfacet
  facet normal -0.9866433322071918 0.16289547265375057 1.0625295514273509e-17
    outer loop
      vertex 19.70773798658059 -2.4593704491988375 12.5
      vertex 19.882555114726014 -1.400518714215879 12.5
      vertex 19.882555114726014 -1.400518714215879 11.299999999999999
    endloop
  endfacet
  facet normal -0.9738769781234327 0.2270762679831846 6.335656510682027e-18
    outer loop
      vertex 19.882555114726014 -1.400518714215879 12.5
      vertex 20.12625016603383 -0.35536766316519564 12.5
      vertex 20.12625016603383 -0.35536766316519564 11.299999999999999
    endloop
  endfacet
  facet normal 0.9994645873160423 -0.03271908771914866 0
    outer loop
      vertex 8.042821539865983 1.3080625855883503 12.5
      vertex 7.999999998223007 1.02594865936112e-9 11.299999999999999
      vertex 8.042821539865983 1.3080625855883503 11.299999999999999
    endloop
  endfacet
  facet normal 0.99518472708486 -0.09801713613972039 0
    outer loop
      vertex 8.171102771345684 2.6105238425491253 12.5
      vertex 8.042821539865983 1.3080625855883503 11.299999999999999
      vertex 8.171102771345684 2.6105238425491253 11.299999999999999
    endloop
  endfacet
  facet normal 0.9866433317337536 -0.1628954755213236 0
    outer loop
      vertex 8.38429439433359 3.9018064428137333 12.5
      vertex 8.171102771345684 2.6105238425491253 11.299999999999999
      vertex 8.38429439433359 3.9018064428137333 11.299999999999999
    endloop
  endfacet
  facet normal 0.9994645873160423 -0.03271908771914866 0
    outer loop
      vertex 7.999999998223007 1.02594865936112e-9 12.5
      vertex 7.999999998223007 1.02594865936112e-9 11.299999999999999
      vertex 8.042821539865983 1.3080625855883503 12.5
    endloop
  endfacet
  facet normal 0.99518472708486 -0.09801713613972039 0
    outer loop
      vertex 8.042821539865983 1.3080625855883503 12.5
      vertex 8.042821539865983 1.3080625855883503 11.299999999999999
      vertex 8.171102771345684 2.6105238425491253 12.5
    endloop
  endfacet
  facet normal 0.9866433317337536 -0.1628954755213236 0
    outer loop
      vertex 8.171102771345684 2.6105238425491253 12.5
      vertex 8.171102771345684 2.6105238425491253 11.299999999999999
      vertex 8.38429439433359 3.9018064428137333 12.5
    endloop
  endfacet
  facet normal 0 0 -1
    outer loop
      vertex 20.12625016603383 -0.35536766316519564 12.5
      vertex 8.042821539865983 1.3080625855883503 12.5
      vertex 8.171102771345684 2.6105238425491253 12.5
    endloop
  endfacet
  facet normal 0 0 -1
    outer loop
      vertex 8.171102771345684 2.6105238425491253 12.5
      vertex 8.38429439433359 3.9018064428137333 12.5
      vertex 20.43777959269824 0.6716072328263244 12.5
    endloop
  endfacet
  facet normal 0 0 -1
    outer loop
      vertex 8.38429439433359 3.9018064428137333 12.5
      vertex 8.681483476694812 5.176380900068446 12.5
      vertex 20.43777959269824 0.6716072328263244 12.5
    endloop
  endfacet
  facet normal 0.9738769790879216 -0.22707626384671734 0
    outer loop
      vertex 8.681483476694812 5.176380900068446 12.5
      vertex 8.38429439433359 3.9018064428137333 11.299999999999999
      vertex 8.681483476694812 5.176380900068446 11.299999999999999
    endloop
  endfacet
  facet normal 0.9569403368385788 -0.2902846736072492 0
    outer loop
      vertex 9.061397407205753 6.4287893035678785 12.5
      vertex 8.681483476694812 5.176380900068446 11.299999999999999
      vertex 9.061397407205753 6.4287893035678785 11.299999999999999
    endloop
  endfacet
  facet normal 0.9359059269292485 -0.35225004746444566 0
    outer loop
      vertex 9.522409348368239 7.6536686505683305 12.5
      vertex 9.061397407205753 6.4287893035678785 11.299999999999999
      vertex 9.522409348368239 7.6536686505683305 11.299999999999999
    endloop
  endfacet
  facet normal 0.9738769790879216 -0.22707626384671734 0
    outer loop
      vertex 8.38429439433359 3.9018064428137333 12.5
      vertex 8.38429439433359 3.9018064428137333 11.299999999999999
      vertex 8.681483476694812 5.176380900068446 12.5
    endloop
  endfacet
  facet normal 0.9569403368385788 -0.2902846736072492 0
    outer loop
      vertex 8.681483476694812 5.176380900068446 12.5
      vertex 8.681483476694812 5.176380900068446 11.299999999999999
      vertex 9.061397407205753 6.4287893035678785 12.5
    endloop
  endfacet
  facet normal 0.9359059269292485 -0.35225004746444566 0
    outer loop
      vertex 9.061397407205753 6.4287893035678785 12.5
      vertex 9.061397407205753 6.4287893035678785 11.299999999999999
      vertex 9.522409348368239 7.6536686505683305 12.5
    endloop
  endfacet
  facet normal 0 0 -1
    outer loop
      vertex 8.681483476694812 5.176380900068446 12.5
      vertex 9.061397407205753 6.4287893035678785 12.5
      vertex 20.81580938030447 1.6760082916739754 12.5
    endloop
  endfacet
  facet normal 0 0 -1
    outer loop
      vertex 9.061397407205753 6.4287893035678785 12.5
      vertex 9.522409348368239 7.6536686505683305 12.5
      vertex 20.81580938030447 1.6760082916739754 12.5
    endloop
  endfacet
  facet normal 0 0 -1
    outer loop
      vertex 9.522409348368239 7.6536686505683305 12.5
      vertex 10.06254516896114 8.845773806212911 12.5
      vertex 21.258720755380544 2.6535345213074053 12.5
    endloop
  endfacet
  facet normal 0 0 -1
    outer loop
      vertex 10.06254516896114 8.845773806212911 12.5
      vertex 10.679491924311229 10 12.5
      vertex 21.764617090171086 3.600000001490116 12.5
    endloop
  endfacet
  facet normal 0.9108638244413503 -0.4127070308633925 0
    outer loop
      vertex 10.06254516896114 8.845773806212911 12.5
      vertex 9.522409348368239 7.6536686505683305 11.299999999999999
      vertex 10.06254516896114 8.845773806212911 11.299999999999999
    endloop
  endfacet
  facet normal 0.8819212639148221 -0.47139673763708073 0
    outer loop
      vertex 10.679491924311229 10 12.5
      vertex 10.06254516896114 8.845773806212911 11.299999999999999
      vertex 10.679491924311229 10 11.299999999999999
    endloop
  endfacet
  facet normal 0.8492021820122309 -0.5280678498693763 0
    outer loop
      vertex 11.370607752169224 11.111404659809104 12.5
      vertex 10.679491924311229 10 11.299999999999999
      vertex 11.370607752169224 11.111404659809104 11.299999999999999
    endloop
  endfacet
  facet normal 0.8128466852688215 -0.5824776959227617 0
    outer loop
      vertex 12.132933190643381 12.1752285797588 12.5
      vertex 11.370607752169224 11.111404659809104 11.299999999999999
      vertex 12.132933190643381 12.1752285797588 11.299999999999999
    endloop
  endfacet
  facet normal 0.9108638244413503 -0.4127070308633925 0
    outer loop
      vertex 9.522409348368239 7.6536686505683305 12.5
      vertex 9.522409348368239 7.6536686505683305 11.299999999999999
      vertex 10.06254516896114 8.845773806212911 12.5
    endloop
  endfacet
  facet normal 0.8819212639148221 -0.47139673763708073 0
    outer loop
      vertex 10.06254516896114 8.845773806212911 12.5
      vertex 10.06254516896114 8.845773806212911 11.299999999999999
      vertex 10.679491924311229 10 12.5
    endloop
  endfacet
  facet normal 0.8492021820122309 -0.5280678498693763 0
    outer loop
      vertex 10.679491924311229 10 12.5
      vertex 10.679491924311229 10 11.299999999999999
      vertex 11.370607752169224 11.111404659809104 12.5
    endloop
  endfacet
  facet normal 0 0 -1
    outer loop
      vertex 10.679491924311229 10 12.5
      vertex 11.370607752169224 11.111404659809104 12.5
      vertex 21.764617090171086 3.600000001490116 12.5
    endloop
  endfacet
  facet normal 0.8128466852688215 -0.5824776959227617 0
    outer loop
      vertex 11.370607752169224 11.111404659809104 12.5
      vertex 11.370607752169224 11.111404659809104 11.299999999999999
      vertex 12.132933190643381 12.1752285797588 12.5
    endloop
  endfacet
  facet normal 0.7730104530531082 -0.6343932845409291 0
    outer loop
      vertex 12.963203851135425 13.186916305753716 12.5
      vertex 12.132933190643381 12.1752285797588 11.299999999999999
      vertex 12.963203851135425 13.186916305753716 11.299999999999999
    endloop
  endfacet
  facet normal 0.7298640700924417 -0.6835923048046221 0
    outer loop
      vertex 13.857864379223575 14.142135622577504 12.5
      vertex 12.963203851135425 13.186916305753716 11.299999999999999
      vertex 13.857864379223575 14.142135622577504 11.299999999999999
    endloop
  endfacet
  facet normal 0.6835923026316758 -0.729864072127628 0
    outer loop
      vertex 14.813083697040309 15.036796146257064 12.5
      vertex 13.857864379223575 14.142135622577504 11.299999999999999
      vertex 14.813083697040309 15.036796146257064 11.299999999999999
    endloop
  endfacet
  facet normal 0.7730104530531082 -0.6343932845409291 0
    outer loop
      vertex 12.132933190643381 12.1752285797588 12.5
      vertex 12.132933190643381 12.1752285797588 11.299999999999999
      vertex 12.963203851135425 13.186916305753716 12.5
    endloop
  endfacet
  facet normal 0.7298640700924417 -0.6835923048046221 0
    outer loop
      vertex 12.963203851135425 13.186916305753716 12.5
      vertex 12.963203851135425 13.186916305753716 11.299999999999999
      vertex 13.857864379223575 14.142135622577504 12.5
    endloop
  endfacet
  facet normal 0.6835923026316758 -0.729864072127628 0
    outer loop
      vertex 13.857864379223575 14.142135622577504 12.5
      vertex 13.857864379223575 14.142135622577504 11.299999999999999
      vertex 14.813083697040309 15.036796146257064 12.5
    endloop
  endfacet
  facet normal -0.9359059275449889 0.35225004582846237 0
    outer loop
      vertex 20.43777959269824 0.6716072328263244 12.5
      vertex 20.81580938030447 1.6760082916739754 11.299999999999999
      vertex 20.43777959269824 0.6716072328263244 11.299999999999999
    endloop
  endfacet
  facet normal -0.9108638239924614 0.4127070318541115 0
    outer loop
      vertex 20.81580938030447 1.6760082916739754 12.5
      vertex 21.258720755380544 2.6535345213074053 11.299999999999999
      vertex 20.81580938030447 1.6760082916739754 11.299999999999999
    endloop
  endfacet
  facet normal -0.881921265959922 0.47139673381096786 0
    outer loop
      vertex 21.258720755380544 2.6535345213074053 12.5
      vertex 21.764617090171086 3.600000001490116 11.299999999999999
      vertex 21.258720755380544 2.6535345213074053 11.299999999999999
    endloop
  endfacet
  facet normal -0.8492021797212699 0.5280678535535409 0
    outer loop
      vertex 21.764617090171086 3.600000001490116 12.5
      vertex 22.33133207241908 4.5113518191915185 11.299999999999999
      vertex 21.764617090171086 3.600000001490116 11.299999999999999
    endloop
  endfacet
  facet normal 0 0 -1
    outer loop
      vertex 20.12625016603383 -0.35536766316519564 12.5
      vertex 8.171102771345684 2.6105238425491253 12.5
      vertex 20.43777959269824 0.6716072328263244 12.5
    endloop
  endfacet
  facet normal 0 0 -1
    outer loop
      vertex 8.681483476694812 5.176380900068446 12.5
      vertex 20.81580938030447 1.6760082916739754 12.5
      vertex 20.43777959269824 0.6716072328263244 12.5
    endloop
  endfacet
  facet normal 0 0 -1
    outer loop
      vertex 9.522409348368239 7.6536686505683305 12.5
      vertex 21.258720755380544 2.6535345213074053 12.5
      vertex 20.81580938030447 1.6760082916739754 12.5
    endloop
  endfacet
  facet normal -0.9569403362971597 0.2902846753920692 -1.6796709271494637e-17
    outer loop
      vertex 20.12625016603383 -0.35536766316519564 12.5
      vertex 20.43777959269824 0.6716072328263244 12.5
      vertex 20.43777959269824 0.6716072328263244 11.299999999999999
    endloop
  endfacet
  facet normal -0.9359059275449889 0.35225004582846237 6.5491068198169444e-18
    outer loop
      vertex 20.43777959269824 0.6716072328263244 12.5
      vertex 20.81580938030447 1.6760082916739754 12.5
      vertex 20.81580938030447 1.6760082916739754 11.299999999999999
    endloop
  endfacet
  facet normal -0.9108638239924614 0.4127070318541115 -6.9124572703895835e-18
    outer loop
      vertex 20.81580938030447 1.6760082916739754 12.5
      vertex 21.258720755380544 2.6535345213074053 12.5
      vertex 21.258720755380544 2.6535345213074053 11.299999999999999
    endloop
  endfacet
  facet normal -0.881921265959922 0.47139673381096786 1.3157764820232221e-17
    outer loop
      vertex 21.258720755380544 2.6535345213074053 12.5
      vertex 21.764617090171086 3.600000001490116 12.5
      vertex 21.764617090171086 3.600000001490116 11.299999999999999
    endloop
  endfacet
  facet normal 0 0 -1
    outer loop
      vertex 10.06254516896114 8.845773806212911 12.5
      vertex 21.764617090171086 3.600000001490116 12.5
      vertex 21.258720755380544 2.6535345213074053 12.5
    endloop
  endfacet
  facet normal 0 0 -1
    outer loop
      vertex 21.764617090171086 3.600000001490116 12.5
      vertex 11.370607752169224 11.111404659809104 12.5
      vertex 22.33133207241908 4.5113518191915185 12.5
    endloop
  endfacet
  facet normal -0.8492021797212699 0.5280678535535409 1.1809699523941673e-17
    outer loop
      vertex 21.764617090171086 3.600000001490116 12.5
      vertex 22.33133207241908 4.5113518191915185 12.5
      vertex 22.33133207241908 4.5113518191915185 11.299999999999999
    endloop
  endfacet
  facet normal 0 0 -1
    outer loop
      vertex 22.33133207241908 4.5113518191915185 12.5
      vertex 12.132933190643381 12.1752285797588 12.5
      vertex 22.956438932609213 5.383687436449213 12.5
    endloop
  endfacet
  facet normal -0.8128466859023649 0.5824776950386532 0
    outer loop
      vertex 22.33133207241908 4.5113518191915185 12.5
      vertex 22.956438932609213 5.383687436449213 11.299999999999999
      vertex 22.33133207241908 4.5113518191915185 11.299999999999999
    endloop
  endfacet
  facet normal -0.7730104519441755 0.6343932858921676 0
    outer loop
      vertex 22.956438932609213 5.383687436449213 12.5
      vertex 23.637260871356155 6.213271365327267 11.299999999999999
      vertex 22.956438932609213 5.383687436449213 11.299999999999999
    endloop
  endfacet
  facet normal -0.7298640713674309 0.68359230344333 0
    outer loop
      vertex 23.637260871356155 6.213271365327267 12.5
      vertex 24.370882507001486 6.9965512108408054 11.299999999999999
      vertex 23.637260871356155 6.213271365327267 11.299999999999999
    endloop
  endfacet
  facet normal -0.6835923057317173 0.7298640692241224 0
    outer loop
      vertex 24.370882507001486 6.9965512108408054 12.5
      vertex 25.154162342349476 7.7301728415752695 11.299999999999999
      vertex 24.370882507001486 6.9965512108408054 11.299999999999999
    endloop
  endfacet
  facet normal -0.6343932835832179 0.7730104538390815 0
    outer loop
      vertex 25.154162342349476 7.7301728415752695 12.5
      vertex 25.983746279613236 8.410994783057328 11.299999999999999
      vertex 25.154162342349476 7.7301728415752695 11.299999999999999
    endloop
  endfacet
  facet normal -0.8128466859023649 0.5824776950386532 -8.367810372842346e-18
    outer loop
      vertex 22.33133207241908 4.5113518191915185 12.5
      vertex 22.956438932609213 5.383687436449213 12.5
      vertex 22.956438932609213 5.383687436449213 11.299999999999999
    endloop
  endfacet
  facet normal -0.7730104519441755 0.6343932858921676 2.186925701743302e-17
    outer loop
      vertex 22.956438932609213 5.383687436449213 12.5
      vertex 23.637260871356155 6.213271365327267 12.5
      vertex 23.637260871356155 6.213271365327267 11.299999999999999
    endloop
  endfacet
  facet normal -0.7298640713674309 0.68359230344333 1.2571740762477933e-18
    outer loop
      vertex 23.637260871356155 6.213271365327267 12.5
      vertex 24.370882507001486 6.9965512108408054 12.5
      vertex 24.370882507001486 6.9965512108408054 11.299999999999999
    endloop
  endfacet
  facet normal -0.6835923057317173 0.7298640692241224 -1.0890666669298453e-17
    outer loop
      vertex 24.370882507001486 6.9965512108408054 12.5
      vertex 25.154162342349476 7.7301728415752695 12.5
      vertex 25.154162342349476 7.7301728415752695 11.299999999999999
    endloop
  endfacet
  facet normal 0 0 -1
    outer loop
      vertex 22.33133207241908 4.5113518191915185 12.5
      vertex 11.370607752169224 11.111404659809104 12.5
      vertex 12.132933190643381 12.1752285797588 12.5
    endloop
  endfacet
  facet normal 0 0 -1
    outer loop
      vertex 12.132933190643381 12.1752285797588 12.5
      vertex 12.963203851135425 13.186916305753716 12.5
      vertex 22.956438932609213 5.383687436449213 12.5
    endloop
  endfacet
  facet normal 0 0 -1
    outer loop
      vertex 12.963203851135425 13.186916305753716 12.5
      vertex 13.857864379223575 14.142135622577504 12.5
      vertex 22.956438932609213 5.383687436449213 12.5
    endloop
  endfacet
  facet normal 0 0 -1
    outer loop
      vertex 13.857864379223575 14.142135622577504 12.5
      vertex 14.813083697040309 15.036796146257064 12.5
      vertex 23.637260871356155 6.213271365327267 12.5
    endloop
  endfacet
  facet normal 0 0 -1
    outer loop
      vertex 13.857864379223575 14.142135622577504 12.5
      vertex 23.637260871356155 6.213271365327267 12.5
      vertex 22.956438932609213 5.383687436449213 12.5
    endloop
  endfacet
  facet normal 0 0 -1
    outer loop
      vertex 15.824771420840332 15.867066807770929 12.5
      vertex 24.370882507001486 6.9965512108408054 12.5
      vertex 23.637260871356155 6.213271365327267 12.5
    endloop
  endfacet
  facet normal 0 0 -1
    outer loop
      vertex 16.888595341073525 16.629392241541492 12.5
      vertex 25.154162342349476 7.7301728415752695 12.5
      vertex 24.370882507001486 6.9965512108408054 12.5
    endloop
  endfacet
  facet normal 0.6343932858298891 -0.7730104519952862 0
    outer loop
      vertex 15.824771420840332 15.867066807770929 12.5
      vertex 14.813083697040309 15.036796146257064 11.299999999999999
      vertex 15.824771420840332 15.867066807770929 11.299999999999999
    endloop
  endfacet
  facet normal 0 0 -1
    outer loop
      vertex 14.813083697040309 15.036796146257064 12.5
      vertex 15.824771420840332 15.867066807770929 12.5
      vertex 23.637260871356155 6.213271365327267 12.5
    endloop
  endfacet
  facet normal 0.6343932858298891 -0.7730104519952862 0
    outer loop
      vertex 14.813083697040309 15.036796146257064 12.5
      vertex 14.813083697040309 15.036796146257064 11.299999999999999
      vertex 15.824771420840332 15.867066807770929 12.5
    endloop
  endfacet
  facet normal 0 0 -1
    outer loop
      vertex 15.824771420840332 15.867066807770929 12.5
      vertex 16.888595341073525 16.629392241541492 12.5
      vertex 24.370882507001486 6.9965512108408054 12.5
    endloop
  endfacet
  facet normal 0 0 -1
    outer loop
      vertex 16.888595341073525 16.629392241541492 12.5
      vertex 17.999999998223007 17.32050807671472 12.5
      vertex 25.154162342349476 7.7301728415752695 12.5
    endloop
  endfacet
  facet normal 0 0 -1
    outer loop
      vertex 17.999999998223007 17.32050807671472 12.5
      vertex 19.154226195949796 17.937454826966736 12.5
      vertex 25.154162342349476 7.7301728415752695 12.5
    endloop
  endfacet
  facet normal 0 0 -1
    outer loop
      vertex 19.154226195949796 17.937454826966736 12.5
      vertex 20.34633135110448 18.477590651905743 12.5
      vertex 25.983746279613236 8.410994783057328 12.5
    endloop
  endfacet
  facet normal -0.582477696043002 0.8128466851826587 0
    outer loop
      vertex 25.983746279613236 8.410994783057328 12.5
      vertex 26.85608189160888 9.036101641108061 11.299999999999999
      vertex 25.983746279613236 8.410994783057328 11.299999999999999
    endloop
  endfacet
  facet normal -0.5280678535026684 0.8492021797529046 0
    outer loop
      vertex 26.85608189160888 9.036101641108061 12.5
      vertex 27.767433713817432 9.602816626083074 11.299999999999999
      vertex 26.85608189160888 9.036101641108061 11.299999999999999
    endloop
  endfacet
  facet normal -0.4713967343529746 0.8819212656702135 0
    outer loop
      vertex 27.767433713817432 9.602816626083074 12.5
      vertex 28.713899190382946 10.108712959688043 11.299999999999999
      vertex 27.767433713817432 9.602816626083074 11.299999999999999
    endloop
  endfacet
  facet normal -0.4127070309148762 0.9108638244180232 0
    outer loop
      vertex 28.713899190382946 10.108712959688043 12.5
      vertex 29.691425424519917 10.551624335589741 11.299999999999999
      vertex 28.713899190382946 10.108712959688043 11.299999999999999
    endloop
  endfacet
  facet normal -0.6343932835832179 0.7730104538390815 -1.6732399207206668e-17
    outer loop
      vertex 25.154162342349476 7.7301728415752695 12.5
      vertex 25.983746279613236 8.410994783057328 12.5
      vertex 25.983746279613236 8.410994783057328 11.299999999999999
    endloop
  endfacet
  facet normal 0 0 -1
    outer loop
      vertex 19.154226195949796 17.937454826966736 12.5
      vertex 25.983746279613236 8.410994783057328 12.5
      vertex 25.154162342349476 7.7301728415752695 12.5
    endloop
  endfacet
  facet normal 0 0 -1
    outer loop
      vertex 20.34633135110448 18.477590651905743 12.5
      vertex 26.85608189160888 9.036101641108061 12.5
      vertex 25.983746279613236 8.410994783057328 12.5
    endloop
  endfacet
  facet normal -0.582477696043002 0.8128466851826587 -1.0417674549993933e-17
    outer loop
      vertex 25.983746279613236 8.410994783057328 12.5
      vertex 26.85608189160888 9.036101641108061 12.5
      vertex 26.85608189160888 9.036101641108061 11.299999999999999
    endloop
  endfacet
  facet normal -0.5280678535026684 0.8492021797529046 -5.7640857467912555e-18
    outer loop
      vertex 26.85608189160888 9.036101641108061 12.5
      vertex 27.767433713817432 9.602816626083074 12.5
      vertex 27.767433713817432 9.602816626083074 11.299999999999999
    endloop
  endfacet
  facet normal -0.4713967343529746 0.8819212656702135 -2.1525447728491464e-17
    outer loop
      vertex 27.767433713817432 9.602816626083074 12.5
      vertex 28.713899190382946 10.108712959688043 12.5
      vertex 28.713899190382946 10.108712959688043 11.299999999999999
    endloop
  endfacet
  facet normal -0.4127070309148762 0.9108638244180232 -3.2439865176904006e-18
    outer loop
      vertex 28.713899190382946 10.108712959688043 12.5
      vertex 29.691425424519917 10.551624335589741 12.5
      vertex 29.691425424519917 10.551624335589741 11.299999999999999
    endloop
  endfacet
  facet normal 0 0 -1
    outer loop
      vertex 26.85608189160888 9.036101641108061 12.5
      vertex 22.823619099272314 19.318516520844874 12.5
      vertex 27.767433713817432 9.602816626083074 12.5
    endloop
  endfacet
  facet normal 0 0 -1
    outer loop
      vertex 20.34633135110448 18.477590651905743 12.5
      vertex 21.571210689909623 18.938602588951206 12.5
      vertex 26.85608189160888 9.036101641108061 12.5
    endloop
  endfacet
  facet normal 0 0 -1
    outer loop
      vertex 21.571210689909623 18.938602588951206 12.5
      vertex 22.823619099272314 19.318516520844874 12.5
      vertex 26.85608189160888 9.036101641108061 12.5
    endloop
  endfacet
  facet normal 0 0 -1
    outer loop
      vertex 27.767433713817432 9.602816626083074 12.5
      vertex 25.389476156139168 19.828897229727996 12.5
      vertex 28.713899190382946 10.108712959688043 12.5
    endloop
  endfacet
  facet normal 0 0 -1
    outer loop
      vertex 28.713899190382946 10.108712959688043 12.5
      vertex 26.69193741695502 19.957178461414095 12.5
      vertex 29.691425424519917 10.551624335589741 12.5
    endloop
  endfacet
  facet normal 0 0 -1
    outer loop
      vertex 29.691425424519917 10.551624335589741 12.5
      vertex 28.00000000102595 20.000000001776993 12.5
      vertex 30.695826484270498 10.929654121648078 12.5
    endloop
  endfacet
  facet normal 0.5824776934456266 -0.8128466870439115 0
    outer loop
      vertex 16.888595341073525 16.629392241541492 12.5
      vertex 15.824771420840332 15.867066807770929 11.299999999999999
      vertex 16.888595341073525 16.629392241541492 11.299999999999999
    endloop
  endfacet
  facet normal 0.528067854811454 -0.8492021789390493 0
    outer loop
      vertex 17.999999998223007 17.32050807671472 12.5
      vertex 16.888595341073525 16.629392241541492 11.299999999999999
      vertex 17.999999998223007 17.32050807671472 11.299999999999999
    endloop
  endfacet
  facet normal 0.471396733355882 -0.8819212662031705 0
    outer loop
      vertex 19.154226195949796 17.937454826966736 12.5
      vertex 17.999999998223007 17.32050807671472 11.299999999999999
      vertex 19.154226195949796 17.937454826966736 11.299999999999999
    endloop
  endfacet
  facet normal 0.4127070337592618 -0.910863823129249 0
    outer loop
      vertex 20.34633135110448 18.477590651905743 12.5
      vertex 19.154226195949796 17.937454826966736 11.299999999999999
      vertex 20.34633135110448 18.477590651905743 11.299999999999999
    endloop
  endfacet
  facet normal 0.3522500467734034 -0.9359059271893384 0
    outer loop
      vertex 21.571210689909623 18.938602588951206 12.5
      vertex 20.34633135110448 18.477590651905743 11.299999999999999
      vertex 21.571210689909623 18.938602588951206 11.299999999999999
    endloop
  endfacet
  facet normal 0.2902846733302588 -0.956940336922603 0
    outer loop
      vertex 22.823619099272314 19.318516520844874 12.5
      vertex 21.571210689909623 18.938602588951206 11.299999999999999
      vertex 22.823619099272314 19.318516520844874 11.299999999999999
    endloop
  endfacet
  facet normal 0.5824776934456266 -0.8128466870439115 0
    outer loop
      vertex 15.824771420840332 15.867066807770929 12.5
      vertex 15.824771420840332 15.867066807770929 11.299999999999999
      vertex 16.888595341073525 16.629392241541492 12.5
    endloop
  endfacet
  facet normal 0.528067854811454 -0.8492021789390493 0
    outer loop
      vertex 16.888595341073525 16.629392241541492 12.5
      vertex 16.888595341073525 16.629392241541492 11.299999999999999
      vertex 17.999999998223007 17.32050807671472 12.5
    endloop
  endfacet
  facet normal 0.471396733355882 -0.8819212662031705 0
    outer loop
      vertex 17.999999998223007 17.32050807671472 12.5
      vertex 17.999999998223007 17.32050807671472 11.299999999999999
      vertex 19.154226195949796 17.937454826966736 12.5
    endloop
  endfacet
  facet normal 0.4127070337592618 -0.910863823129249 0
    outer loop
      vertex 19.154226195949796 17.937454826966736 12.5
      vertex 19.154226195949796 17.937454826966736 11.299999999999999
      vertex 20.34633135110448 18.477590651905743 12.5
    endloop
  endfacet
  facet normal 0.3522500467734034 -0.9359059271893384 0
    outer loop
      vertex 20.34633135110448 18.477590651905743 12.5
      vertex 20.34633135110448 18.477590651905743 11.299999999999999
      vertex 21.571210689909623 18.938602588951206 12.5
    endloop
  endfacet
  facet normal 0.2902846733302588 -0.956940336922603 0
    outer loop
      vertex 21.571210689909623 18.938602588951206 12.5
      vertex 21.571210689909623 18.938602588951206 11.299999999999999
      vertex 22.823619099272314 19.318516520844874 12.5
    endloop
  endfacet
  facet normal 0.22707626702803038 -0.9738769783461434 0
    outer loop
      vertex 24.0981935636405 19.61570560925467 12.5
      vertex 22.823619099272314 19.318516520844874 11.299999999999999
      vertex 24.0981935636405 19.61570560925467 11.299999999999999
    endloop
  endfacet
  facet normal 0.16289547460464285 -0.9866433318850982 0
    outer loop
      vertex 25.389476156139168 19.828897229727996 12.5
      vertex 24.0981935636405 19.61570560925467 11.299999999999999
      vertex 25.389476156139168 19.828897229727996 11.299999999999999
    endloop
  endfacet
  facet normal 0.09801713600858229 -0.9951847270977762 0
    outer loop
      vertex 26.69193741695502 19.957178461414095 12.5
      vertex 25.389476156139168 19.828897229727996 11.299999999999999
      vertex 26.69193741695502 19.957178461414095 11.299999999999999
    endloop
  endfacet
  facet normal 0.03271908675439367 -0.9994645873476251 0
    outer loop
      vertex 28.00000000102595 20.000000001776993 12.5
      vertex 26.69193741695502 19.957178461414095 11.299999999999999
      vertex 28.00000000102595 20.000000001776993 11.299999999999999
    endloop
  endfacet
  facet normal -0.03271908771914599 -0.9994645873160423 0
    outer loop
      vertex 29.30806258558835 19.95717846013402 12.5
      vertex 28.00000000102595 20.000000001776993 11.299999999999999
      vertex 29.30806258558835 19.95717846013402 11.299999999999999
    endloop
  endfacet
  facet normal 0 0 -1
    outer loop
      vertex 27.767433713817432 9.602816626083074 12.5
      vertex 22.823619099272314 19.318516520844874 12.5
      vertex 24.0981935636405 19.61570560925467 12.5
    endloop
  endfacet
  facet normal 0 0 -1
    outer loop
      vertex 27.767433713817432 9.602816626083074 12.5
      vertex 24.0981935636405 19.61570560925467 12.5
      vertex 25.389476156139168 19.828897229727996 12.5
    endloop
  endfacet
  facet normal 0.22707626702803038 -0.9738769783461434 0
    outer loop
      vertex 22.823619099272314 19.318516520844874 12.5
      vertex 22.823619099272314 19.318516520844874 11.299999999999999
      vertex 24.0981935636405 19.61570560925467 12.5
    endloop
  endfacet
  facet normal 0.16289547460464285 -0.9866433318850982 0
    outer loop
      vertex 24.0981935636405 19.61570560925467 12.5
      vertex 24.0981935636405 19.61570560925467 11.299999999999999
      vertex 25.389476156139168 19.828897229727996 12.5
    endloop
  endfacet
  facet normal 0.09801713600858229 -0.9951847270977762 0
    outer loop
      vertex 25.389476156139168 19.828897229727996 12.5
      vertex 25.389476156139168 19.828897229727996 11.299999999999999
      vertex 26.69193741695502 19.957178461414095 12.5
    endloop
  endfacet
  facet normal 0 0 -1
    outer loop
      vertex 28.713899190382946 10.108712959688043 12.5
      vertex 25.389476156139168 19.828897229727996 12.5
      vertex 26.69193741695502 19.957178461414095 12.5
    endloop
  endfacet
  facet normal 0 0 -1
    outer loop
      vertex 29.691425424519917 10.551624335589741 12.5
      vertex 26.69193741695502 19.957178461414095 12.5
      vertex 28.00000000102595 20.000000001776993 12.5
    endloop
  endfacet
  facet normal 0 0 -1
    outer loop
      vertex 30.695826484270498 10.929654121648078 12.5
      vertex 28.00000000102595 20.000000001776993 12.5
      vertex 29.30806258558835 19.95717846013402 12.5
    endloop
  endfacet
  facet normal 0.03271908675439367 -0.9994645873476251 0
    outer loop
      vertex 26.69193741695502 19.957178461414095 12.5
      vertex 26.69193741695502 19.957178461414095 11.299999999999999
      vertex 28.00000000102595 20.000000001776993 12.5
    endloop
  endfacet
  facet normal -0.03271908771914599 -0.9994645873160423 0
    outer loop
      vertex 28.00000000102595 20.000000001776993 12.5
      vertex 28.00000000102595 20.000000001776993 11.299999999999999
      vertex 29.30806258558835 19.95717846013402 12.5
    endloop
  endfacet
  facet normal -0.09801713613972304 -0.9951847270848598 0
    outer loop
      vertex 29.30806258558835 19.95717846013402 12.5
      vertex 29.30806258558835 19.95717846013402 11.299999999999999
      vertex 30.610523842549124 19.828897228654316 12.5
    endloop
  endfacet
  facet normal -0.3522500442877229 0.9359059281248822 0
    outer loop
      vertex 29.691425424519917 10.551624335589741 12.5
      vertex 30.695826484270498 10.929654121648078 11.299999999999999
      vertex 29.691425424519917 10.551624335589741 11.299999999999999
    endloop
  endfacet
  facet normal -0.29028467980932104 0.956940334957201 0
    outer loop
      vertex 30.695826484270498 10.929654121648078 12.5
      vertex 31.72280137191236 11.2411835509564 11.299999999999999
      vertex 30.695826484270498 10.929654121648078 11.299999999999999
    endloop
  endfacet
  facet normal -0.2270762653690017 0.9738769787329746 0
    outer loop
      vertex 31.72280137191236 11.2411835509564 12.5
      vertex 32.767952432038335 11.484878601422247 11.299999999999999
      vertex 31.72280137191236 11.2411835509564 11.299999999999999
    endloop
  endfacet
  facet normal -0.16289546758470402 0.9866433330440949 0
    outer loop
      vertex 32.767952432038335 11.484878601422247 12.5
      vertex 33.82680416112662 11.659695723006141 11.299999999999999
      vertex 32.767952432038335 11.484878601422247 11.299999999999999
    endloop
  endfacet
  facet normal -0.09801714314064952 0.9951847263953288 0
    outer loop
      vertex 33.82680416112662 11.659695723006141 12.5
      vertex 34.89482239425343 11.764886340643926 11.299999999999999
      vertex 33.82680416112662 11.659695723006141 11.299999999999999
    endloop
  endfacet
  facet normal -0.03271908196026414 0.9994645875045686 0
    outer loop
      vertex 34.89482239425343 11.764886340643926 12.5
      vertex 35.96743371401899 11.799999998618082 11.299999999999999
      vertex 34.89482239425343 11.764886340643926 11.299999999999999
    endloop
  endfacet
  facet normal 0.03271908290786165 0.9994645874735475 0
    outer loop
      vertex 35.96743371401899 11.799999998618082 12.5
      vertex 37.04004502987195 11.764886339753973 11.299999999999999
      vertex 35.96743371401899 11.799999998618082 11.299999999999999
    endloop
  endfacet
  facet normal 0.09801713587794736 0.9951847271106424 0
    outer loop
      vertex 37.04004502987195 11.764886339753973 12.5
      vertex 38.10806326968907 11.659695729327089 11.299999999999999
      vertex 37.04004502987195 11.764886339753973 11.299999999999999
    endloop
  endfacet
  facet normal -0.3522500442877229 0.9359059281248822 1.4788685550491608e-17
    outer loop
      vertex 29.691425424519917 10.551624335589741 12.5
      vertex 30.695826484270498 10.929654121648078 12.5
      vertex 30.695826484270498 10.929654121648078 11.299999999999999
    endloop
  endfacet
  facet normal -0.29028467980932104 0.956940334957201 1.599900724224429e-17
    outer loop
      vertex 30.695826484270498 10.929654121648078 12.5
      vertex 31.72280137191236 11.2411835509564 12.5
      vertex 31.72280137191236 11.2411835509564 11.299999999999999
    endloop
  endfacet
  facet normal -0.2270762653690017 0.9738769787329746 1.7811626068023776e-17
    outer loop
      vertex 31.72280137191236 11.2411835509564 12.5
      vertex 32.767952432038335 11.484878601422247 12.5
      vertex 32.767952432038335 11.484878601422247 11.299999999999999
    endloop
  endfacet
  facet normal -0.16289546758470402 0.9866433330440949 4.830054858433184e-18
    outer loop
      vertex 32.767952432038335 11.484878601422247 12.5
      vertex 33.82680416112662 11.659695723006141 12.5
      vertex 33.82680416112662 11.659695723006141 11.299999999999999
    endloop
  endfacet
  facet normal -0.09801714314064952 0.9951847263953288 1.4467678985847347e-18
    outer loop
      vertex 33.82680416112662 11.659695723006141 12.5
      vertex 34.89482239425343 11.764886340643926 12.5
      vertex 34.89482239425343 11.764886340643926 11.299999999999999
    endloop
  endfacet
  facet normal -0.03271908196026414 0.9994645875045686 -1.7177188099819166e-18
    outer loop
      vertex 34.89482239425343 11.764886340643926 12.5
      vertex 35.96743371401899 11.799999998618082 12.5
      vertex 35.96743371401899 11.799999998618082 11.299999999999999
    endloop
  endfacet
  facet normal 0.03271908290786165 0.9994645874735475 -8.261763524678353e-19
    outer loop
      vertex 35.96743371401899 11.799999998618082 12.5
      vertex 37.04004502987195 11.764886339753973 12.5
      vertex 37.04004502987195 11.764886339753973 11.299999999999999
    endloop
  endfacet
  facet normal 0 0 -1
    outer loop
      vertex 30.695826484270498 10.929654121648078 12.5
      vertex 30.610523842549124 19.828897228654316 12.5
      vertex 31.72280137191236 11.2411835509564 12.5
    endloop
  endfacet
  facet normal 0 0 -1
    outer loop
      vertex 31.72280137191236 11.2411835509564 12.5
      vertex 31.901806442813733 19.61570560566641 12.5
      vertex 32.767952432038335 11.484878601422247 12.5
    endloop
  endfacet
  facet normal 0 0 -1
    outer loop
      vertex 32.767952432038335 11.484878601422247 12.5
      vertex 33.176380900068445 19.31851652330519 12.5
      vertex 33.82680416112662 11.659695723006141 12.5
    endloop
  endfacet
  facet normal 0 0 -1
    outer loop
      vertex 33.82680416112662 11.659695723006141 12.5
      vertex 35.65366865056833 18.47759065163176 12.5
      vertex 34.89482239425343 11.764886340643926 12.5
    endloop
  endfacet
  facet normal 0 0 -1
    outer loop
      vertex 34.89482239425343 11.764886340643926 12.5
      vertex 36.84577380621291 17.93745483103886 12.5
      vertex 35.96743371401899 11.799999998618082 12.5
    endloop
  endfacet
  facet normal 0 0 -1
    outer loop
      vertex 35.96743371401899 11.799999998618082 12.5
      vertex 38 17.32050807568877 12.5
      vertex 37.04004502987195 11.764886339753973 12.5
    endloop
  endfacet
  facet normal 0 0 -1
    outer loop
      vertex 35.96743371401899 11.799999998618082 12.5
      vertex 36.84577380621291 17.93745483103886 12.5
      vertex 38 17.32050807568877 12.5
    endloop
  endfacet
  facet normal 0.16289547665165607 0.9866433315471349 0
    outer loop
      vertex 38.10806326968907 11.659695729327089 12.5
      vertex 39.16691499449435 11.484878598454559 11.299999999999999
      vertex 38.10806326968907 11.659695729327089 11.299999999999999
    endloop
  endfacet
  facet normal 0.2270762634758388 0.9738769791743983 0
    outer loop
      vertex 39.16691499449435 11.484878598454559 12.5
      vertex 40.212066055722715 11.241183549873844 11.299999999999999
      vertex 39.16691499449435 11.484878598454559 11.299999999999999
    endloop
  endfacet
  facet normal 0.29028467388347634 0.9569403367547863 0
    outer loop
      vertex 40.212066055722715 11.241183549873844 12.5
      vertex 41.23904094526184 10.929654126934725 11.299999999999999
      vertex 40.212066055722715 11.241183549873844 11.299999999999999
    endloop
  endfacet
  facet normal 0.4713967401307482 0.881921262581929 0
    outer loop
      vertex 43.22096823374292 10.108712964252424 12.5
      vertex 44.16743371665274 9.602816619284198 11.299999999999999
      vertex 43.22096823374292 10.108712964252424 11.299999999999999
    endloop
  endfacet
  facet normal 0.5280678476611202 0.8492021833854126 0
    outer loop
      vertex 44.16743371665274 9.602816619284198 12.5
      vertex 45.07878553807943 9.036101643488598 11.299999999999999
      vertex 44.16743371665274 9.602816619284198 11.299999999999999
    endloop
  endfacet
  facet normal 0.3522500532976089 0.9359059247338014 0
    outer loop
      vertex 41.23904094526184 10.929654126934725 12.5
      vertex 42.243442006836595 10.551624329150815 11.299999999999999
      vertex 41.23904094526184 10.929654126934725 11.299999999999999
    endloop
  endfacet
  facet normal 0.41270702494107164 0.9108638271247189 0
    outer loop
      vertex 42.243442006836595 10.551624329150815 12.5
      vertex 43.22096823374292 10.108712964252424 11.299999999999999
      vertex 42.243442006836595 10.551624329150815 11.299999999999999
    endloop
  endfacet
  facet normal -0.812846687043908 -0.5824776934456315 0
    outer loop
      vertex 44.629392241541495 11.111404658926476 12.5
      vertex 43.867066807770925 12.175228579159667 11.299999999999999
      vertex 44.629392241541495 11.111404658926476 11.299999999999999
    endloop
  endfacet
  facet normal 0.09801713587794736 0.9951847271106424 1.024660550356527e-18
    outer loop
      vertex 37.04004502987195 11.764886339753973 12.5
      vertex 38.10806326968907 11.659695729327089 12.5
      vertex 38.10806326968907 11.659695729327089 11.299999999999999
    endloop
  endfacet
  facet normal 0.16289547665165607 0.9866433315471349 -9.272594672373267e-18
    outer loop
      vertex 38.10806326968907 11.659695729327089 12.5
      vertex 39.16691499449435 11.484878598454559 12.5
      vertex 39.16691499449435 11.484878598454559 11.299999999999999
    endloop
  endfacet
  facet normal 0.2270762634758388 0.9738769791743983 0
    outer loop
      vertex 40.212066055722715 11.241183549873844 12.5
      vertex 40.212066055722715 11.241183549873844 11.299999999999999
      vertex 39.16691499449435 11.484878598454559 12.5
    endloop
  endfacet
  facet normal 0.29028467388347634 0.9569403367547863 -4.994534263122937e-18
    outer loop
      vertex 40.212066055722715 11.241183549873844 12.5
      vertex 41.23904094526184 10.929654126934725 12.5
      vertex 41.23904094526184 10.929654126934725 11.299999999999999
    endloop
  endfacet
  facet normal 0.4713967401307482 0.881921262581929 0
    outer loop
      vertex 44.16743371665274 9.602816619284198 12.5
      vertex 44.16743371665274 9.602816619284198 11.299999999999999
      vertex 43.22096823374292 10.108712964252424 12.5
    endloop
  endfacet
  facet normal 0.5280678476611202 0.8492021833854126 1.8895873933038172e-17
    outer loop
      vertex 44.16743371665274 9.602816619284198 12.5
      vertex 45.07878553807943 9.036101643488598 12.5
      vertex 45.07878553807943 9.036101643488598 11.299999999999999
    endloop
  endfacet
  facet normal 0 0 -1
    outer loop
      vertex 44.16743371665274 9.602816619284198 12.5
      vertex 45.32050807671472 10.000000001776993 12.5
      vertex 45.07878553807943 9.036101643488598 12.5
    endloop
  endfacet
  facet normal 0.3522500532976089 0.9359059247338014 9.212082032326247e-18
    outer loop
      vertex 41.23904094526184 10.929654126934725 12.5
      vertex 42.243442006836595 10.551624329150815 12.5
      vertex 42.243442006836595 10.551624329150815 11.299999999999999
    endloop
  endfacet
  facet normal 0.41270702494107164 0.9108638271247189 1.063517457864441e-17
    outer loop
      vertex 42.243442006836595 10.551624329150815 12.5
      vertex 43.22096823374292 10.108712964252424 12.5
      vertex 43.22096823374292 10.108712964252424 11.299999999999999
    endloop
  endfacet
  facet normal 0 0 -1
    outer loop
      vertex 42.243442006836595 10.551624329150815 12.5
      vertex 43.867066807770925 12.175228579159667 12.5
      vertex 43.22096823374292 10.108712964252424 12.5
    endloop
  endfacet
  facet normal 0 0 -1
    outer loop
      vertex 41.23904094526184 10.929654126934725 12.5
      vertex 43.03679614625706 13.186916302959691 12.5
      vertex 42.243442006836595 10.551624329150815 12.5
    endloop
  endfacet
  facet normal 0 0 -1
    outer loop
      vertex 42.243442006836595 10.551624329150815 12.5
      vertex 43.03679614625706 13.186916302959691 12.5
      vertex 43.867066807770925 12.175228579159667 12.5
    endloop
  endfacet
  facet normal -0.8492021789390521 -0.5280678548114495 0
    outer loop
      vertex 44.629392241541495 11.111404658926476 12.5
      vertex 44.629392241541495 11.111404658926476 11.299999999999999
      vertex 45.32050807671472 10.000000001776993 12.5
    endloop
  endfacet
  facet normal 0 0 -1
    outer loop
      vertex 44.16743371665274 9.602816619284198 12.5
      vertex 43.22096823374292 10.108712964252424 12.5
      vertex 44.629392241541495 11.111404658926476 12.5
    endloop
  endfacet
  facet normal 0 0 -1
    outer loop
      vertex 44.16743371665274 9.602816619284198 12.5
      vertex 44.629392241541495 11.111404658926476 12.5
      vertex 45.32050807671472 10.000000001776993 12.5
    endloop
  endfacet
  facet normal -0.812846687043908 -0.5824776934456315 2.9727122774999036e-17
    outer loop
      vertex 44.629392241541495 11.111404658926476 12.5
      vertex 43.867066807770925 12.175228579159667 12.5
      vertex 43.867066807770925 12.175228579159667 11.299999999999999
    endloop
  endfacet
  facet normal 0 0 -1
    outer loop
      vertex 43.22096823374292 10.108712964252424 12.5
      vertex 43.867066807770925 12.175228579159667 12.5
      vertex 44.629392241541495 11.111404658926476 12.5
    endloop
  endfacet
  facet normal -0.6343932845409302 -0.7730104530531073 0
    outer loop
      vertex 41.18691630575371 15.036796148864575 12.5
      vertex 40.1752285797588 15.867066809356617 11.299999999999999
      vertex 41.18691630575371 15.036796148864575 11.299999999999999
    endloop
  endfacet
  facet normal -0.72986407212763 -0.6835923026316736 0
    outer loop
      vertex 43.03679614625706 13.186916302959691 12.5
      vertex 42.142135622577506 14.142135620776425 11.299999999999999
      vertex 43.03679614625706 13.186916302959691 11.299999999999999
    endloop
  endfacet
  facet normal -0.7730104519952868 -0.6343932858298885 0
    outer loop
      vertex 43.867066807770925 12.175228579159667 12.5
      vertex 43.03679614625706 13.186916302959691 11.299999999999999
      vertex 43.867066807770925 12.175228579159667 11.299999999999999
    endloop
  endfacet
  facet normal -0.68359230480462 -0.7298640700924436 0
    outer loop
      vertex 42.142135622577506 14.142135620776425 12.5
      vertex 41.18691630575371 15.036796148864575 11.299999999999999
      vertex 42.142135622577506 14.142135620776425 11.299999999999999
    endloop
  endfacet
  facet normal 0 0 -1
    outer loop
      vertex 37.04004502987195 11.764886339753973 12.5
      vertex 39.111404659809104 16.629392247830776 12.5
      vertex 38.10806326968907 11.659695729327089 12.5
    endloop
  endfacet
  facet normal 0 0 -1
    outer loop
      vertex 38.10806326968907 11.659695729327089 12.5
      vertex 40.1752285797588 15.867066809356617 12.5
      vertex 39.16691499449435 11.484878598454559 12.5
    endloop
  endfacet
  facet normal 0 0 -1
    outer loop
      vertex 40.212066055722715 11.241183549873844 12.5
      vertex 39.16691499449435 11.484878598454559 12.5
      vertex 41.18691630575371 15.036796148864575 12.5
    endloop
  endfacet
  facet normal 0 0 -1
    outer loop
      vertex 40.212066055722715 11.241183549873844 12.5
      vertex 42.142135622577506 14.142135620776425 12.5
      vertex 41.23904094526184 10.929654126934725 12.5
    endloop
  endfacet
  facet normal 0 0 -1
    outer loop
      vertex 40.212066055722715 11.241183549873844 12.5
      vertex 41.18691630575371 15.036796148864575 12.5
      vertex 42.142135622577506 14.142135620776425 12.5
    endloop
  endfacet
  facet normal 0 0 -1
    outer loop
      vertex 38.10806326968907 11.659695729327089 12.5
      vertex 39.111404659809104 16.629392247830776 12.5
      vertex 40.1752285797588 15.867066809356617 12.5
    endloop
  endfacet
  facet normal 0 0 -1
    outer loop
      vertex 37.04004502987195 11.764886339753973 12.5
      vertex 38 17.32050807568877 12.5
      vertex 39.111404659809104 16.629392247830776 12.5
    endloop
  endfacet
  facet normal 0 0 -1
    outer loop
      vertex 39.16691499449435 11.484878598454559 12.5
      vertex 40.1752285797588 15.867066809356617 12.5
      vertex 41.18691630575371 15.036796148864575 12.5
    endloop
  endfacet
  facet normal -0.6343932845409302 -0.7730104530531073 0
    outer loop
      vertex 40.1752285797588 15.867066809356617 12.5
      vertex 40.1752285797588 15.867066809356617 11.299999999999999
      vertex 41.18691630575371 15.036796148864575 12.5
    endloop
  endfacet
  facet normal 0 0 -1
    outer loop
      vertex 41.23904094526184 10.929654126934725 12.5
      vertex 42.142135622577506 14.142135620776425 12.5
      vertex 43.03679614625706 13.186916302959691 12.5
    endloop
  endfacet
  facet normal -0.72986407212763 -0.6835923026316736 2.521125449014658e-17
    outer loop
      vertex 43.03679614625706 13.186916302959691 12.5
      vertex 42.142135622577506 14.142135620776425 12.5
      vertex 42.142135622577506 14.142135620776425 11.299999999999999
    endloop
  endfacet
  facet normal -0.7730104519952868 -0.6343932858298885 -5.488242875167682e-18
    outer loop
      vertex 43.867066807770925 12.175228579159667 12.5
      vertex 43.03679614625706 13.186916302959691 12.5
      vertex 43.03679614625706 13.186916302959691 11.299999999999999
    endloop
  endfacet
  facet normal -0.68359230480462 -0.7298640700924436 -2.68818912138775e-17
    outer loop
      vertex 42.142135622577506 14.142135620776425 12.5
      vertex 41.18691630575371 15.036796148864575 12.5
      vertex 41.18691630575371 15.036796148864575 11.299999999999999
    endloop
  endfacet
  facet normal 0.5824777006546615 0.8128466818779901 0
    outer loop
      vertex 45.07878553807943 9.036101643488598 12.5
      vertex 45.95112115161183 8.41099477684607 11.299999999999999
      vertex 45.07878553807943 9.036101643488598 11.299999999999999
    endloop
  endfacet
  facet normal 0.6343932914937399 0.7730104473470839 0
    outer loop
      vertex 45.95112115161183 8.41099477684607 12.5
      vertex 46.24297492568829 8.171476569806753 11.299999999999999
      vertex 45.95112115161183 8.41099477684607 11.299999999999999
    endloop
  endfacet
  facet normal -0.9108638266149274 -0.41270702606620535 0
    outer loop
      vertex 46.24297492568829 8.171476569806753 12.5
      vertex 45.937454826966736 8.845773804050205 11.299999999999999
      vertex 46.24297492568829 8.171476569806753 11.299999999999999
    endloop
  endfacet
  facet normal -0.881921266203169 -0.4713967333558848 0
    outer loop
      vertex 45.937454826966736 8.845773804050205 12.5
      vertex 45.32050807671472 10.000000001776993 11.299999999999999
      vertex 45.937454826966736 8.845773804050205 11.299999999999999
    endloop
  endfacet
  facet normal -0.8492021789390521 -0.5280678548114495 0
    outer loop
      vertex 45.32050807671472 10.000000001776993 12.5
      vertex 44.629392241541495 11.111404658926476 11.299999999999999
      vertex 45.32050807671472 10.000000001776993 11.299999999999999
    endloop
  endfacet
  facet normal 0.5824777006546615 0.8128466818779901 0
    outer loop
      vertex 45.95112115161183 8.41099477684607 12.5
      vertex 45.95112115161183 8.41099477684607 11.299999999999999
      vertex 45.07878553807943 9.036101643488598 12.5
    endloop
  endfacet
  facet normal 0.6343932914937399 0.7730104473470839 0
    outer loop
      vertex 46.24297492568829 8.171476569806753 12.5
      vertex 46.24297492568829 8.171476569806753 11.299999999999999
      vertex 45.95112115161183 8.41099477684607 12.5
    endloop
  endfacet
  facet normal -0.9108638266149274 -0.41270702606620535 5.003620416430982e-18
    outer loop
      vertex 46.24297492568829 8.171476569806753 12.5
      vertex 45.937454826966736 8.845773804050205 12.5
      vertex 45.937454826966736 8.845773804050205 11.299999999999999
    endloop
  endfacet
  facet normal 0 0 -1
    outer loop
      vertex 45.95112115161183 8.41099477684607 12.5
      vertex 45.07878553807943 9.036101643488598 12.5
      vertex 45.937454826966736 8.845773804050205 12.5
    endloop
  endfacet
  facet normal 0 0 -1
    outer loop
      vertex 46.24297492568829 8.171476569806753 12.5
      vertex 45.95112115161183 8.41099477684607 12.5
      vertex 45.937454826966736 8.845773804050205 12.5
    endloop
  endfacet
  facet normal -0.881921266203169 -0.4713967333558848 -7.167571905888355e-18
    outer loop
      vertex 45.937454826966736 8.845773804050205 12.5
      vertex 45.32050807671472 10.000000001776993 12.5
      vertex 45.32050807671472 10.000000001776993 11.299999999999999
    endloop
  endfacet
  facet normal 0 0 -1
    outer loop
      vertex 45.07878553807943 9.036101643488598 12.5
      vertex 45.32050807671472 10.000000001776993 12.5
      vertex 45.937454826966736 8.845773804050205 12.5
    endloop
  endfacet
  facet normal -0.09801713613972304 -0.9951847270848598 0
    outer loop
      vertex 30.610523842549124 19.828897228654316 12.5
      vertex 29.30806258558835 19.95717846013402 11.299999999999999
      vertex 30.610523842549124 19.828897228654316 11.299999999999999
    endloop
  endfacet
  facet normal -0.16289547552132355 -0.9866433317337535 0
    outer loop
      vertex 31.901806442813733 19.61570560566641 12.5
      vertex 30.610523842549124 19.828897228654316 11.299999999999999
      vertex 31.901806442813733 19.61570560566641 11.299999999999999
    endloop
  endfacet
  facet normal -0.22707626384671756 -0.9738769790879216 0
    outer loop
      vertex 33.176380900068445 19.31851652330519 12.5
      vertex 31.901806442813733 19.61570560566641 11.299999999999999
      vertex 33.176380900068445 19.31851652330519 11.299999999999999
    endloop
  endfacet
  facet normal -0.35225004746444716 -0.9359059269292479 0
    outer loop
      vertex 35.65366865056833 18.47759065163176 12.5
      vertex 34.42878930356788 18.938602592794247 11.299999999999999
      vertex 35.65366865056833 18.47759065163176 11.299999999999999
    endloop
  endfacet
  facet normal -0.290284673607248 -0.9569403368385792 0
    outer loop
      vertex 34.42878930356788 18.938602592794247 12.5
      vertex 33.176380900068445 19.31851652330519 11.299999999999999
      vertex 34.42878930356788 18.938602592794247 11.299999999999999
    endloop
  endfacet
  facet normal -0.4127070308633917 -0.9108638244413506 0
    outer loop
      vertex 36.84577380621291 17.93745483103886 12.5
      vertex 35.65366865056833 18.47759065163176 11.299999999999999
      vertex 36.84577380621291 17.93745483103886 11.299999999999999
    endloop
  endfacet
  facet normal 0 0 -1
    outer loop
      vertex 30.695826484270498 10.929654121648078 12.5
      vertex 29.30806258558835 19.95717846013402 12.5
      vertex 30.610523842549124 19.828897228654316 12.5
    endloop
  endfacet
  facet normal 0 0 -1
    outer loop
      vertex 31.72280137191236 11.2411835509564 12.5
      vertex 30.610523842549124 19.828897228654316 12.5
      vertex 31.901806442813733 19.61570560566641 12.5
    endloop
  endfacet
  facet normal 0 0 -1
    outer loop
      vertex 32.767952432038335 11.484878601422247 12.5
      vertex 31.901806442813733 19.61570560566641 12.5
      vertex 33.176380900068445 19.31851652330519 12.5
    endloop
  endfacet
  facet normal -0.16289547552132355 -0.9866433317337535 0
    outer loop
      vertex 30.610523842549124 19.828897228654316 12.5
      vertex 30.610523842549124 19.828897228654316 11.299999999999999
      vertex 31.901806442813733 19.61570560566641 12.5
    endloop
  endfacet
  facet normal -0.22707626384671756 -0.9738769790879216 0
    outer loop
      vertex 31.901806442813733 19.61570560566641 12.5
      vertex 31.901806442813733 19.61570560566641 11.299999999999999
      vertex 33.176380900068445 19.31851652330519 12.5
    endloop
  endfacet
  facet normal -0.290284673607248 -0.9569403368385792 0
    outer loop
      vertex 33.176380900068445 19.31851652330519 12.5
      vertex 33.176380900068445 19.31851652330519 11.299999999999999
      vertex 34.42878930356788 18.938602592794247 12.5
    endloop
  endfacet
  facet normal 0 0 -1
    outer loop
      vertex 33.82680416112662 11.659695723006141 12.5
      vertex 34.42878930356788 18.938602592794247 12.5
      vertex 35.65366865056833 18.47759065163176 12.5
    endloop
  endfacet
  facet normal 0 0 -1
    outer loop
      vertex 33.82680416112662 11.659695723006141 12.5
      vertex 33.176380900068445 19.31851652330519 12.5
      vertex 34.42878930356788 18.938602592794247 12.5
    endloop
  endfacet
  facet normal 0 0 -1
    outer loop
      vertex 34.89482239425343 11.764886340643926 12.5
      vertex 35.65366865056833 18.47759065163176 12.5
      vertex 36.84577380621291 17.93745483103886 12.5
    endloop
  endfacet
  facet normal -0.47139673763708073 -0.8819212639148221 -4.658998070972933e-18
    outer loop
      vertex 38 17.32050807568877 12.5
      vertex 36.84577380621291 17.93745483103886 12.5
      vertex 36.84577380621291 17.93745483103886 11.299999999999999
    endloop
  endfacet
  facet normal -0.35225004746444716 -0.9359059269292479 0
    outer loop
      vertex 34.42878930356788 18.938602592794247 12.5
      vertex 34.42878930356788 18.938602592794247 11.299999999999999
      vertex 35.65366865056833 18.47759065163176 12.5
    endloop
  endfacet
  facet normal -0.4127070308633917 -0.9108638244413506 0
    outer loop
      vertex 35.65366865056833 18.47759065163176 12.5
      vertex 35.65366865056833 18.47759065163176 11.299999999999999
      vertex 36.84577380621291 17.93745483103886 12.5
    endloop
  endfacet
  facet normal -0.5280678498693763 -0.8492021820122309 0
    outer loop
      vertex 39.111404659809104 16.629392247830776 12.5
      vertex 38 17.32050807568877 11.299999999999999
      vertex 39.111404659809104 16.629392247830776 11.299999999999999
    endloop
  endfacet
  facet normal -0.47139673763708073 -0.8819212639148221 0
    outer loop
      vertex 38 17.32050807568877 12.5
      vertex 36.84577380621291 17.93745483103886 11.299999999999999
      vertex 38 17.32050807568877 11.299999999999999
    endloop
  endfacet
  facet normal -0.5824776959227621 -0.8128466852688214 0
    outer loop
      vertex 40.1752285797588 15.867066809356617 12.5
      vertex 39.111404659809104 16.629392247830776 11.299999999999999
      vertex 40.1752285797588 15.867066809356617 11.299999999999999
    endloop
  endfacet
  facet normal -0.5280678498693763 -0.8492021820122309 0
    outer loop
      vertex 38 17.32050807568877 12.5
      vertex 38 17.32050807568877 11.299999999999999
      vertex 39.111404659809104 16.629392247830776 12.5
    endloop
  endfacet
  facet normal -0.5824776959227621 -0.8128466852688214 -2.3602280569915636e-17
    outer loop
      vertex 40.1752285797588 15.867066809356617 12.5
      vertex 39.111404659809104 16.629392247830776 12.5
      vertex 39.111404659809104 16.629392247830776 11.299999999999999
    endloop
  endfacet
endsolid OpenSCAD_Model
