solid OpenSCAD_Model
  facet normal 1 0 0
    outer loop
      vertex 58.5 -15 -1.2
      vertex 58.5 -13 -1.2
      vertex 58.5 -15 1.2
    endloop
  endfacet
  facet normal -1 0 0
    outer loop
      vertex 61.5 -15 -1.2
      vertex 61.5 -13 1.2
      vertex 61.5 -13 -1.2
    endloop
  endfacet
  facet normal 0 -1 0
    outer loop
      vertex 61.5 -13 1.2
      vertex 58.5 -13 -1.2
      vertex 61.5 -13 -1.2
    endloop
  endfacet
  facet normal -1 0 0
    outer loop
      vertex 61.5 -15 -1.2
      vertex 61.5 -15 1.2
      vertex 61.5 -13 1.2
    endloop
  endfacet
  facet normal 1 0 0
    outer loop
      vertex 58.5 -13 1.2
      vertex 58.5 -15 1.2
      vertex 58.5 -13 -1.2
    endloop
  endfacet
  facet normal 0 -1 0
    outer loop
      vertex 58.5 -13 1.2
      vertex 58.5 -13 -1.2
      vertex 61.5 -13 1.2
    endloop
  endfacet
  facet normal 0 1 0
    outer loop
      vertex 61.5 13 -1.2
      vertex 58.5 13 -1.2
      vertex 58.5 13 1.2
    endloop
  endfacet
  facet normal 1 0 0
    outer loop
      vertex 58.5 13 -1.2
      vertex 58.5 15 -1.2
      vertex 58.5 13 1.2
    endloop
  endfacet
  facet normal -1 0 0
    outer loop
      vertex 61.5 15 -1.2
      vertex 61.5 13 -1.2
      vertex 61.5 15 1.2
    endloop
  endfacet
  facet normal 0 1 0
    outer loop
      vertex 61.5 13 -1.2
      vertex 58.5 13 1.2
      vertex 61.5 13 1.2
    endloop
  endfacet
  facet normal -1 0 0
    outer loop
      vertex 61.5 13 -1.2
      vertex 61.5 13 1.2
      vertex 61.5 15 1.2
    endloop
  endfacet
  facet normal 1 0 0
    outer loop
      vertex 58.5 15 1.2
      vertex 58.5 13 1.2
      vertex 58.5 15 -1.2
    endloop
  endfacet
  facet normal 0.09801714032956141 0.9951847266721968 0
    outer loop
      vertex -61.305261922200515 -9.914448613738104 0.8
      vertex -60.65403129230143 -9.978589232386035 -1.2
      vertex -61.305261922200515 -9.914448613738104 -1.2
    endloop
  endfacet
  facet normal 0.22707626303437256 0.9738769792773339 0
    outer loop
      vertex -62.588190451025206 -9.659258262890683 0.8
      vertex -61.95090322016128 -9.807852804032304 -1.2
      vertex -62.588190451025206 -9.659258262890683 -1.2
    endloop
  endfacet
  facet normal 0.2902846772544598 0.9569403357322096 0
    outer loop
      vertex -63.21439465303162 -9.469301294951057 0.8
      vertex -62.588190451025206 -9.659258262890683 -1.2
      vertex -63.21439465303162 -9.469301294951057 -1.2
    endloop
  endfacet
  facet normal 0.1628954733945894 0.986643332084879 0
    outer loop
      vertex -61.95090322016128 -9.807852804032304 0.8
      vertex -61.305261922200515 -9.914448613738104 -1.2
      vertex -61.95090322016128 -9.807852804032304 -1.2
    endloop
  endfacet
  facet normal 0.03271908282177579 0.9994645874763657 0
    outer loop
      vertex -60.65403129230143 -9.978589232386035 0.8
      vertex -60 -10 -1.2
      vertex -60.65403129230143 -9.978589232386035 -1.2
    endloop
  endfacet
  facet normal -0.03271908282177579 0.9994645874763657 0
    outer loop
      vertex -60 -10 0.8
      vertex -59.34596870769857 -9.978589232386035 -1.2
      vertex -60 -10 -1.2
    endloop
  endfacet
  facet normal -0.09801714032956141 0.9951847266721968 0
    outer loop
      vertex -59.34596870769857 -9.978589232386035 0.8
      vertex -58.694738077799485 -9.914448613738104 -1.2
      vertex -59.34596870769857 -9.978589232386035 -1.2
    endloop
  endfacet
  facet normal 0.3522500479212341 0.9359059267573254 0
    outer loop
      vertex -63.8268343236509 -9.238795325112868 0.8
      vertex -63.21439465303162 -9.469301294951057 -1.2
      vertex -63.8268343236509 -9.238795325112868 -1.2
    endloop
  endfacet
  facet normal 0.41270702980439655 0.9108638249211749 0
    outer loop
      vertex -64.42288690219002 -8.968727415326882 0.8
      vertex -63.8268343236509 -9.238795325112868 -1.2
      vertex -64.42288690219002 -8.968727415326882 -1.2
    endloop
  endfacet
  facet normal 0.4713967368259987 0.8819212643483545 0
    outer loop
      vertex -65 -8.660254037844386 0.8
      vertex -64.42288690219002 -8.968727415326882 -1.2
      vertex -65 -8.660254037844386 -1.2
    endloop
  endfacet
  facet normal 0.582477696867809 0.8128466845916102 0
    outer loop
      vertex -66.0876142900872 -7.933533402912351 0.8
      vertex -65.55570233019603 -8.314696123025453 -1.2
      vertex -66.0876142900872 -7.933533402912351 -1.2
    endloop
  endfacet
  facet normal 0.6343932841636409 0.7730104533627405 0
    outer loop
      vertex -66.59345815100069 -7.518398074789775 0.8
      vertex -66.0876142900872 -7.933533402912351 -1.2
      vertex -66.59345815100069 -7.518398074789775 -1.2
    endloop
  endfacet
  facet normal 0.5280678506503634 0.8492021815265818 0
    outer loop
      vertex -65.55570233019603 -8.314696123025453 0.8
      vertex -65 -8.660254037844386 -1.2
      vertex -65.55570233019603 -8.314696123025453 -1.2
    endloop
  endfacet
  facet normal -0.1628954733945894 0.986643332084879 0
    outer loop
      vertex -58.694738077799485 -9.914448613738104 0.8
      vertex -58.04909677983872 -9.807852804032304 -1.2
      vertex -58.694738077799485 -9.914448613738104 -1.2
    endloop
  endfacet
  facet normal -0.22707626303437256 0.9738769792773339 0
    outer loop
      vertex -58.04909677983872 -9.807852804032304 0.8
      vertex -57.411809548974794 -9.659258262890683 -1.2
      vertex -58.04909677983872 -9.807852804032304 -1.2
    endloop
  endfacet
  facet normal -0.2902846772544598 0.9569403357322096 0
    outer loop
      vertex -57.411809548974794 -9.659258262890683 0.8
      vertex -56.78560534696838 -9.469301294951057 -1.2
      vertex -57.411809548974794 -9.659258262890683 -1.2
    endloop
  endfacet
  facet normal -0.3522500479212341 0.9359059267573254 0
    outer loop
      vertex -56.78560534696838 -9.469301294951057 0.8
      vertex -56.1731656763491 -9.238795325112868 -1.2
      vertex -56.78560534696838 -9.469301294951057 -1.2
    endloop
  endfacet
  facet normal -0.41270702980439655 0.9108638249211749 0
    outer loop
      vertex -56.1731656763491 -9.238795325112868 0.8
      vertex -55.577113097809985 -8.968727415326882 -1.2
      vertex -56.1731656763491 -9.238795325112868 -1.2
    endloop
  endfacet
  facet normal -0.4713967368259987 0.8819212643483545 0
    outer loop
      vertex -55.577113097809985 -8.968727415326882 0.8
      vertex -55 -8.660254037844386 -1.2
      vertex -55.577113097809985 -8.968727415326882 -1.2
    endloop
  endfacet
  facet normal -0.5280678506503682 0.8492021815265787 0
    outer loop
      vertex -55 -8.660254037844386 0.8
      vertex -54.44429766980398 -8.314696123025453 -1.2
      vertex -55 -8.660254037844386 -1.2
    endloop
  endfacet
  facet normal -0.5824776968678039 0.8128466845916139 0
    outer loop
      vertex -54.44429766980398 -8.314696123025453 0.8
      vertex -53.9123857099128 -7.933533402912351 -1.2
      vertex -54.44429766980398 -8.314696123025453 -1.2
    endloop
  endfacet
  facet normal -0.6343932841636409 0.7730104533627405 0
    outer loop
      vertex -53.9123857099128 -7.933533402912351 0.8
      vertex -53.40654184899931 -7.518398074789775 -1.2
      vertex -53.9123857099128 -7.933533402912351 -1.2
    endloop
  endfacet
  facet normal 0.8492021815265844 0.5280678506503592 0
    outer loop
      vertex -68.66025403784438 -5 0.8
      vertex -68.31469612302546 -5.555702330196022 -1.2
      vertex -68.66025403784438 -5 -1.2
    endloop
  endfacet
  facet normal 0.8819212643483529 0.4713967368260018 0
    outer loop
      vertex -68.96872741532688 -4.4228869021900135 0.8
      vertex -68.66025403784438 -5 -1.2
      vertex -68.96872741532688 -4.4228869021900135 -1.2
    endloop
  endfacet
  facet normal 0.9108638249211709 0.4127070298044056 0
    outer loop
      vertex -69.23879532511287 -3.826834323650898 0.8
      vertex -68.96872741532688 -4.4228869021900135 -1.2
      vertex -69.23879532511287 -3.826834323650898 -1.2
    endloop
  endfacet
  facet normal 0.6835923020228719 0.7298640726978349 0
    outer loop
      vertex -67.07106781186548 -7.0710678118654755 0.8
      vertex -66.59345815100069 -7.518398074789775 -1.2
      vertex -67.07106781186548 -7.0710678118654755 -1.2
    endloop
  endfacet
  facet normal 0.7298640726978377 0.6835923020228691 0
    outer loop
      vertex -67.51839807478977 -6.593458151000688 0.8
      vertex -67.07106781186548 -7.0710678118654755 -1.2
      vertex -67.51839807478977 -6.593458151000688 -1.2
    endloop
  endfacet
  facet normal 0.7730104533627399 0.6343932841636419 0
    outer loop
      vertex -67.93353340291235 -6.087614290087206 0.8
      vertex -67.51839807478977 -6.593458151000688 -1.2
      vertex -67.93353340291235 -6.087614290087206 -1.2
    endloop
  endfacet
  facet normal 0.8128466845916085 0.5824776968678117 0
    outer loop
      vertex -68.31469612302546 -5.555702330196022 0.8
      vertex -67.93353340291235 -6.087614290087206 -1.2
      vertex -68.31469612302546 -5.555702330196022 -1.2
    endloop
  endfacet
  facet normal 0.9359059267573319 0.352250047921217 0
    outer loop
      vertex -69.46930129495105 -3.214394653031616 0.8
      vertex -69.23879532511287 -3.826834323650898 -1.2
      vertex -69.46930129495105 -3.214394653031616 -1.2
    endloop
  endfacet
  facet normal 0.9569403357322046 0.2902846772544766 0
    outer loop
      vertex -69.65925826289069 -2.5881904510252074 0.8
      vertex -69.46930129495105 -3.214394653031616 -1.2
      vertex -69.65925826289069 -2.5881904510252074 -1.2
    endloop
  endfacet
  facet normal 0.9738769792773343 0.22707626303437028 0
    outer loop
      vertex -69.80785280403231 -1.9509032201612824 0.8
      vertex -69.65925826289069 -2.5881904510252074 -1.2
      vertex -69.80785280403231 -1.9509032201612824 -1.2
    endloop
  endfacet
  facet normal 0.9866433320848802 0.162895473394581 0
    outer loop
      vertex -69.9144486137381 -1.3052619222005157 0.8
      vertex -69.80785280403231 -1.9509032201612824 -1.2
      vertex -69.9144486137381 -1.3052619222005157 -1.2
    endloop
  endfacet
  facet normal 0.9951847266721955 0.09801714032957443 0
    outer loop
      vertex -69.97858923238604 -0.6540312923014306 0.8
      vertex -69.9144486137381 -1.3052619222005157 -1.2
      vertex -69.97858923238604 -0.6540312923014306 -1.2
    endloop
  endfacet
  facet normal 0.999464587476366 0.03271908282176504 0
    outer loop
      vertex -70 0 0.8
      vertex -69.97858923238604 -0.6540312923014306 -1.2
      vertex -70 0 -1.2
    endloop
  endfacet
  facet normal -0.6835923020228719 0.7298640726978349 0
    outer loop
      vertex -53.40654184899931 -7.518398074789775 0.8
      vertex -52.928932188134524 -7.0710678118654755 -1.2
      vertex -53.40654184899931 -7.518398074789775 -1.2
    endloop
  endfacet
  facet normal -0.7298640726978377 0.6835923020228691 0
    outer loop
      vertex -52.928932188134524 -7.0710678118654755 0.8
      vertex -52.48160192521023 -6.593458151000688 -1.2
      vertex -52.928932188134524 -7.0710678118654755 -1.2
    endloop
  endfacet
  facet normal -0.7730104533627346 0.6343932841636484 0
    outer loop
      vertex -52.48160192521023 -6.593458151000688 0.8
      vertex -52.06646659708765 -6.087614290087206 -1.2
      vertex -52.48160192521023 -6.593458151000688 -1.2
    endloop
  endfacet
  facet normal -0.8128466845916136 0.5824776968678045 0
    outer loop
      vertex -52.06646659708765 -6.087614290087206 0.8
      vertex -51.685303876974544 -5.555702330196022 -1.2
      vertex -52.06646659708765 -6.087614290087206 -1.2
    endloop
  endfacet
  facet normal -0.8492021815265844 0.5280678506503592 0
    outer loop
      vertex -51.685303876974544 -5.555702330196022 0.8
      vertex -51.33974596215562 -5 -1.2
      vertex -51.685303876974544 -5.555702330196022 -1.2
    endloop
  endfacet
  facet normal -0.8819212643483529 0.4713967368260018 0
    outer loop
      vertex -51.33974596215562 -5 0.8
      vertex -51.03127258467312 -4.4228869021900135 -1.2
      vertex -51.33974596215562 -5 -1.2
    endloop
  endfacet
  facet normal -0.9108638249211749 0.41270702980439655 0
    outer loop
      vertex -51.03127258467312 -4.4228869021900135 0.8
      vertex -50.76120467488713 -3.826834323650898 -1.2
      vertex -51.03127258467312 -4.4228869021900135 -1.2
    endloop
  endfacet
  facet normal -0.9359059267573246 0.35225004792123604 0
    outer loop
      vertex -50.76120467488713 -3.826834323650898 0.8
      vertex -50.53069870504894 -3.214394653031616 -1.2
      vertex -50.76120467488713 -3.826834323650898 -1.2
    endloop
  endfacet
  facet normal -0.9569403357322106 0.29028467725445667 0
    outer loop
      vertex -50.53069870504894 -3.214394653031616 0.8
      vertex -50.34074173710932 -2.5881904510252074 -1.2
      vertex -50.53069870504894 -3.214394653031616 -1.2
    endloop
  endfacet
  facet normal -0.9738769792773319 0.22707626303438055 0
    outer loop
      vertex -50.34074173710932 -2.5881904510252074 0.8
      vertex -50.19214719596769 -1.9509032201612824 -1.2
      vertex -50.34074173710932 -2.5881904510252074 -1.2
    endloop
  endfacet
  facet normal -0.9866433320848802 0.162895473394581 0
    outer loop
      vertex -50.19214719596769 -1.9509032201612824 0.8
      vertex -50.0855513862619 -1.3052619222005157 -1.2
      vertex -50.19214719596769 -1.9509032201612824 -1.2
    endloop
  endfacet
  facet normal -0.9951847266721965 0.09801714032956366 0
    outer loop
      vertex -50.0855513862619 -1.3052619222005157 0.8
      vertex -50.021410767613965 -0.6540312923014306 -1.2
      vertex -50.0855513862619 -1.3052619222005157 -1.2
    endloop
  endfacet
  facet normal -0.9994645874763657 0.03271908282177589 0
    outer loop
      vertex -50.021410767613965 -0.6540312923014306 0.8
      vertex -50 0 -1.2
      vertex -50.021410767613965 -0.6540312923014306 -1.2
    endloop
  endfacet
  facet normal 0.3522500479212341 0.9359059267573254 -7.570322747497012e-18
    outer loop
      vertex -63.8268343236509 -9.238795325112868 0.8
      vertex -63.21439465303162 -9.469301294951057 0.8
      vertex -63.21439465303162 -9.469301294951057 -1.2
    endloop
  endfacet
  facet normal 0.1628954733945894 0.986643332084879 -3.18408803725775e-18
    outer loop
      vertex -61.95090322016128 -9.807852804032304 0.8
      vertex -61.305261922200515 -9.914448613738104 0.8
      vertex -61.305261922200515 -9.914448613738104 -1.2
    endloop
  endfacet
  facet normal 0.22707626303437256 0.9738769792773339 5.003082986090014e-18
    outer loop
      vertex -62.588190451025206 -9.659258262890683 0.8
      vertex -61.95090322016128 -9.807852804032304 0.8
      vertex -61.95090322016128 -9.807852804032304 -1.2
    endloop
  endfacet
  facet normal 0.2902846772544598 0.9569403357322096 0
    outer loop
      vertex -62.588190451025206 -9.659258262890683 0.8
      vertex -62.588190451025206 -9.659258262890683 -1.2
      vertex -63.21439465303162 -9.469301294951057 0.8
    endloop
  endfacet
  facet normal 0.09801714032956141 0.9951847266721968 0
    outer loop
      vertex -60.65403129230143 -9.978589232386035 0.8
      vertex -60.65403129230143 -9.978589232386035 -1.2
      vertex -61.305261922200515 -9.914448613738104 0.8
    endloop
  endfacet
  facet normal 0.03271908282177579 0.9994645874763657 -3.3967807351229277e-19
    outer loop
      vertex -60.65403129230143 -9.978589232386035 0.8
      vertex -60 -10 0.8
      vertex -60 -10 -1.2
    endloop
  endfacet
  facet normal -0.03271908282177579 0.9994645874763657 3.3967807351229277e-19
    outer loop
      vertex -60 -10 0.8
      vertex -59.34596870769857 -9.978589232386035 0.8
      vertex -59.34596870769857 -9.978589232386035 -1.2
    endloop
  endfacet
  facet normal -0.09801714032956141 0.9951847266721968 1.0538082171773115e-18
    outer loop
      vertex -59.34596870769857 -9.978589232386035 0.8
      vertex -58.694738077799485 -9.914448613738104 0.8
      vertex -58.694738077799485 -9.914448613738104 -1.2
    endloop
  endfacet
  facet normal 0.41270702980439655 0.9108638249211749 0
    outer loop
      vertex -63.8268343236509 -9.238795325112868 0.8
      vertex -63.8268343236509 -9.238795325112868 -1.2
      vertex -64.42288690219002 -8.968727415326882 0.8
    endloop
  endfacet
  facet normal 0.4713967368259987 0.8819212643483545 1.43328736738661e-18
    outer loop
      vertex -65 -8.660254037844386 0.8
      vertex -64.42288690219002 -8.968727415326882 0.8
      vertex -64.42288690219002 -8.968727415326882 -1.2
    endloop
  endfacet
  facet normal 0.5280678506503634 0.8492021815265818 0
    outer loop
      vertex -65 -8.660254037844386 0.8
      vertex -65 -8.660254037844386 -1.2
      vertex -65.55570233019603 -8.314696123025453 0.8
    endloop
  endfacet
  facet normal 0.6343932841636409 0.7730104533627405 0
    outer loop
      vertex -66.0876142900872 -7.933533402912351 0.8
      vertex -66.0876142900872 -7.933533402912351 -1.2
      vertex -66.59345815100069 -7.518398074789775 0.8
    endloop
  endfacet
  facet normal 0.582477696867809 0.8128466845916102 7.549249981538328e-18
    outer loop
      vertex -66.0876142900872 -7.933533402912351 0.8
      vertex -65.55570233019603 -8.314696123025453 0.8
      vertex -65.55570233019603 -8.314696123025453 -1.2
    endloop
  endfacet
  facet normal -0.1628954733945894 0.986643332084879 3.18408803725775e-18
    outer loop
      vertex -58.694738077799485 -9.914448613738104 0.8
      vertex -58.04909677983872 -9.807852804032304 0.8
      vertex -58.04909677983872 -9.807852804032304 -1.2
    endloop
  endfacet
  facet normal -0.22707626303437256 0.9738769792773339 -5.003082986090014e-18
    outer loop
      vertex -58.04909677983872 -9.807852804032304 0.8
      vertex -57.411809548974794 -9.659258262890683 0.8
      vertex -57.411809548974794 -9.659258262890683 -1.2
    endloop
  endfacet
  facet normal -0.2902846772544598 0.9569403357322096 1.844945261406005e-18
    outer loop
      vertex -57.411809548974794 -9.659258262890683 0.8
      vertex -56.78560534696838 -9.469301294951057 0.8
      vertex -56.78560534696838 -9.469301294951057 -1.2
    endloop
  endfacet
  facet normal -0.3522500479212341 0.9359059267573254 7.570322747497012e-18
    outer loop
      vertex -56.78560534696838 -9.469301294951057 0.8
      vertex -56.1731656763491 -9.238795325112868 0.8
      vertex -56.1731656763491 -9.238795325112868 -1.2
    endloop
  endfacet
  facet normal -0.41270702980439655 0.9108638249211749 -8.620036191921422e-18
    outer loop
      vertex -56.1731656763491 -9.238795325112868 0.8
      vertex -55.577113097809985 -8.968727415326882 0.8
      vertex -55.577113097809985 -8.968727415326882 -1.2
    endloop
  endfacet
  facet normal -0.4713967368259987 0.8819212643483545 -1.43328736738661e-18
    outer loop
      vertex -55.577113097809985 -8.968727415326882 0.8
      vertex -55 -8.660254037844386 0.8
      vertex -55 -8.660254037844386 -1.2
    endloop
  endfacet
  facet normal -0.5280678506503682 0.8492021815265787 6.8508016574913995e-18
    outer loop
      vertex -55 -8.660254037844386 0.8
      vertex -54.44429766980398 -8.314696123025453 0.8
      vertex -54.44429766980398 -8.314696123025453 -1.2
    endloop
  endfacet
  facet normal -0.5824776968678039 0.8128466845916139 4.701387177649367e-18
    outer loop
      vertex -54.44429766980398 -8.314696123025453 0.8
      vertex -53.9123857099128 -7.933533402912351 0.8
      vertex -53.9123857099128 -7.933533402912351 -1.2
    endloop
  endfacet
  facet normal -0.6343932841636409 0.7730104533627405 8.441827071765114e-18
    outer loop
      vertex -53.9123857099128 -7.933533402912351 0.8
      vertex -53.40654184899931 -7.518398074789775 0.8
      vertex -53.40654184899931 -7.518398074789775 -1.2
    endloop
  endfacet
  facet normal 0.8492021815265844 0.5280678506503592 0
    outer loop
      vertex -68.31469612302546 -5.555702330196022 0.8
      vertex -68.31469612302546 -5.555702330196022 -1.2
      vertex -68.66025403784438 -5 0.8
    endloop
  endfacet
  facet normal 0.8819212643483529 0.4713967368260018 0
    outer loop
      vertex -68.66025403784438 -5 0.8
      vertex -68.66025403784438 -5 -1.2
      vertex -68.96872741532688 -4.4228869021900135 0.8
    endloop
  endfacet
  facet normal 0.9108638249211709 0.4127070298044056 0
    outer loop
      vertex -68.96872741532688 -4.4228869021900135 0.8
      vertex -68.96872741532688 -4.4228869021900135 -1.2
      vertex -69.23879532511287 -3.826834323650898 0.8
    endloop
  endfacet
  facet normal 0.6835923020228719 0.7298640726978349 0
    outer loop
      vertex -66.59345815100069 -7.518398074789775 0.8
      vertex -66.59345815100069 -7.518398074789775 -1.2
      vertex -67.07106781186548 -7.0710678118654755 0.8
    endloop
  endfacet
  facet normal 0.7298640726978377 0.6835923020228691 0
    outer loop
      vertex -67.07106781186548 -7.0710678118654755 0.8
      vertex -67.07106781186548 -7.0710678118654755 -1.2
      vertex -67.51839807478977 -6.593458151000688 0.8
    endloop
  endfacet
  facet normal 0.7730104533627399 0.6343932841636419 0
    outer loop
      vertex -67.51839807478977 -6.593458151000688 0.8
      vertex -67.51839807478977 -6.593458151000688 -1.2
      vertex -67.93353340291235 -6.087614290087206 0.8
    endloop
  endfacet
  facet normal 0.8128466845916085 0.5824776968678117 3.649244739795663e-18
    outer loop
      vertex -68.31469612302546 -5.555702330196022 0.8
      vertex -67.93353340291235 -6.087614290087206 0.8
      vertex -67.93353340291235 -6.087614290087206 -1.2
    endloop
  endfacet
  facet normal 0.9359059267573319 0.352250047921217 0
    outer loop
      vertex -69.23879532511287 -3.826834323650898 0.8
      vertex -69.23879532511287 -3.826834323650898 -1.2
      vertex -69.46930129495105 -3.214394653031616 0.8
    endloop
  endfacet
  facet normal 0.9569403357322046 0.2902846772544766 0
    outer loop
      vertex -69.46930129495105 -3.214394653031616 0.8
      vertex -69.46930129495105 -3.214394653031616 -1.2
      vertex -69.65925826289069 -2.5881904510252074 0.8
    endloop
  endfacet
  facet normal 0.9738769792773343 0.22707626303437028 0
    outer loop
      vertex -69.65925826289069 -2.5881904510252074 0.8
      vertex -69.65925826289069 -2.5881904510252074 -1.2
      vertex -69.80785280403231 -1.9509032201612824 0.8
    endloop
  endfacet
  facet normal 0.9866433320848802 0.162895473394581 0
    outer loop
      vertex -69.80785280403231 -1.9509032201612824 0.8
      vertex -69.80785280403231 -1.9509032201612824 -1.2
      vertex -69.9144486137381 -1.3052619222005157 0.8
    endloop
  endfacet
  facet normal 0.9951847266721955 0.09801714032957443 0
    outer loop
      vertex -69.9144486137381 -1.3052619222005157 0.8
      vertex -69.9144486137381 -1.3052619222005157 -1.2
      vertex -69.97858923238604 -0.6540312923014306 0.8
    endloop
  endfacet
  facet normal 0.999464587476366 0.03271908282176504 0
    outer loop
      vertex -69.97858923238604 -0.6540312923014306 0.8
      vertex -69.97858923238604 -0.6540312923014306 -1.2
      vertex -70 0 0.8
    endloop
  endfacet
  facet normal -0.6835923020228719 0.7298640726978349 1.7134559727641503e-19
    outer loop
      vertex -53.40654184899931 -7.518398074789775 0.8
      vertex -52.928932188134524 -7.0710678118654755 0.8
      vertex -52.928932188134524 -7.0710678118654755 -1.2
    endloop
  endfacet
  facet normal -0.7298640726978377 0.6835923020228691 1.0012486558676475e-17
    outer loop
      vertex -52.928932188134524 -7.0710678118654755 0.8
      vertex -52.48160192521023 -6.593458151000688 0.8
      vertex -52.48160192521023 -6.593458151000688 -1.2
    endloop
  endfacet
  facet normal -0.7730104533627346 0.6343932841636484 -1.8784711547223504e-18
    outer loop
      vertex -52.48160192521023 -6.593458151000688 0.8
      vertex -52.06646659708765 -6.087614290087206 0.8
      vertex -52.06646659708765 -6.087614290087206 -1.2
    endloop
  endfacet
  facet normal -0.8128466845916136 0.5824776968678045 -7.243101531317172e-18
    outer loop
      vertex -52.06646659708765 -6.087614290087206 0.8
      vertex -51.685303876974544 -5.555702330196022 0.8
      vertex -51.685303876974544 -5.555702330196022 -1.2
    endloop
  endfacet
  facet normal -0.8492021815265844 0.5280678506503592 3.795015828887436e-18
    outer loop
      vertex -51.685303876974544 -5.555702330196022 0.8
      vertex -51.33974596215562 -5 0.8
      vertex -51.33974596215562 -5 -1.2
    endloop
  endfacet
  facet normal -0.8819212643483529 0.4713967368260018 -9.645404176454733e-18
    outer loop
      vertex -51.33974596215562 -5 0.8
      vertex -51.03127258467312 -4.4228869021900135 0.8
      vertex -51.03127258467312 -4.4228869021900135 -1.2
    endloop
  endfacet
  facet normal -0.9108638249211749 0.41270702980439655 -8.620036191921422e-18
    outer loop
      vertex -51.03127258467312 -4.4228869021900135 0.8
      vertex -50.76120467488713 -3.826834323650898 0.8
      vertex -50.76120467488713 -3.826834323650898 -1.2
    endloop
  endfacet
  facet normal -0.9359059267573246 0.35225004792123604 -1.4994824425591776e-18
    outer loop
      vertex -50.76120467488713 -3.826834323650898 0.8
      vertex -50.53069870504894 -3.214394653031616 0.8
      vertex -50.53069870504894 -3.214394653031616 -1.2
    endloop
  endfacet
  facet normal -0.9569403357322106 0.29028467725445667 8.428338568095722e-19
    outer loop
      vertex -50.53069870504894 -3.214394653031616 0.8
      vertex -50.34074173710932 -2.5881904510252074 0.8
      vertex -50.34074173710932 -2.5881904510252074 -1.2
    endloop
  endfacet
  facet normal -0.9738769792773319 0.22707626303438055 -2.794896042974125e-18
    outer loop
      vertex -50.34074173710932 -2.5881904510252074 0.8
      vertex -50.19214719596769 -1.9509032201612824 0.8
      vertex -50.19214719596769 -1.9509032201612824 -1.2
    endloop
  endfacet
  facet normal -0.9866433320848802 0.162895473394581 1.9388835316394925e-19
    outer loop
      vertex -50.19214719596769 -1.9509032201612824 0.8
      vertex -50.0855513862619 -1.3052619222005157 0.8
      vertex -50.0855513862619 -1.3052619222005157 -1.2
    endloop
  endfacet
  facet normal -0.9951847266721965 0.09801714032956366 -2.1403641847124944e-18
    outer loop
      vertex -50.0855513862619 -1.3052619222005157 0.8
      vertex -50.021410767613965 -0.6540312923014306 0.8
      vertex -50.021410767613965 -0.6540312923014306 -1.2
    endloop
  endfacet
  facet normal -0.9994645874763657 0.03271908282177589 -5.420287172177756e-19
    outer loop
      vertex -50.021410767613965 -0.6540312923014306 0.8
      vertex -50 0 0.8
      vertex -50 0 -1.2
    endloop
  endfacet
  facet normal 0 0 -1
    outer loop
      vertex -68.66025403784438 -5 0.8
      vertex -68.96872741532688 -4.4228869021900135 0.8
      vertex -68.96872741532688 4.4228869021900135 0.8
    endloop
  endfacet
  facet normal 0 0 -1
    outer loop
      vertex -68.31469612302546 -5.555702330196022 0.8
      vertex -68.66025403784438 -5 0.8
      vertex -68.66025403784438 5 0.8
    endloop
  endfacet
  facet normal 0 0 -1
    outer loop
      vertex -68.96872741532688 -4.4228869021900135 0.8
      vertex -69.23879532511287 -3.826834323650898 0.8
      vertex -69.23879532511287 3.826834323650898 0.8
    endloop
  endfacet
  facet normal 0 0 -1
    outer loop
      vertex -69.46930129495105 -3.214394653031616 0.8
      vertex -69.65925826289069 -2.5881904510252074 0.8
      vertex -69.65925826289069 2.5881904510252074 0.8
    endloop
  endfacet
  facet normal 0 0 -1
    outer loop
      vertex -69.23879532511287 -3.826834323650898 0.8
      vertex -69.46930129495105 -3.214394653031616 0.8
      vertex -69.46930129495105 3.214394653031616 0.8
    endloop
  endfacet
  facet normal 0 0 -1
    outer loop
      vertex -69.65925826289069 -2.5881904510252074 0.8
      vertex -69.80785280403231 -1.9509032201612824 0.8
      vertex -69.80785280403231 1.9509032201612824 0.8
    endloop
  endfacet
  facet normal 0 0 -1
    outer loop
      vertex -69.80785280403231 -1.9509032201612824 0.8
      vertex -69.9144486137381 -1.3052619222005157 0.8
      vertex -69.9144486137381 1.3052619222005157 0.8
    endloop
  endfacet
  facet normal 0 0 -1
    outer loop
      vertex -69.9144486137381 -1.3052619222005157 0.8
      vertex -69.97858923238604 -0.6540312923014306 0.8
      vertex -69.97858923238604 0.6540312923014306 0.8
    endloop
  endfacet
  facet normal 0 0 -1
    outer loop
      vertex -65 -8.660254037844386 0.8
      vertex -65.55570233019603 -8.314696123025453 0.8
      vertex -65.55570233019603 8.314696123025453 0.8
    endloop
  endfacet
  facet normal 0 0 -1
    outer loop
      vertex -65 -8.660254037844386 0.8
      vertex -65 8.660254037844386 0.8
      vertex -64.42288690219002 -8.968727415326882 0.8
    endloop
  endfacet
  facet normal 0 0 -1
    outer loop
      vertex -63.8268343236509 -9.238795325112868 0.8
      vertex -64.42288690219002 -8.968727415326882 0.8
      vertex -64.42288690219002 8.968727415326882 0.8
    endloop
  endfacet
  facet normal 0 0 -1
    outer loop
      vertex -63.8268343236509 -9.238795325112868 0.8
      vertex -63.8268343236509 9.238795325112868 0.8
      vertex -63.21439465303162 -9.469301294951057 0.8
    endloop
  endfacet
  facet normal 0 0 -1
    outer loop
      vertex -67.07106781186548 -7.0710678118654755 0.8
      vertex -67.51839807478977 -6.593458151000688 0.8
      vertex -67.51839807478977 6.593458151000688 0.8
    endloop
  endfacet
  facet normal 0 0 -1
    outer loop
      vertex -66.0876142900872 -7.933533402912351 0.8
      vertex -66.59345815100069 -7.518398074789775 0.8
      vertex -66.59345815100069 7.518398074789775 0.8
    endloop
  endfacet
  facet normal 0 0 -1
    outer loop
      vertex -66.0876142900872 -7.933533402912351 0.8
      vertex -66.0876142900872 7.933533402912351 0.8
      vertex -65.55570233019603 -8.314696123025453 0.8
    endloop
  endfacet
  facet normal 0 0 -1
    outer loop
      vertex -66.59345815100069 -7.518398074789775 0.8
      vertex -67.07106781186548 -7.0710678118654755 0.8
      vertex -67.07106781186548 7.0710678118654755 0.8
    endloop
  endfacet
  facet normal 0 0 -1
    outer loop
      vertex -67.51839807478977 -6.593458151000688 0.8
      vertex -67.93353340291235 -6.087614290087206 0.8
      vertex -67.93353340291235 6.087614290087206 0.8
    endloop
  endfacet
  facet normal 0 0 -1
    outer loop
      vertex -68.31469612302546 -5.555702330196022 0.8
      vertex -68.31469612302546 5.555702330196022 0.8
      vertex -67.93353340291235 -6.087614290087206 0.8
    endloop
  endfacet
  facet normal 0 0 -1
    outer loop
      vertex -61.95090322016128 -9.807852804032304 0.8
      vertex -61.95090322016128 9.807852804032304 0.8
      vertex -61.305261922200515 -9.914448613738104 0.8
    endloop
  endfacet
  facet normal 0 0 -1
    outer loop
      vertex -60.65403129230143 -9.978589232386035 0.8
      vertex -61.305261922200515 -9.914448613738104 0.8
      vertex -61.305261922200515 9.914448613738104 0.8
    endloop
  endfacet
  facet normal 0 0 -1
    outer loop
      vertex -62.588190451025206 -9.659258262890683 0.8
      vertex -63.21439465303162 -9.469301294951057 0.8
      vertex -63.21439465303162 9.469301294951057 0.8
    endloop
  endfacet
  facet normal 0 0 -1
    outer loop
      vertex -62.588190451025206 -9.659258262890683 0.8
      vertex -62.588190451025206 9.659258262890683 0.8
      vertex -61.95090322016128 -9.807852804032304 0.8
    endloop
  endfacet
  facet normal 0 0 -1
    outer loop
      vertex -60.65403129230143 -9.978589232386035 0.8
      vertex -60.65403129230143 9.978589232386035 0.8
      vertex -60 -10 0.8
    endloop
  endfacet
  facet normal 0 0 -1
    outer loop
      vertex -60 -10 0.8
      vertex -60 10 0.8
      vertex -59.34596870769857 -9.978589232386035 0.8
    endloop
  endfacet
  facet normal 0 0 -1
    outer loop
      vertex -59.34596870769857 -9.978589232386035 0.8
      vertex -59.34596870769857 9.978589232386035 0.8
      vertex -58.694738077799485 -9.914448613738104 0.8
    endloop
  endfacet
  facet normal 0 0 -1
    outer loop
      vertex -58.694738077799485 -9.914448613738104 0.8
      vertex -58.694738077799485 9.914448613738104 0.8
      vertex -58.04909677983872 -9.807852804032304 0.8
    endloop
  endfacet
  facet normal 0 0 -1
    outer loop
      vertex -58.04909677983872 -9.807852804032304 0.8
      vertex -58.04909677983872 9.807852804032304 0.8
      vertex -57.411809548974794 -9.659258262890683 0.8
    endloop
  endfacet
  facet normal 0 0 -1
    outer loop
      vertex -57.411809548974794 -9.659258262890683 0.8
      vertex -57.411809548974794 9.659258262890683 0.8
      vertex -56.78560534696838 -9.469301294951057 0.8
    endloop
  endfacet
  facet normal 0 0 -1
    outer loop
      vertex -56.78560534696838 -9.469301294951057 0.8
      vertex -56.78560534696838 9.469301294951057 0.8
      vertex -56.1731656763491 -9.238795325112868 0.8
    endloop
  endfacet
  facet normal 0 0 -1
    outer loop
      vertex -56.1731656763491 -9.238795325112868 0.8
      vertex -56.1731656763491 9.238795325112868 0.8
      vertex -55.577113097809985 -8.968727415326882 0.8
    endloop
  endfacet
  facet normal 0 0 -1
    outer loop
      vertex -55.577113097809985 -8.968727415326882 0.8
      vertex -55.577113097809985 8.968727415326882 0.8
      vertex -55 -8.660254037844386 0.8
    endloop
  endfacet
  facet normal 0 0 -1
    outer loop
      vertex -55 -8.660254037844386 0.8
      vertex -55 8.660254037844386 0.8
      vertex -54.44429766980398 -8.314696123025453 0.8
    endloop
  endfacet
  facet normal 0 0 -1
    outer loop
      vertex -54.44429766980398 -8.314696123025453 0.8
      vertex -54.44429766980398 8.314696123025453 0.8
      vertex -53.9123857099128 -7.933533402912351 0.8
    endloop
  endfacet
  facet normal 0 0 -1
    outer loop
      vertex -53.9123857099128 -7.933533402912351 0.8
      vertex -53.9123857099128 7.933533402912351 0.8
      vertex -53.40654184899931 -7.518398074789775 0.8
    endloop
  endfacet
  facet normal 0 0 -1
    outer loop
      vertex -53.40654184899931 -7.518398074789775 0.8
      vertex -53.40654184899931 7.518398074789775 0.8
      vertex -52.928932188134524 -7.0710678118654755 0.8
    endloop
  endfacet
  facet normal 0 0 -1
    outer loop
      vertex -52.928932188134524 -7.0710678118654755 0.8
      vertex -52.928932188134524 7.0710678118654755 0.8
      vertex -52.48160192521023 -6.593458151000688 0.8
    endloop
  endfacet
  facet normal 0 0 -1
    outer loop
      vertex -52.48160192521023 -6.593458151000688 0.8
      vertex -52.48160192521023 6.593458151000688 0.8
      vertex -52.06646659708765 -6.087614290087206 0.8
    endloop
  endfacet
  facet normal 0 0 -1
    outer loop
      vertex -52.06646659708765 -6.087614290087206 0.8
      vertex -52.06646659708765 6.087614290087206 0.8
      vertex -51.685303876974544 -5.555702330196022 0.8
    endloop
  endfacet
  facet normal 0 0 -1
    outer loop
      vertex -51.685303876974544 -5.555702330196022 0.8
      vertex -51.685303876974544 5.555702330196022 0.8
      vertex -51.33974596215562 -5 0.8
    endloop
  endfacet
  facet normal 0 0 -1
    outer loop
      vertex -51.33974596215562 -5 0.8
      vertex -51.33974596215562 5 0.8
      vertex -51.03127258467312 -4.4228869021900135 0.8
    endloop
  endfacet
  facet normal 0 0 -1
    outer loop
      vertex -51.03127258467312 -4.4228869021900135 0.8
      vertex -51.03127258467312 4.4228869021900135 0.8
      vertex -50.76120467488713 -3.826834323650898 0.8
    endloop
  endfacet
  facet normal 0 0 -1
    outer loop
      vertex -50.76120467488713 -3.826834323650898 0.8
      vertex -50.76120467488713 3.826834323650898 0.8
      vertex -50.53069870504894 -3.214394653031616 0.8
    endloop
  endfacet
  facet normal 0 0 -1
    outer loop
      vertex -50.53069870504894 -3.214394653031616 0.8
      vertex -50.53069870504894 3.214394653031616 0.8
      vertex -50.34074173710932 -2.5881904510252074 0.8
    endloop
  endfacet
  facet normal 0 0 -1
    outer loop
      vertex -50.34074173710932 -2.5881904510252074 0.8
      vertex -50.34074173710932 2.5881904510252074 0.8
      vertex -50.19214719596769 -1.9509032201612824 0.8
    endloop
  endfacet
  facet normal 0 0 -1
    outer loop
      vertex -50.19214719596769 -1.9509032201612824 0.8
      vertex -50.19214719596769 1.9509032201612824 0.8
      vertex -50.0855513862619 -1.3052619222005157 0.8
    endloop
  endfacet
  facet normal 0 0 -1
    outer loop
      vertex -50.0855513862619 -1.3052619222005157 0.8
      vertex -50.0855513862619 1.3052619222005157 0.8
      vertex -50.021410767613965 -0.6540312923014306 0.8
    endloop
  endfacet
  facet normal 0.999464587476366 -0.03271908282176504 0
    outer loop
      vertex -69.97858923238604 0.6540312923014306 0.8
      vertex -70 0 -1.2
      vertex -69.97858923238604 0.6540312923014306 -1.2
    endloop
  endfacet
  facet normal 0.9951847266721955 -0.09801714032957443 0
    outer loop
      vertex -69.9144486137381 1.3052619222005157 0.8
      vertex -69.97858923238604 0.6540312923014306 -1.2
      vertex -69.9144486137381 1.3052619222005157 -1.2
    endloop
  endfacet
  facet normal 0.9866433320848802 -0.162895473394581 0
    outer loop
      vertex -69.80785280403231 1.9509032201612824 0.8
      vertex -69.9144486137381 1.3052619222005157 -1.2
      vertex -69.80785280403231 1.9509032201612824 -1.2
    endloop
  endfacet
  facet normal 0.9738769792773343 -0.22707626303437028 0
    outer loop
      vertex -69.65925826289069 2.5881904510252074 0.8
      vertex -69.80785280403231 1.9509032201612824 -1.2
      vertex -69.65925826289069 2.5881904510252074 -1.2
    endloop
  endfacet
  facet normal 0.9569403357322046 -0.2902846772544766 0
    outer loop
      vertex -69.46930129495105 3.214394653031616 0.8
      vertex -69.65925826289069 2.5881904510252074 -1.2
      vertex -69.46930129495105 3.214394653031616 -1.2
    endloop
  endfacet
  facet normal 0.9359059267573319 -0.352250047921217 0
    outer loop
      vertex -69.23879532511287 3.826834323650898 0.8
      vertex -69.46930129495105 3.214394653031616 -1.2
      vertex -69.23879532511287 3.826834323650898 -1.2
    endloop
  endfacet
  facet normal 0.9108638249211709 -0.4127070298044056 0
    outer loop
      vertex -68.96872741532688 4.4228869021900135 0.8
      vertex -69.23879532511287 3.826834323650898 -1.2
      vertex -68.96872741532688 4.4228869021900135 -1.2
    endloop
  endfacet
  facet normal 0.8819212643483529 -0.4713967368260018 0
    outer loop
      vertex -68.66025403784438 5 0.8
      vertex -68.96872741532688 4.4228869021900135 -1.2
      vertex -68.66025403784438 5 -1.2
    endloop
  endfacet
  facet normal 0.8492021815265844 -0.5280678506503592 0
    outer loop
      vertex -68.31469612302546 5.555702330196022 0.8
      vertex -68.66025403784438 5 -1.2
      vertex -68.31469612302546 5.555702330196022 -1.2
    endloop
  endfacet
  facet normal 0.8128466845916085 -0.5824776968678117 0
    outer loop
      vertex -67.93353340291235 6.087614290087206 0.8
      vertex -68.31469612302546 5.555702330196022 -1.2
      vertex -67.93353340291235 6.087614290087206 -1.2
    endloop
  endfacet
  facet normal 0.7730104533627399 -0.6343932841636419 0
    outer loop
      vertex -67.51839807478977 6.593458151000688 0.8
      vertex -67.93353340291235 6.087614290087206 -1.2
      vertex -67.51839807478977 6.593458151000688 -1.2
    endloop
  endfacet
  facet normal 0.7298640726978377 -0.6835923020228691 0
    outer loop
      vertex -67.07106781186548 7.0710678118654755 0.8
      vertex -67.51839807478977 6.593458151000688 -1.2
      vertex -67.07106781186548 7.0710678118654755 -1.2
    endloop
  endfacet
  facet normal 0.6835923020228719 -0.7298640726978349 0
    outer loop
      vertex -66.59345815100069 7.518398074789775 0.8
      vertex -67.07106781186548 7.0710678118654755 -1.2
      vertex -66.59345815100069 7.518398074789775 -1.2
    endloop
  endfacet
  facet normal -0.9994645874763657 -0.03271908282177589 0
    outer loop
      vertex -50 0 0.8
      vertex -50.021410767613965 0.6540312923014306 -1.2
      vertex -50 0 -1.2
    endloop
  endfacet
  facet normal -0.9951847266721965 -0.09801714032956366 0
    outer loop
      vertex -50.021410767613965 0.6540312923014306 0.8
      vertex -50.0855513862619 1.3052619222005157 -1.2
      vertex -50.021410767613965 0.6540312923014306 -1.2
    endloop
  endfacet
  facet normal -0.9866433320848802 -0.162895473394581 0
    outer loop
      vertex -50.0855513862619 1.3052619222005157 0.8
      vertex -50.19214719596769 1.9509032201612824 -1.2
      vertex -50.0855513862619 1.3052619222005157 -1.2
    endloop
  endfacet
  facet normal -0.9738769792773319 -0.22707626303438055 0
    outer loop
      vertex -50.19214719596769 1.9509032201612824 0.8
      vertex -50.34074173710932 2.5881904510252074 -1.2
      vertex -50.19214719596769 1.9509032201612824 -1.2
    endloop
  endfacet
  facet normal -0.9569403357322106 -0.29028467725445667 0
    outer loop
      vertex -50.34074173710932 2.5881904510252074 0.8
      vertex -50.53069870504894 3.214394653031616 -1.2
      vertex -50.34074173710932 2.5881904510252074 -1.2
    endloop
  endfacet
  facet normal -0.9359059267573246 -0.35225004792123604 0
    outer loop
      vertex -50.53069870504894 3.214394653031616 0.8
      vertex -50.76120467488713 3.826834323650898 -1.2
      vertex -50.53069870504894 3.214394653031616 -1.2
    endloop
  endfacet
  facet normal -0.9108638249211749 -0.41270702980439655 0
    outer loop
      vertex -50.76120467488713 3.826834323650898 0.8
      vertex -51.03127258467312 4.4228869021900135 -1.2
      vertex -50.76120467488713 3.826834323650898 -1.2
    endloop
  endfacet
  facet normal -0.8819212643483529 -0.4713967368260018 0
    outer loop
      vertex -51.03127258467312 4.4228869021900135 0.8
      vertex -51.33974596215562 5 -1.2
      vertex -51.03127258467312 4.4228869021900135 -1.2
    endloop
  endfacet
  facet normal -0.8492021815265844 -0.5280678506503592 0
    outer loop
      vertex -51.33974596215562 5 0.8
      vertex -51.685303876974544 5.555702330196022 -1.2
      vertex -51.33974596215562 5 -1.2
    endloop
  endfacet
  facet normal -0.8128466845916136 -0.5824776968678045 0
    outer loop
      vertex -51.685303876974544 5.555702330196022 0.8
      vertex -52.06646659708765 6.087614290087206 -1.2
      vertex -51.685303876974544 5.555702330196022 -1.2
    endloop
  endfacet
  facet normal -0.7730104533627346 -0.6343932841636484 0
    outer loop
      vertex -52.06646659708765 6.087614290087206 0.8
      vertex -52.48160192521023 6.593458151000688 -1.2
      vertex -52.06646659708765 6.087614290087206 -1.2
    endloop
  endfacet
  facet normal -0.7298640726978377 -0.6835923020228691 0
    outer loop
      vertex -52.48160192521023 6.593458151000688 0.8
      vertex -52.928932188134524 7.0710678118654755 -1.2
      vertex -52.48160192521023 6.593458151000688 -1.2
    endloop
  endfacet
  facet normal -0.6835923020228719 -0.7298640726978349 0
    outer loop
      vertex -52.928932188134524 7.0710678118654755 0.8
      vertex -53.40654184899931 7.518398074789775 -1.2
      vertex -52.928932188134524 7.0710678118654755 -1.2
    endloop
  endfacet
  facet normal 0.6343932841636409 -0.7730104533627405 0
    outer loop
      vertex -66.0876142900872 7.933533402912351 0.8
      vertex -66.59345815100069 7.518398074789775 -1.2
      vertex -66.0876142900872 7.933533402912351 -1.2
    endloop
  endfacet
  facet normal 0.582477696867809 -0.8128466845916102 0
    outer loop
      vertex -65.55570233019603 8.314696123025453 0.8
      vertex -66.0876142900872 7.933533402912351 -1.2
      vertex -65.55570233019603 8.314696123025453 -1.2
    endloop
  endfacet
  facet normal 0.5280678506503634 -0.8492021815265818 0
    outer loop
      vertex -65 8.660254037844386 0.8
      vertex -65.55570233019603 8.314696123025453 -1.2
      vertex -65 8.660254037844386 -1.2
    endloop
  endfacet
  facet normal 0.4713967368259987 -0.8819212643483545 0
    outer loop
      vertex -64.42288690219002 8.968727415326882 0.8
      vertex -65 8.660254037844386 -1.2
      vertex -64.42288690219002 8.968727415326882 -1.2
    endloop
  endfacet
  facet normal 0.41270702980439655 -0.9108638249211749 0
    outer loop
      vertex -63.8268343236509 9.238795325112868 0.8
      vertex -64.42288690219002 8.968727415326882 -1.2
      vertex -63.8268343236509 9.238795325112868 -1.2
    endloop
  endfacet
  facet normal 0.3522500479212341 -0.9359059267573254 0
    outer loop
      vertex -63.21439465303162 9.469301294951057 0.8
      vertex -63.8268343236509 9.238795325112868 -1.2
      vertex -63.21439465303162 9.469301294951057 -1.2
    endloop
  endfacet
  facet normal 0.2902846772544598 -0.9569403357322096 0
    outer loop
      vertex -62.588190451025206 9.659258262890683 0.8
      vertex -63.21439465303162 9.469301294951057 -1.2
      vertex -62.588190451025206 9.659258262890683 -1.2
    endloop
  endfacet
  facet normal 0.22707626303437256 -0.9738769792773339 0
    outer loop
      vertex -61.95090322016128 9.807852804032304 0.8
      vertex -62.588190451025206 9.659258262890683 -1.2
      vertex -61.95090322016128 9.807852804032304 -1.2
    endloop
  endfacet
  facet normal 0.1628954733945894 -0.986643332084879 0
    outer loop
      vertex -61.305261922200515 9.914448613738104 0.8
      vertex -61.95090322016128 9.807852804032304 -1.2
      vertex -61.305261922200515 9.914448613738104 -1.2
    endloop
  endfacet
  facet normal 0.09801714032956141 -0.9951847266721968 0
    outer loop
      vertex -60.65403129230143 9.978589232386035 0.8
      vertex -61.305261922200515 9.914448613738104 -1.2
      vertex -60.65403129230143 9.978589232386035 -1.2
    endloop
  endfacet
  facet normal 0.03271908282177579 -0.9994645874763657 0
    outer loop
      vertex -60 10 0.8
      vertex -60.65403129230143 9.978589232386035 -1.2
      vertex -60 10 -1.2
    endloop
  endfacet
  facet normal -0.03271908282177579 -0.9994645874763657 0
    outer loop
      vertex -59.34596870769857 9.978589232386035 0.8
      vertex -60 10 -1.2
      vertex -59.34596870769857 9.978589232386035 -1.2
    endloop
  endfacet
  facet normal -0.09801714032956141 -0.9951847266721968 0
    outer loop
      vertex -58.694738077799485 9.914448613738104 0.8
      vertex -59.34596870769857 9.978589232386035 -1.2
      vertex -58.694738077799485 9.914448613738104 -1.2
    endloop
  endfacet
  facet normal -0.5824776968678039 -0.8128466845916139 0
    outer loop
      vertex -53.9123857099128 7.933533402912351 0.8
      vertex -54.44429766980398 8.314696123025453 -1.2
      vertex -53.9123857099128 7.933533402912351 -1.2
    endloop
  endfacet
  facet normal -0.5280678506503682 -0.8492021815265787 0
    outer loop
      vertex -54.44429766980398 8.314696123025453 0.8
      vertex -55 8.660254037844386 -1.2
      vertex -54.44429766980398 8.314696123025453 -1.2
    endloop
  endfacet
  facet normal -0.3522500479212341 -0.9359059267573254 0
    outer loop
      vertex -56.1731656763491 9.238795325112868 0.8
      vertex -56.78560534696838 9.469301294951057 -1.2
      vertex -56.1731656763491 9.238795325112868 -1.2
    endloop
  endfacet
  facet normal -0.4713967368259987 -0.8819212643483545 0
    outer loop
      vertex -55 8.660254037844386 0.8
      vertex -55.577113097809985 8.968727415326882 -1.2
      vertex -55 8.660254037844386 -1.2
    endloop
  endfacet
  facet normal -0.41270702980439655 -0.9108638249211749 0
    outer loop
      vertex -55.577113097809985 8.968727415326882 0.8
      vertex -56.1731656763491 9.238795325112868 -1.2
      vertex -55.577113097809985 8.968727415326882 -1.2
    endloop
  endfacet
  facet normal -0.6343932841636409 -0.7730104533627405 0
    outer loop
      vertex -53.40654184899931 7.518398074789775 0.8
      vertex -53.9123857099128 7.933533402912351 -1.2
      vertex -53.40654184899931 7.518398074789775 -1.2
    endloop
  endfacet
  facet normal -0.1628954733945894 -0.986643332084879 0
    outer loop
      vertex -58.04909677983872 9.807852804032304 0.8
      vertex -58.694738077799485 9.914448613738104 -1.2
      vertex -58.04909677983872 9.807852804032304 -1.2
    endloop
  endfacet
  facet normal -0.22707626303437256 -0.9738769792773339 0
    outer loop
      vertex -57.411809548974794 9.659258262890683 0.8
      vertex -58.04909677983872 9.807852804032304 -1.2
      vertex -57.411809548974794 9.659258262890683 -1.2
    endloop
  endfacet
  facet normal -0.2902846772544598 -0.9569403357322096 0
    outer loop
      vertex -56.78560534696838 9.469301294951057 0.8
      vertex -57.411809548974794 9.659258262890683 -1.2
      vertex -56.78560534696838 9.469301294951057 -1.2
    endloop
  endfacet
  facet normal 0.999464587476366 -0.03271908282176504 0
    outer loop
      vertex -70 0 0.8
      vertex -70 0 -1.2
      vertex -69.97858923238604 0.6540312923014306 0.8
    endloop
  endfacet
  facet normal 0.9951847266721955 -0.09801714032957443 0
    outer loop
      vertex -69.97858923238604 0.6540312923014306 0.8
      vertex -69.97858923238604 0.6540312923014306 -1.2
      vertex -69.9144486137381 1.3052619222005157 0.8
    endloop
  endfacet
  facet normal 0.9866433320848802 -0.162895473394581 0
    outer loop
      vertex -69.9144486137381 1.3052619222005157 0.8
      vertex -69.9144486137381 1.3052619222005157 -1.2
      vertex -69.80785280403231 1.9509032201612824 0.8
    endloop
  endfacet
  facet normal 0.9738769792773343 -0.22707626303437028 0
    outer loop
      vertex -69.80785280403231 1.9509032201612824 0.8
      vertex -69.80785280403231 1.9509032201612824 -1.2
      vertex -69.65925826289069 2.5881904510252074 0.8
    endloop
  endfacet
  facet normal 0.9569403357322046 -0.2902846772544766 0
    outer loop
      vertex -69.65925826289069 2.5881904510252074 0.8
      vertex -69.65925826289069 2.5881904510252074 -1.2
      vertex -69.46930129495105 3.214394653031616 0.8
    endloop
  endfacet
  facet normal 0.9359059267573319 -0.352250047921217 0
    outer loop
      vertex -69.46930129495105 3.214394653031616 0.8
      vertex -69.46930129495105 3.214394653031616 -1.2
      vertex -69.23879532511287 3.826834323650898 0.8
    endloop
  endfacet
  facet normal 0.9108638249211709 -0.4127070298044056 0
    outer loop
      vertex -69.23879532511287 3.826834323650898 0.8
      vertex -69.23879532511287 3.826834323650898 -1.2
      vertex -68.96872741532688 4.4228869021900135 0.8
    endloop
  endfacet
  facet normal 0.8819212643483529 -0.4713967368260018 0
    outer loop
      vertex -68.96872741532688 4.4228869021900135 0.8
      vertex -68.96872741532688 4.4228869021900135 -1.2
      vertex -68.66025403784438 5 0.8
    endloop
  endfacet
  facet normal 0.8492021815265844 -0.5280678506503592 0
    outer loop
      vertex -68.66025403784438 5 0.8
      vertex -68.66025403784438 5 -1.2
      vertex -68.31469612302546 5.555702330196022 0.8
    endloop
  endfacet
  facet normal 0.8128466845916085 -0.5824776968678117 0
    outer loop
      vertex -68.31469612302546 5.555702330196022 0.8
      vertex -68.31469612302546 5.555702330196022 -1.2
      vertex -67.93353340291235 6.087614290087206 0.8
    endloop
  endfacet
  facet normal 0.7730104533627399 -0.6343932841636419 0
    outer loop
      vertex -67.93353340291235 6.087614290087206 0.8
      vertex -67.93353340291235 6.087614290087206 -1.2
      vertex -67.51839807478977 6.593458151000688 0.8
    endloop
  endfacet
  facet normal 0.7298640726978377 -0.6835923020228691 0
    outer loop
      vertex -67.51839807478977 6.593458151000688 0.8
      vertex -67.51839807478977 6.593458151000688 -1.2
      vertex -67.07106781186548 7.0710678118654755 0.8
    endloop
  endfacet
  facet normal 0.6835923020228719 -0.7298640726978349 0
    outer loop
      vertex -67.07106781186548 7.0710678118654755 0.8
      vertex -67.07106781186548 7.0710678118654755 -1.2
      vertex -66.59345815100069 7.518398074789775 0.8
    endloop
  endfacet
  facet normal -0.9994645874763657 -0.03271908282177589 5.420287172177756e-19
    outer loop
      vertex -50 0 0.8
      vertex -50.021410767613965 0.6540312923014306 0.8
      vertex -50.021410767613965 0.6540312923014306 -1.2
    endloop
  endfacet
  facet normal -0.9951847266721965 -0.09801714032956366 2.1403641847124944e-18
    outer loop
      vertex -50.021410767613965 0.6540312923014306 0.8
      vertex -50.0855513862619 1.3052619222005157 0.8
      vertex -50.0855513862619 1.3052619222005157 -1.2
    endloop
  endfacet
  facet normal -0.9866433320848802 -0.162895473394581 -1.9388835316394925e-19
    outer loop
      vertex -50.0855513862619 1.3052619222005157 0.8
      vertex -50.19214719596769 1.9509032201612824 0.8
      vertex -50.19214719596769 1.9509032201612824 -1.2
    endloop
  endfacet
  facet normal -0.9738769792773319 -0.22707626303438055 0
    outer loop
      vertex -50.34074173710932 2.5881904510252074 0.8
      vertex -50.34074173710932 2.5881904510252074 -1.2
      vertex -50.19214719596769 1.9509032201612824 0.8
    endloop
  endfacet
  facet normal -0.9569403357322106 -0.29028467725445667 -8.428338568095722e-19
    outer loop
      vertex -50.34074173710932 2.5881904510252074 0.8
      vertex -50.53069870504894 3.214394653031616 0.8
      vertex -50.53069870504894 3.214394653031616 -1.2
    endloop
  endfacet
  facet normal -0.9359059267573246 -0.35225004792123604 1.4994824425591776e-18
    outer loop
      vertex -50.53069870504894 3.214394653031616 0.8
      vertex -50.76120467488713 3.826834323650898 0.8
      vertex -50.76120467488713 3.826834323650898 -1.2
    endloop
  endfacet
  facet normal -0.9108638249211749 -0.41270702980439655 8.620036191921422e-18
    outer loop
      vertex -50.76120467488713 3.826834323650898 0.8
      vertex -51.03127258467312 4.4228869021900135 0.8
      vertex -51.03127258467312 4.4228869021900135 -1.2
    endloop
  endfacet
  facet normal -0.8819212643483529 -0.4713967368260018 9.645404176454733e-18
    outer loop
      vertex -51.03127258467312 4.4228869021900135 0.8
      vertex -51.33974596215562 5 0.8
      vertex -51.33974596215562 5 -1.2
    endloop
  endfacet
  facet normal -0.8492021815265844 -0.5280678506503592 -3.795015828887436e-18
    outer loop
      vertex -51.33974596215562 5 0.8
      vertex -51.685303876974544 5.555702330196022 0.8
      vertex -51.685303876974544 5.555702330196022 -1.2
    endloop
  endfacet
  facet normal -0.8128466845916136 -0.5824776968678045 7.243101531317172e-18
    outer loop
      vertex -51.685303876974544 5.555702330196022 0.8
      vertex -52.06646659708765 6.087614290087206 0.8
      vertex -52.06646659708765 6.087614290087206 -1.2
    endloop
  endfacet
  facet normal -0.7730104533627346 -0.6343932841636484 0
    outer loop
      vertex -52.48160192521023 6.593458151000688 0.8
      vertex -52.48160192521023 6.593458151000688 -1.2
      vertex -52.06646659708765 6.087614290087206 0.8
    endloop
  endfacet
  facet normal -0.7298640726978377 -0.6835923020228691 -1.0012486558676475e-17
    outer loop
      vertex -52.48160192521023 6.593458151000688 0.8
      vertex -52.928932188134524 7.0710678118654755 0.8
      vertex -52.928932188134524 7.0710678118654755 -1.2
    endloop
  endfacet
  facet normal -0.6835923020228719 -0.7298640726978349 -1.7134559727641503e-19
    outer loop
      vertex -52.928932188134524 7.0710678118654755 0.8
      vertex -53.40654184899931 7.518398074789775 0.8
      vertex -53.40654184899931 7.518398074789775 -1.2
    endloop
  endfacet
  facet normal 0 0 -1
    outer loop
      vertex -69.97858923238604 -0.6540312923014306 0.8
      vertex -70 0 0.8
      vertex -69.97858923238604 0.6540312923014306 0.8
    endloop
  endfacet
  facet normal 0 0 -1
    outer loop
      vertex -69.9144486137381 -1.3052619222005157 0.8
      vertex -69.97858923238604 0.6540312923014306 0.8
      vertex -69.9144486137381 1.3052619222005157 0.8
    endloop
  endfacet
  facet normal 0 0 -1
    outer loop
      vertex -69.80785280403231 -1.9509032201612824 0.8
      vertex -69.9144486137381 1.3052619222005157 0.8
      vertex -69.80785280403231 1.9509032201612824 0.8
    endloop
  endfacet
  facet normal 0 0 -1
    outer loop
      vertex -69.65925826289069 -2.5881904510252074 0.8
      vertex -69.80785280403231 1.9509032201612824 0.8
      vertex -69.65925826289069 2.5881904510252074 0.8
    endloop
  endfacet
  facet normal 0 0 -1
    outer loop
      vertex -69.46930129495105 -3.214394653031616 0.8
      vertex -69.65925826289069 2.5881904510252074 0.8
      vertex -69.46930129495105 3.214394653031616 0.8
    endloop
  endfacet
  facet normal 0 0 -1
    outer loop
      vertex -69.23879532511287 -3.826834323650898 0.8
      vertex -69.46930129495105 3.214394653031616 0.8
      vertex -69.23879532511287 3.826834323650898 0.8
    endloop
  endfacet
  facet normal 0 0 -1
    outer loop
      vertex -68.96872741532688 -4.4228869021900135 0.8
      vertex -69.23879532511287 3.826834323650898 0.8
      vertex -68.96872741532688 4.4228869021900135 0.8
    endloop
  endfacet
  facet normal 0 0 -1
    outer loop
      vertex -68.66025403784438 -5 0.8
      vertex -68.96872741532688 4.4228869021900135 0.8
      vertex -68.66025403784438 5 0.8
    endloop
  endfacet
  facet normal 0 0 -1
    outer loop
      vertex -68.31469612302546 -5.555702330196022 0.8
      vertex -68.66025403784438 5 0.8
      vertex -68.31469612302546 5.555702330196022 0.8
    endloop
  endfacet
  facet normal 0 0 -1
    outer loop
      vertex -67.93353340291235 -6.087614290087206 0.8
      vertex -68.31469612302546 5.555702330196022 0.8
      vertex -67.93353340291235 6.087614290087206 0.8
    endloop
  endfacet
  facet normal 0 0 -1
    outer loop
      vertex -67.51839807478977 -6.593458151000688 0.8
      vertex -67.93353340291235 6.087614290087206 0.8
      vertex -67.51839807478977 6.593458151000688 0.8
    endloop
  endfacet
  facet normal 0 0 -1
    outer loop
      vertex -67.07106781186548 -7.0710678118654755 0.8
      vertex -67.51839807478977 6.593458151000688 0.8
      vertex -67.07106781186548 7.0710678118654755 0.8
    endloop
  endfacet
  facet normal 0 0 -1
    outer loop
      vertex -66.59345815100069 -7.518398074789775 0.8
      vertex -67.07106781186548 7.0710678118654755 0.8
      vertex -66.59345815100069 7.518398074789775 0.8
    endloop
  endfacet
  facet normal 0 0 -1
    outer loop
      vertex -66.0876142900872 -7.933533402912351 0.8
      vertex -66.59345815100069 7.518398074789775 0.8
      vertex -66.0876142900872 7.933533402912351 0.8
    endloop
  endfacet
  facet normal 0 0 -1
    outer loop
      vertex -65.55570233019603 -8.314696123025453 0.8
      vertex -66.0876142900872 7.933533402912351 0.8
      vertex -65.55570233019603 8.314696123025453 0.8
    endloop
  endfacet
  facet normal 0 0 -1
    outer loop
      vertex -65 -8.660254037844386 0.8
      vertex -65.55570233019603 8.314696123025453 0.8
      vertex -65 8.660254037844386 0.8
    endloop
  endfacet
  facet normal 0 0 -1
    outer loop
      vertex -64.42288690219002 -8.968727415326882 0.8
      vertex -65 8.660254037844386 0.8
      vertex -64.42288690219002 8.968727415326882 0.8
    endloop
  endfacet
  facet normal 0 0 -1
    outer loop
      vertex -63.8268343236509 -9.238795325112868 0.8
      vertex -64.42288690219002 8.968727415326882 0.8
      vertex -63.8268343236509 9.238795325112868 0.8
    endloop
  endfacet
  facet normal 0 0 -1
    outer loop
      vertex -63.21439465303162 -9.469301294951057 0.8
      vertex -63.8268343236509 9.238795325112868 0.8
      vertex -63.21439465303162 9.469301294951057 0.8
    endloop
  endfacet
  facet normal 0 0 -1
    outer loop
      vertex -62.588190451025206 -9.659258262890683 0.8
      vertex -63.21439465303162 9.469301294951057 0.8
      vertex -62.588190451025206 9.659258262890683 0.8
    endloop
  endfacet
  facet normal 0 0 -1
    outer loop
      vertex -61.95090322016128 -9.807852804032304 0.8
      vertex -62.588190451025206 9.659258262890683 0.8
      vertex -61.95090322016128 9.807852804032304 0.8
    endloop
  endfacet
  facet normal 0 0 -1
    outer loop
      vertex -61.305261922200515 -9.914448613738104 0.8
      vertex -61.95090322016128 9.807852804032304 0.8
      vertex -61.305261922200515 9.914448613738104 0.8
    endloop
  endfacet
  facet normal 0 0 -1
    outer loop
      vertex -60.65403129230143 -9.978589232386035 0.8
      vertex -61.305261922200515 9.914448613738104 0.8
      vertex -60.65403129230143 9.978589232386035 0.8
    endloop
  endfacet
  facet normal 0 0 -1
    outer loop
      vertex -60 -10 0.8
      vertex -60.65403129230143 9.978589232386035 0.8
      vertex -60 10 0.8
    endloop
  endfacet
  facet normal 0 0 -1
    outer loop
      vertex -59.34596870769857 -9.978589232386035 0.8
      vertex -60 10 0.8
      vertex -59.34596870769857 9.978589232386035 0.8
    endloop
  endfacet
  facet normal 0 0 -1
    outer loop
      vertex -58.694738077799485 -9.914448613738104 0.8
      vertex -59.34596870769857 9.978589232386035 0.8
      vertex -58.694738077799485 9.914448613738104 0.8
    endloop
  endfacet
  facet normal 0 0 -1
    outer loop
      vertex -50.021410767613965 -0.6540312923014306 0.8
      vertex -50.021410767613965 0.6540312923014306 0.8
      vertex -50 0 0.8
    endloop
  endfacet
  facet normal 0 0 -1
    outer loop
      vertex -50.021410767613965 -0.6540312923014306 0.8
      vertex -50.0855513862619 1.3052619222005157 0.8
      vertex -50.021410767613965 0.6540312923014306 0.8
    endloop
  endfacet
  facet normal 0 0 -1
    outer loop
      vertex -50.0855513862619 -1.3052619222005157 0.8
      vertex -50.19214719596769 1.9509032201612824 0.8
      vertex -50.0855513862619 1.3052619222005157 0.8
    endloop
  endfacet
  facet normal 0 0 -1
    outer loop
      vertex -50.19214719596769 -1.9509032201612824 0.8
      vertex -50.34074173710932 2.5881904510252074 0.8
      vertex -50.19214719596769 1.9509032201612824 0.8
    endloop
  endfacet
  facet normal 0 0 -1
    outer loop
      vertex -51.33974596215562 -5 0.8
      vertex -51.685303876974544 5.555702330196022 0.8
      vertex -51.33974596215562 5 0.8
    endloop
  endfacet
  facet normal 0 0 -1
    outer loop
      vertex -50.34074173710932 -2.5881904510252074 0.8
      vertex -50.53069870504894 3.214394653031616 0.8
      vertex -50.34074173710932 2.5881904510252074 0.8
    endloop
  endfacet
  facet normal 0 0 -1
    outer loop
      vertex -50.53069870504894 -3.214394653031616 0.8
      vertex -50.76120467488713 3.826834323650898 0.8
      vertex -50.53069870504894 3.214394653031616 0.8
    endloop
  endfacet
  facet normal 0 0 -1
    outer loop
      vertex -50.76120467488713 -3.826834323650898 0.8
      vertex -51.03127258467312 4.4228869021900135 0.8
      vertex -50.76120467488713 3.826834323650898 0.8
    endloop
  endfacet
  facet normal 0 0 -1
    outer loop
      vertex -51.03127258467312 -4.4228869021900135 0.8
      vertex -51.33974596215562 5 0.8
      vertex -51.03127258467312 4.4228869021900135 0.8
    endloop
  endfacet
  facet normal 0 0 -1
    outer loop
      vertex -53.9123857099128 -7.933533402912351 0.8
      vertex -54.44429766980398 8.314696123025453 0.8
      vertex -53.9123857099128 7.933533402912351 0.8
    endloop
  endfacet
  facet normal 0 0 -1
    outer loop
      vertex -57.411809548974794 -9.659258262890683 0.8
      vertex -58.04909677983872 9.807852804032304 0.8
      vertex -57.411809548974794 9.659258262890683 0.8
    endloop
  endfacet
  facet normal 0 0 -1
    outer loop
      vertex -56.78560534696838 -9.469301294951057 0.8
      vertex -57.411809548974794 9.659258262890683 0.8
      vertex -56.78560534696838 9.469301294951057 0.8
    endloop
  endfacet
  facet normal 0 0 -1
    outer loop
      vertex -56.1731656763491 -9.238795325112868 0.8
      vertex -56.78560534696838 9.469301294951057 0.8
      vertex -56.1731656763491 9.238795325112868 0.8
    endloop
  endfacet
  facet normal 0 0 -1
    outer loop
      vertex -58.04909677983872 -9.807852804032304 0.8
      vertex -58.694738077799485 9.914448613738104 0.8
      vertex -58.04909677983872 9.807852804032304 0.8
    endloop
  endfacet
  facet normal 0 0 -1
    outer loop
      vertex -55 -8.660254037844386 0.8
      vertex -55.577113097809985 8.968727415326882 0.8
      vertex -55 8.660254037844386 0.8
    endloop
  endfacet
  facet normal 0 0 -1
    outer loop
      vertex -55.577113097809985 -8.968727415326882 0.8
      vertex -56.1731656763491 9.238795325112868 0.8
      vertex -55.577113097809985 8.968727415326882 0.8
    endloop
  endfacet
  facet normal 0 0 -1
    outer loop
      vertex -54.44429766980398 -8.314696123025453 0.8
      vertex -55 8.660254037844386 0.8
      vertex -54.44429766980398 8.314696123025453 0.8
    endloop
  endfacet
  facet normal 0 0 -1
    outer loop
      vertex -51.685303876974544 -5.555702330196022 0.8
      vertex -52.06646659708765 6.087614290087206 0.8
      vertex -51.685303876974544 5.555702330196022 0.8
    endloop
  endfacet
  facet normal 0 0 -1
    outer loop
      vertex -52.06646659708765 -6.087614290087206 0.8
      vertex -52.48160192521023 6.593458151000688 0.8
      vertex -52.06646659708765 6.087614290087206 0.8
    endloop
  endfacet
  facet normal 0 0 -1
    outer loop
      vertex -52.928932188134524 -7.0710678118654755 0.8
      vertex -53.40654184899931 7.518398074789775 0.8
      vertex -52.928932188134524 7.0710678118654755 0.8
    endloop
  endfacet
  facet normal 0 0 -1
    outer loop
      vertex -52.48160192521023 -6.593458151000688 0.8
      vertex -52.928932188134524 7.0710678118654755 0.8
      vertex -52.48160192521023 6.593458151000688 0.8
    endloop
  endfacet
  facet normal 0 0 -1
    outer loop
      vertex -53.40654184899931 -7.518398074789775 0.8
      vertex -53.9123857099128 7.933533402912351 0.8
      vertex -53.40654184899931 7.518398074789775 0.8
    endloop
  endfacet
  facet normal 0.6343932841636409 -0.7730104533627405 0
    outer loop
      vertex -66.59345815100069 7.518398074789775 0.8
      vertex -66.59345815100069 7.518398074789775 -1.2
      vertex -66.0876142900872 7.933533402912351 0.8
    endloop
  endfacet
  facet normal 0.582477696867809 -0.8128466845916102 0
    outer loop
      vertex -66.0876142900872 7.933533402912351 0.8
      vertex -66.0876142900872 7.933533402912351 -1.2
      vertex -65.55570233019603 8.314696123025453 0.8
    endloop
  endfacet
  facet normal 0.5280678506503634 -0.8492021815265818 0
    outer loop
      vertex -65.55570233019603 8.314696123025453 0.8
      vertex -65.55570233019603 8.314696123025453 -1.2
      vertex -65 8.660254037844386 0.8
    endloop
  endfacet
  facet normal 0.4713967368259987 -0.8819212643483545 0
    outer loop
      vertex -65 8.660254037844386 0.8
      vertex -65 8.660254037844386 -1.2
      vertex -64.42288690219002 8.968727415326882 0.8
    endloop
  endfacet
  facet normal 0.41270702980439655 -0.9108638249211749 0
    outer loop
      vertex -64.42288690219002 8.968727415326882 0.8
      vertex -64.42288690219002 8.968727415326882 -1.2
      vertex -63.8268343236509 9.238795325112868 0.8
    endloop
  endfacet
  facet normal 0.3522500479212341 -0.9359059267573254 0
    outer loop
      vertex -63.8268343236509 9.238795325112868 0.8
      vertex -63.8268343236509 9.238795325112868 -1.2
      vertex -63.21439465303162 9.469301294951057 0.8
    endloop
  endfacet
  facet normal 0.2902846772544598 -0.9569403357322096 0
    outer loop
      vertex -63.21439465303162 9.469301294951057 0.8
      vertex -63.21439465303162 9.469301294951057 -1.2
      vertex -62.588190451025206 9.659258262890683 0.8
    endloop
  endfacet
  facet normal 0.22707626303437256 -0.9738769792773339 0
    outer loop
      vertex -62.588190451025206 9.659258262890683 0.8
      vertex -62.588190451025206 9.659258262890683 -1.2
      vertex -61.95090322016128 9.807852804032304 0.8
    endloop
  endfacet
  facet normal 0.1628954733945894 -0.986643332084879 0
    outer loop
      vertex -61.95090322016128 9.807852804032304 0.8
      vertex -61.95090322016128 9.807852804032304 -1.2
      vertex -61.305261922200515 9.914448613738104 0.8
    endloop
  endfacet
  facet normal 0.09801714032956141 -0.9951847266721968 0
    outer loop
      vertex -61.305261922200515 9.914448613738104 0.8
      vertex -61.305261922200515 9.914448613738104 -1.2
      vertex -60.65403129230143 9.978589232386035 0.8
    endloop
  endfacet
  facet normal 0.03271908282177579 -0.9994645874763657 0
    outer loop
      vertex -60.65403129230143 9.978589232386035 0.8
      vertex -60.65403129230143 9.978589232386035 -1.2
      vertex -60 10 0.8
    endloop
  endfacet
  facet normal -0.03271908282177579 -0.9994645874763657 0
    outer loop
      vertex -60 10 0.8
      vertex -60 10 -1.2
      vertex -59.34596870769857 9.978589232386035 0.8
    endloop
  endfacet
  facet normal -0.09801714032956141 -0.9951847266721968 0
    outer loop
      vertex -59.34596870769857 9.978589232386035 0.8
      vertex -59.34596870769857 9.978589232386035 -1.2
      vertex -58.694738077799485 9.914448613738104 0.8
    endloop
  endfacet
  facet normal -0.6343932841636409 -0.7730104533627405 -8.441827071765114e-18
    outer loop
      vertex -53.40654184899931 7.518398074789775 0.8
      vertex -53.9123857099128 7.933533402912351 0.8
      vertex -53.9123857099128 7.933533402912351 -1.2
    endloop
  endfacet
  facet normal -0.5824776968678039 -0.8128466845916139 -4.701387177649367e-18
    outer loop
      vertex -53.9123857099128 7.933533402912351 0.8
      vertex -54.44429766980398 8.314696123025453 0.8
      vertex -54.44429766980398 8.314696123025453 -1.2
    endloop
  endfacet
  facet normal -0.4713967368259987 -0.8819212643483545 1.43328736738661e-18
    outer loop
      vertex -55 8.660254037844386 0.8
      vertex -55.577113097809985 8.968727415326882 0.8
      vertex -55.577113097809985 8.968727415326882 -1.2
    endloop
  endfacet
  facet normal -0.5280678506503682 -0.8492021815265787 0
    outer loop
      vertex -55 8.660254037844386 0.8
      vertex -55 8.660254037844386 -1.2
      vertex -54.44429766980398 8.314696123025453 0.8
    endloop
  endfacet
  facet normal -0.41270702980439655 -0.9108638249211749 8.620036191921422e-18
    outer loop
      vertex -55.577113097809985 8.968727415326882 0.8
      vertex -56.1731656763491 9.238795325112868 0.8
      vertex -56.1731656763491 9.238795325112868 -1.2
    endloop
  endfacet
  facet normal -0.22707626303437256 -0.9738769792773339 5.003082986090014e-18
    outer loop
      vertex -57.411809548974794 9.659258262890683 0.8
      vertex -58.04909677983872 9.807852804032304 0.8
      vertex -58.04909677983872 9.807852804032304 -1.2
    endloop
  endfacet
  facet normal -0.2902846772544598 -0.9569403357322096 0
    outer loop
      vertex -57.411809548974794 9.659258262890683 0.8
      vertex -57.411809548974794 9.659258262890683 -1.2
      vertex -56.78560534696838 9.469301294951057 0.8
    endloop
  endfacet
  facet normal -0.3522500479212341 -0.9359059267573254 0
    outer loop
      vertex -56.78560534696838 9.469301294951057 0.8
      vertex -56.78560534696838 9.469301294951057 -1.2
      vertex -56.1731656763491 9.238795325112868 0.8
    endloop
  endfacet
  facet normal -0.1628954733945894 -0.986643332084879 0
    outer loop
      vertex -58.694738077799485 9.914448613738104 0.8
      vertex -58.694738077799485 9.914448613738104 -1.2
      vertex -58.04909677983872 9.807852804032304 0.8
    endloop
  endfacet
  facet normal 0.2902846772544598 0.9569403357322097 0
    outer loop
      vertex -39.21439465303162 -9.469301294951057 0.3999999999999999
      vertex -38.588190451025206 -9.659258262890683 -1.2
      vertex -39.21439465303162 -9.469301294951057 -1.2
    endloop
  endfacet
  facet normal 0.4127070298043966 0.910863824921175 0
    outer loop
      vertex -40.422886902190015 -8.968727415326882 0.3999999999999999
      vertex -39.8268343236509 -9.238795325112868 -1.2
      vertex -40.422886902190015 -8.968727415326882 -1.2
    endloop
  endfacet
  facet normal 0.3522500479212341 0.9359059267573254 0
    outer loop
      vertex -39.8268343236509 -9.238795325112868 0.3999999999999999
      vertex -39.21439465303162 -9.469301294951057 -1.2
      vertex -39.8268343236509 -9.238795325112868 -1.2
    endloop
  endfacet
  facet normal 0.4713967368259987 0.8819212643483546 0
    outer loop
      vertex -41 -8.660254037844386 0.3999999999999999
      vertex -40.422886902190015 -8.968727415326882 -1.2
      vertex -41 -8.660254037844386 -1.2
    endloop
  endfacet
  facet normal 0.582477696867804 0.812846684591614 0
    outer loop
      vertex -42.0876142900872 -7.933533402912351 0.3999999999999999
      vertex -41.55570233019602 -8.314696123025453 -1.2
      vertex -42.0876142900872 -7.933533402912351 -1.2
    endloop
  endfacet
  facet normal 0.6343932841636409 0.7730104533627407 0
    outer loop
      vertex -42.59345815100069 -7.518398074789775 0.3999999999999999
      vertex -42.0876142900872 -7.933533402912351 -1.2
      vertex -42.59345815100069 -7.518398074789775 -1.2
    endloop
  endfacet
  facet normal 0.5280678506503682 0.8492021815265786 0
    outer loop
      vertex -41.55570233019602 -8.314696123025453 0.3999999999999999
      vertex -41 -8.660254037844386 -1.2
      vertex -41.55570233019602 -8.314696123025453 -1.2
    endloop
  endfacet
  facet normal 0.3522500479212341 0.9359059267573254 0
    outer loop
      vertex -39.21439465303162 -9.469301294951057 0.3999999999999999
      vertex -39.21439465303162 -9.469301294951057 -1.2
      vertex -39.8268343236509 -9.238795325112868 0.3999999999999999
    endloop
  endfacet
  facet normal 0.4127070298043966 0.910863824921175 0
    outer loop
      vertex -39.8268343236509 -9.238795325112868 0.3999999999999999
      vertex -39.8268343236509 -9.238795325112868 -1.2
      vertex -40.422886902190015 -8.968727415326882 0.3999999999999999
    endloop
  endfacet
  facet normal 0.4713967368259987 0.8819212643483546 0
    outer loop
      vertex -40.422886902190015 -8.968727415326882 0.3999999999999999
      vertex -40.422886902190015 -8.968727415326882 -1.2
      vertex -41 -8.660254037844386 0.3999999999999999
    endloop
  endfacet
  facet normal 0.5280678506503682 0.8492021815265786 -8.56350207186425e-18
    outer loop
      vertex -41.55570233019602 -8.314696123025453 0.3999999999999999
      vertex -41 -8.660254037844386 0.3999999999999999
      vertex -41 -8.660254037844386 -1.2
    endloop
  endfacet
  facet normal 0.582477696867804 0.812846684591614 0
    outer loop
      vertex -41.55570233019602 -8.314696123025453 0.3999999999999999
      vertex -41.55570233019602 -8.314696123025453 -1.2
      vertex -42.0876142900872 -7.933533402912351 0.3999999999999999
    endloop
  endfacet
  facet normal 0.6343932841636409 0.7730104533627407 -1.0552283839706395e-17
    outer loop
      vertex -42.59345815100069 -7.518398074789775 0.3999999999999999
      vertex -42.0876142900872 -7.933533402912351 0.3999999999999999
      vertex -42.0876142900872 -7.933533402912351 -1.2
    endloop
  endfacet
  facet normal 0.8128466845916135 0.5824776968678045 0
    outer loop
      vertex -44.314696123025456 -5.555702330196022 0.3999999999999999
      vertex -43.93353340291235 -6.087614290087206 -1.2
      vertex -44.314696123025456 -5.555702330196022 -1.2
    endloop
  endfacet
  facet normal 0.6835923020228719 0.7298640726978349 0
    outer loop
      vertex -43.071067811865476 -7.0710678118654755 0.3999999999999999
      vertex -42.59345815100069 -7.518398074789775 -1.2
      vertex -43.071067811865476 -7.0710678118654755 -1.2
    endloop
  endfacet
  facet normal 0.7298640726978377 0.6835923020228691 0
    outer loop
      vertex -43.51839807478977 -6.593458151000688 0.3999999999999999
      vertex -43.071067811865476 -7.0710678118654755 -1.2
      vertex -43.51839807478977 -6.593458151000688 -1.2
    endloop
  endfacet
  facet normal 0.7730104533627347 0.6343932841636485 0
    outer loop
      vertex -43.93353340291235 -6.087614290087206 0.3999999999999999
      vertex -43.51839807478977 -6.593458151000688 -1.2
      vertex -43.93353340291235 -6.087614290087206 -1.2
    endloop
  endfacet
  facet normal 0.8492021815265843 0.5280678506503592 0
    outer loop
      vertex -44.66025403784438 -5 0.3999999999999999
      vertex -44.314696123025456 -5.555702330196022 -1.2
      vertex -44.66025403784438 -5 -1.2
    endloop
  endfacet
  facet normal 0.8819212643483528 0.47139673682600175 0
    outer loop
      vertex -44.96872741532688 -4.4228869021900135 0.3999999999999999
      vertex -44.66025403784438 -5 -1.2
      vertex -44.96872741532688 -4.4228869021900135 -1.2
    endloop
  endfacet
  facet normal 0.910863824921175 0.4127070298043966 0
    outer loop
      vertex -45.23879532511287 -3.826834323650898 0.3999999999999999
      vertex -44.96872741532688 -4.4228869021900135 -1.2
      vertex -45.23879532511287 -3.826834323650898 -1.2
    endloop
  endfacet
  facet normal 0.9359059267573249 0.3522500479212361 0
    outer loop
      vertex -45.46930129495106 -3.214394653031616 0.3999999999999999
      vertex -45.23879532511287 -3.826834323650898 -1.2
      vertex -45.46930129495106 -3.214394653031616 -1.2
    endloop
  endfacet
  facet normal 0.9569403357322107 0.29028467725445667 0
    outer loop
      vertex -45.65925826289068 -2.5881904510252074 0.3999999999999999
      vertex -45.46930129495106 -3.214394653031616 -1.2
      vertex -45.65925826289068 -2.5881904510252074 -1.2
    endloop
  endfacet
  facet normal 0.9738769792773319 0.22707626303438058 0
    outer loop
      vertex -45.80785280403231 -1.9509032201612824 0.3999999999999999
      vertex -45.65925826289068 -2.5881904510252074 -1.2
      vertex -45.80785280403231 -1.9509032201612824 -1.2
    endloop
  endfacet
  facet normal 0.9866433320848804 0.16289547339458102 0
    outer loop
      vertex -45.9144486137381 -1.3052619222005157 0.3999999999999999
      vertex -45.80785280403231 -1.9509032201612824 -1.2
      vertex -45.9144486137381 -1.3052619222005157 -1.2
    endloop
  endfacet
  facet normal 0.9951847266721966 0.09801714032956368 0
    outer loop
      vertex -45.978589232386035 -0.6540312923014306 0.3999999999999999
      vertex -45.9144486137381 -1.3052619222005157 -1.2
      vertex -45.978589232386035 -0.6540312923014306 -1.2
    endloop
  endfacet
  facet normal 0.9994645874763655 0.03271908282177588 0
    outer loop
      vertex -46 0 0.3999999999999999
      vertex -45.978589232386035 -0.6540312923014306 -1.2
      vertex -46 0 -1.2
    endloop
  endfacet
  facet normal 0.8128466845916135 0.5824776968678045 0
    outer loop
      vertex -43.93353340291235 -6.087614290087206 0.3999999999999999
      vertex -43.93353340291235 -6.087614290087206 -1.2
      vertex -44.314696123025456 -5.555702330196022 0.3999999999999999
    endloop
  endfacet
  facet normal 0.6835923020228719 0.7298640726978349 0
    outer loop
      vertex -42.59345815100069 -7.518398074789775 0.3999999999999999
      vertex -42.59345815100069 -7.518398074789775 -1.2
      vertex -43.071067811865476 -7.0710678118654755 0.3999999999999999
    endloop
  endfacet
  facet normal 0.7298640726978377 0.6835923020228691 0
    outer loop
      vertex -43.071067811865476 -7.0710678118654755 0.3999999999999999
      vertex -43.071067811865476 -7.0710678118654755 -1.2
      vertex -43.51839807478977 -6.593458151000688 0.3999999999999999
    endloop
  endfacet
  facet normal 0.7730104533627347 0.6343932841636485 0
    outer loop
      vertex -43.51839807478977 -6.593458151000688 0.3999999999999999
      vertex -43.51839807478977 -6.593458151000688 -1.2
      vertex -43.93353340291235 -6.087614290087206 0.3999999999999999
    endloop
  endfacet
  facet normal 0.8492021815265843 0.5280678506503592 0
    outer loop
      vertex -44.314696123025456 -5.555702330196022 0.3999999999999999
      vertex -44.314696123025456 -5.555702330196022 -1.2
      vertex -44.66025403784438 -5 0.3999999999999999
    endloop
  endfacet
  facet normal 0.8819212643483528 0.47139673682600175 0
    outer loop
      vertex -44.66025403784438 -5 0.3999999999999999
      vertex -44.66025403784438 -5 -1.2
      vertex -44.96872741532688 -4.4228869021900135 0.3999999999999999
    endloop
  endfacet
  facet normal 0.910863824921175 0.4127070298043966 0
    outer loop
      vertex -44.96872741532688 -4.4228869021900135 0.3999999999999999
      vertex -44.96872741532688 -4.4228869021900135 -1.2
      vertex -45.23879532511287 -3.826834323650898 0.3999999999999999
    endloop
  endfacet
  facet normal 0.9359059267573249 0.3522500479212361 0
    outer loop
      vertex -45.23879532511287 -3.826834323650898 0.3999999999999999
      vertex -45.23879532511287 -3.826834323650898 -1.2
      vertex -45.46930129495106 -3.214394653031616 0.3999999999999999
    endloop
  endfacet
  facet normal 0.9569403357322107 0.29028467725445667 0
    outer loop
      vertex -45.46930129495106 -3.214394653031616 0.3999999999999999
      vertex -45.46930129495106 -3.214394653031616 -1.2
      vertex -45.65925826289068 -2.5881904510252074 0.3999999999999999
    endloop
  endfacet
  facet normal 0.9738769792773319 0.22707626303438058 3.493620053717657e-18
    outer loop
      vertex -45.80785280403231 -1.9509032201612824 0.3999999999999999
      vertex -45.65925826289068 -2.5881904510252074 0.3999999999999999
      vertex -45.65925826289068 -2.5881904510252074 -1.2
    endloop
  endfacet
  facet normal 0.9866433320848804 0.16289547339458102 0
    outer loop
      vertex -45.80785280403231 -1.9509032201612824 0.3999999999999999
      vertex -45.80785280403231 -1.9509032201612824 -1.2
      vertex -45.9144486137381 -1.3052619222005157 0.3999999999999999
    endloop
  endfacet
  facet normal 0.9951847266721966 0.09801714032956368 0
    outer loop
      vertex -45.9144486137381 -1.3052619222005157 0.3999999999999999
      vertex -45.9144486137381 -1.3052619222005157 -1.2
      vertex -45.978589232386035 -0.6540312923014306 0.3999999999999999
    endloop
  endfacet
  facet normal 0.9994645874763655 0.03271908282177588 0
    outer loop
      vertex -45.978589232386035 -0.6540312923014306 0.3999999999999999
      vertex -45.978589232386035 -0.6540312923014306 -1.2
      vertex -46 0 0.3999999999999999
    endloop
  endfacet
  facet normal 0.09801714032956141 0.9951847266721968 0
    outer loop
      vertex -37.305261922200515 -9.914448613738104 0.3999999999999999
      vertex -36.65403129230143 -9.978589232386035 -1.2
      vertex -37.305261922200515 -9.914448613738104 -1.2
    endloop
  endfacet
  facet normal 0.22707626303437256 0.9738769792773337 0
    outer loop
      vertex -38.588190451025206 -9.659258262890683 0.3999999999999999
      vertex -37.95090322016128 -9.807852804032304 -1.2
      vertex -38.588190451025206 -9.659258262890683 -1.2
    endloop
  endfacet
  facet normal 0.16289547339458937 0.9866433320848789 0
    outer loop
      vertex -37.95090322016128 -9.807852804032304 0.3999999999999999
      vertex -37.305261922200515 -9.914448613738104 -1.2
      vertex -37.95090322016128 -9.807852804032304 -1.2
    endloop
  endfacet
  facet normal 0.03271908282177578 0.9994645874763655 0
    outer loop
      vertex -36.65403129230143 -9.978589232386035 0.3999999999999999
      vertex -36 -10 -1.2
      vertex -36.65403129230143 -9.978589232386035 -1.2
    endloop
  endfacet
  facet normal -0.03271908282177578 0.9994645874763655 0
    outer loop
      vertex -36 -10 0.3999999999999999
      vertex -35.34596870769857 -9.978589232386035 -1.2
      vertex -36 -10 -1.2
    endloop
  endfacet
  facet normal -0.09801714032956141 0.9951847266721968 0
    outer loop
      vertex -35.34596870769857 -9.978589232386035 0.3999999999999999
      vertex -34.694738077799485 -9.914448613738104 -1.2
      vertex -35.34596870769857 -9.978589232386035 -1.2
    endloop
  endfacet
  facet normal -0.16289547339458937 0.9866433320848789 0
    outer loop
      vertex -34.694738077799485 -9.914448613738104 0.3999999999999999
      vertex -34.04909677983872 -9.807852804032304 -1.2
      vertex -34.694738077799485 -9.914448613738104 -1.2
    endloop
  endfacet
  facet normal -0.22707626303437256 0.9738769792773337 0
    outer loop
      vertex -34.04909677983872 -9.807852804032304 0.3999999999999999
      vertex -33.411809548974794 -9.659258262890683 -1.2
      vertex -34.04909677983872 -9.807852804032304 -1.2
    endloop
  endfacet
  facet normal -0.2902846772544598 0.9569403357322097 0
    outer loop
      vertex -33.411809548974794 -9.659258262890683 0.3999999999999999
      vertex -32.78560534696838 -9.469301294951057 -1.2
      vertex -33.411809548974794 -9.659258262890683 -1.2
    endloop
  endfacet
  facet normal -0.3522500479212341 0.9359059267573254 0
    outer loop
      vertex -32.78560534696838 -9.469301294951057 0.3999999999999999
      vertex -32.1731656763491 -9.238795325112868 -1.2
      vertex -32.78560534696838 -9.469301294951057 -1.2
    endloop
  endfacet
  facet normal -0.4127070298043966 0.910863824921175 0
    outer loop
      vertex -32.1731656763491 -9.238795325112868 0.3999999999999999
      vertex -31.577113097809985 -8.968727415326882 -1.2
      vertex -32.1731656763491 -9.238795325112868 -1.2
    endloop
  endfacet
  facet normal -0.4713967368259987 0.8819212643483546 0
    outer loop
      vertex -31.577113097809985 -8.968727415326882 0.3999999999999999
      vertex -31 -8.660254037844386 -1.2
      vertex -31.577113097809985 -8.968727415326882 -1.2
    endloop
  endfacet
  facet normal -0.5280678506503682 0.8492021815265786 0
    outer loop
      vertex -31 -8.660254037844386 0.3999999999999999
      vertex -30.44429766980398 -8.314696123025453 -1.2
      vertex -31 -8.660254037844386 -1.2
    endloop
  endfacet
  facet normal -0.5824776968678013 0.8128466845916158 0
    outer loop
      vertex -30.44429766980398 -8.314696123025453 0.3999999999999999
      vertex -29.912385709912794 -7.933533402912351 -1.2
      vertex -30.44429766980398 -8.314696123025453 -1.2
    endloop
  endfacet
  facet normal -0.6343932841636437 0.7730104533627384 0
    outer loop
      vertex -29.912385709912794 -7.933533402912351 0.3999999999999999
      vertex -29.40654184899931 -7.518398074789775 -1.2
      vertex -29.912385709912794 -7.933533402912351 -1.2
    endloop
  endfacet
  facet normal 0.16289547339458937 0.9866433320848789 -3.9801100465721876e-18
    outer loop
      vertex -37.95090322016128 -9.807852804032304 0.3999999999999999
      vertex -37.305261922200515 -9.914448613738104 0.3999999999999999
      vertex -37.305261922200515 -9.914448613738104 -1.2
    endloop
  endfacet
  facet normal 0.09801714032956141 0.9951847266721968 -1.3172602714716395e-18
    outer loop
      vertex -37.305261922200515 -9.914448613738104 0.3999999999999999
      vertex -36.65403129230143 -9.978589232386035 0.3999999999999999
      vertex -36.65403129230143 -9.978589232386035 -1.2
    endloop
  endfacet
  facet normal 0.22707626303437256 0.9738769792773337 6.2538537326125174e-18
    outer loop
      vertex -38.588190451025206 -9.659258262890683 0.3999999999999999
      vertex -37.95090322016128 -9.807852804032304 0.3999999999999999
      vertex -37.95090322016128 -9.807852804032304 -1.2
    endloop
  endfacet
  facet normal 0.2902846772544598 0.9569403357322097 0
    outer loop
      vertex -38.588190451025206 -9.659258262890683 0.3999999999999999
      vertex -38.588190451025206 -9.659258262890683 -1.2
      vertex -39.21439465303162 -9.469301294951057 0.3999999999999999
    endloop
  endfacet
  facet normal 0.03271908282177578 0.9994645874763655 -4.2459759189036596e-19
    outer loop
      vertex -36.65403129230143 -9.978589232386035 0.3999999999999999
      vertex -36 -10 0.3999999999999999
      vertex -36 -10 -1.2
    endloop
  endfacet
  facet normal -0.03271908282177578 0.9994645874763655 4.2459759189036596e-19
    outer loop
      vertex -36 -10 0.3999999999999999
      vertex -35.34596870769857 -9.978589232386035 0.3999999999999999
      vertex -35.34596870769857 -9.978589232386035 -1.2
    endloop
  endfacet
  facet normal -0.09801714032956141 0.9951847266721968 1.3172602714716395e-18
    outer loop
      vertex -35.34596870769857 -9.978589232386035 0.3999999999999999
      vertex -34.694738077799485 -9.914448613738104 0.3999999999999999
      vertex -34.694738077799485 -9.914448613738104 -1.2
    endloop
  endfacet
  facet normal -0.16289547339458937 0.9866433320848789 3.9801100465721876e-18
    outer loop
      vertex -34.694738077799485 -9.914448613738104 0.3999999999999999
      vertex -34.04909677983872 -9.807852804032304 0.3999999999999999
      vertex -34.04909677983872 -9.807852804032304 -1.2
    endloop
  endfacet
  facet normal -0.22707626303437256 0.9738769792773337 -6.2538537326125174e-18
    outer loop
      vertex -34.04909677983872 -9.807852804032304 0.3999999999999999
      vertex -33.411809548974794 -9.659258262890683 0.3999999999999999
      vertex -33.411809548974794 -9.659258262890683 -1.2
    endloop
  endfacet
  facet normal -0.2902846772544598 0.9569403357322097 2.3061815767575068e-18
    outer loop
      vertex -33.411809548974794 -9.659258262890683 0.3999999999999999
      vertex -32.78560534696838 -9.469301294951057 0.3999999999999999
      vertex -32.78560534696838 -9.469301294951057 -1.2
    endloop
  endfacet
  facet normal -0.3522500479212341 0.9359059267573254 9.462903434371267e-18
    outer loop
      vertex -32.78560534696838 -9.469301294951057 0.3999999999999999
      vertex -32.1731656763491 -9.238795325112868 0.3999999999999999
      vertex -32.1731656763491 -9.238795325112868 -1.2
    endloop
  endfacet
  facet normal -0.4127070298043966 0.910863824921175 -1.0775045239901779e-17
    outer loop
      vertex -32.1731656763491 -9.238795325112868 0.3999999999999999
      vertex -31.577113097809985 -8.968727415326882 0.3999999999999999
      vertex -31.577113097809985 -8.968727415326882 -1.2
    endloop
  endfacet
  facet normal -0.4713967368259987 0.8819212643483546 -1.7916092092332626e-18
    outer loop
      vertex -31.577113097809985 -8.968727415326882 0.3999999999999999
      vertex -31 -8.660254037844386 0.3999999999999999
      vertex -31 -8.660254037844386 -1.2
    endloop
  endfacet
  facet normal -0.5280678506503682 0.8492021815265786 8.56350207186425e-18
    outer loop
      vertex -31 -8.660254037844386 0.3999999999999999
      vertex -30.44429766980398 -8.314696123025453 0.3999999999999999
      vertex -30.44429766980398 -8.314696123025453 -1.2
    endloop
  endfacet
  facet normal -0.5824776968678013 0.8128466845916158 2.787053660174352e-19
    outer loop
      vertex -30.44429766980398 -8.314696123025453 0.3999999999999999
      vertex -29.912385709912794 -7.933533402912351 0.3999999999999999
      vertex -29.912385709912794 -7.933533402912351 -1.2
    endloop
  endfacet
  facet normal -0.6343932841636437 0.7730104533627384 6.9119663844840655e-18
    outer loop
      vertex -29.912385709912794 -7.933533402912351 0.3999999999999999
      vertex -29.40654184899931 -7.518398074789775 0.3999999999999999
      vertex -29.40654184899931 -7.518398074789775 -1.2
    endloop
  endfacet
  facet normal -0.6835923020228719 0.7298640726978349 0
    outer loop
      vertex -29.40654184899931 -7.518398074789775 0.3999999999999999
      vertex -28.928932188134524 -7.0710678118654755 -1.2
      vertex -29.40654184899931 -7.518398074789775 -1.2
    endloop
  endfacet
  facet normal -0.7298640726978349 0.683592302022872 0
    outer loop
      vertex -28.928932188134524 -7.0710678118654755 0.3999999999999999
      vertex -28.481601925210224 -6.593458151000688 -1.2
      vertex -28.928932188134524 -7.0710678118654755 -1.2
    endloop
  endfacet
  facet normal -0.7730104533627372 0.6343932841636452 0
    outer loop
      vertex -28.481601925210224 -6.593458151000688 0.3999999999999999
      vertex -28.066466597087647 -6.087614290087206 -1.2
      vertex -28.481601925210224 -6.593458151000688 -1.2
    endloop
  endfacet
  facet normal -0.8128466845916161 0.5824776968678009 0
    outer loop
      vertex -28.066466597087647 -6.087614290087206 0.3999999999999999
      vertex -27.685303876974547 -5.555702330196022 -1.2
      vertex -28.066466597087647 -6.087614290087206 -1.2
    endloop
  endfacet
  facet normal -0.8492021815265794 0.5280678506503671 0
    outer loop
      vertex -27.685303876974547 -5.555702330196022 0.3999999999999999
      vertex -27.339745962155614 -5 -1.2
      vertex -27.685303876974547 -5.555702330196022 -1.2
    endloop
  endfacet
  facet normal -0.881921264348355 0.47139673682599753 0
    outer loop
      vertex -27.339745962155614 -5 0.3999999999999999
      vertex -27.03127258467312 -4.4228869021900135 -1.2
      vertex -27.339745962155614 -5 -1.2
    endloop
  endfacet
  facet normal -0.910863824921175 0.4127070298043966 0
    outer loop
      vertex -27.03127258467312 -4.4228869021900135 0.3999999999999999
      vertex -26.761204674887132 -3.826834323650898 -1.2
      vertex -27.03127258467312 -4.4228869021900135 -1.2
    endloop
  endfacet
  facet normal -0.9359059267573249 0.3522500479212361 0
    outer loop
      vertex -26.761204674887132 -3.826834323650898 0.3999999999999999
      vertex -26.53069870504894 -3.214394653031616 -1.2
      vertex -26.761204674887132 -3.826834323650898 -1.2
    endloop
  endfacet
  facet normal -0.9569403357322107 0.29028467725445667 0
    outer loop
      vertex -26.53069870504894 -3.214394653031616 0.3999999999999999
      vertex -26.34074173710932 -2.5881904510252074 -1.2
      vertex -26.53069870504894 -3.214394653031616 -1.2
    endloop
  endfacet
  facet normal -0.9738769792773332 0.22707626303437545 0
    outer loop
      vertex -26.34074173710932 -2.5881904510252074 0.3999999999999999
      vertex -26.192147195967696 -1.9509032201612824 -1.2
      vertex -26.34074173710932 -2.5881904510252074 -1.2
    endloop
  endfacet
  facet normal -0.9866433320848793 0.1628954733945863 0
    outer loop
      vertex -26.192147195967696 -1.9509032201612824 0.3999999999999999
      vertex -26.085551386261898 -1.3052619222005157 -1.2
      vertex -26.192147195967696 -1.9509032201612824 -1.2
    endloop
  endfacet
  facet normal -0.9951847266721966 0.09801714032956368 0
    outer loop
      vertex -26.085551386261898 -1.3052619222005157 0.3999999999999999
      vertex -26.021410767613965 -0.6540312923014306 -1.2
      vertex -26.085551386261898 -1.3052619222005157 -1.2
    endloop
  endfacet
  facet normal -0.9994645874763655 0.03271908282177588 0
    outer loop
      vertex -26.021410767613965 -0.6540312923014306 0.3999999999999999
      vertex -26 0 -1.2
      vertex -26.021410767613965 -0.6540312923014306 -1.2
    endloop
  endfacet
  facet normal -0.6835923020228719 0.7298640726978349 2.1418199659551882e-19
    outer loop
      vertex -29.40654184899931 -7.518398074789775 0.3999999999999999
      vertex -28.928932188134524 -7.0710678118654755 0.3999999999999999
      vertex -28.928932188134524 -7.0710678118654755 -1.2
    endloop
  endfacet
  facet normal -0.7298640726978349 0.683592302022872 -1.0440522076528997e-17
    outer loop
      vertex -28.928932188134524 -7.0710678118654755 0.3999999999999999
      vertex -28.481601925210224 -6.593458151000688 0.3999999999999999
      vertex -28.481601925210224 -6.593458151000688 -1.2
    endloop
  endfacet
  facet normal -0.7730104533627372 0.6343932841636452 4.33189182786219e-18
    outer loop
      vertex -28.481601925210224 -6.593458151000688 0.3999999999999999
      vertex -28.066466597087647 -6.087614290087206 0.3999999999999999
      vertex -28.066466597087647 -6.087614290087206 -1.2
    endloop
  endfacet
  facet normal -0.8128466845916161 0.5824776968678009 -1.130003740884743e-17
    outer loop
      vertex -28.066466597087647 -6.087614290087206 0.3999999999999999
      vertex -27.685303876974547 -5.555702330196022 0.3999999999999999
      vertex -27.685303876974547 -5.555702330196022 -1.2
    endloop
  endfacet
  facet normal -0.8492021815265794 0.5280678506503671 1.1630807884612282e-17
    outer loop
      vertex -27.685303876974547 -5.555702330196022 0.3999999999999999
      vertex -27.339745962155614 -5 0.3999999999999999
      vertex -27.339745962155614 -5 -1.2
    endloop
  endfacet
  facet normal -0.881921264348355 0.47139673682599753 -8.623171473306862e-18
    outer loop
      vertex -27.339745962155614 -5 0.3999999999999999
      vertex -27.03127258467312 -4.4228869021900135 0.3999999999999999
      vertex -27.03127258467312 -4.4228869021900135 -1.2
    endloop
  endfacet
  facet normal -0.910863824921175 0.4127070298043966 -1.0775045239901779e-17
    outer loop
      vertex -27.03127258467312 -4.4228869021900135 0.3999999999999999
      vertex -26.761204674887132 -3.826834323650898 0.3999999999999999
      vertex -26.761204674887132 -3.826834323650898 -1.2
    endloop
  endfacet
  facet normal -0.9359059267573249 0.3522500479212361 -1.8743530531989726e-18
    outer loop
      vertex -26.761204674887132 -3.826834323650898 0.3999999999999999
      vertex -26.53069870504894 -3.214394653031616 0.3999999999999999
      vertex -26.53069870504894 -3.214394653031616 -1.2
    endloop
  endfacet
  facet normal -0.9569403357322107 0.29028467725445667 1.0535423210119652e-18
    outer loop
      vertex -26.53069870504894 -3.214394653031616 0.3999999999999999
      vertex -26.34074173710932 -2.5881904510252074 0.3999999999999999
      vertex -26.34074173710932 -2.5881904510252074 -1.2
    endloop
  endfacet
  facet normal -0.9738769792773332 0.22707626303437545 -5.4225877684492866e-18
    outer loop
      vertex -26.34074173710932 -2.5881904510252074 0.3999999999999999
      vertex -26.192147195967696 -1.9509032201612824 0.3999999999999999
      vertex -26.192147195967696 -1.9509032201612824 -1.2
    endloop
  endfacet
  facet normal -0.9866433320848793 0.1628954733945863 4.0089721499625465e-18
    outer loop
      vertex -26.192147195967696 -1.9509032201612824 0.3999999999999999
      vertex -26.085551386261898 -1.3052619222005157 0.3999999999999999
      vertex -26.085551386261898 -1.3052619222005157 -1.2
    endloop
  endfacet
  facet normal -0.9951847266721966 0.09801714032956368 -2.675455230890619e-18
    outer loop
      vertex -26.085551386261898 -1.3052619222005157 0.3999999999999999
      vertex -26.021410767613965 -0.6540312923014306 0.3999999999999999
      vertex -26.021410767613965 -0.6540312923014306 -1.2
    endloop
  endfacet
  facet normal -0.9994645874763655 0.03271908282177588 -6.775358965222194e-19
    outer loop
      vertex -26.021410767613965 -0.6540312923014306 0.3999999999999999
      vertex -26 0 0.3999999999999999
      vertex -26 0 -1.2
    endloop
  endfacet
  facet normal 0 0 -1
    outer loop
      vertex -43.93353340291235 -6.087614290087206 0.3999999999999999
      vertex -44.314696123025456 -5.555702330196022 0.3999999999999999
      vertex -44.314696123025456 5.555702330196022 0.3999999999999999
    endloop
  endfacet
  facet normal 0 0 -1
    outer loop
      vertex -39.8268343236509 -9.238795325112868 0.3999999999999999
      vertex -40.422886902190015 -8.968727415326882 0.3999999999999999
      vertex -40.422886902190015 8.968727415326882 0.3999999999999999
    endloop
  endfacet
  facet normal 0 0 -1
    outer loop
      vertex -41.55570233019602 -8.314696123025453 0.3999999999999999
      vertex -41.55570233019602 8.314696123025453 0.3999999999999999
      vertex -41 -8.660254037844386 0.3999999999999999
    endloop
  endfacet
  facet normal 0 0 -1
    outer loop
      vertex -40.422886902190015 -8.968727415326882 0.3999999999999999
      vertex -41 -8.660254037844386 0.3999999999999999
      vertex -41 8.660254037844386 0.3999999999999999
    endloop
  endfacet
  facet normal 0 0 -1
    outer loop
      vertex -39.21439465303162 -9.469301294951057 0.3999999999999999
      vertex -39.8268343236509 -9.238795325112868 0.3999999999999999
      vertex -39.8268343236509 9.238795325112868 0.3999999999999999
    endloop
  endfacet
  facet normal 0 0 -1
    outer loop
      vertex -38.588190451025206 -9.659258262890683 0.3999999999999999
      vertex -39.21439465303162 -9.469301294951057 0.3999999999999999
      vertex -39.21439465303162 9.469301294951057 0.3999999999999999
    endloop
  endfacet
  facet normal 0 0 -1
    outer loop
      vertex -43.071067811865476 -7.0710678118654755 0.3999999999999999
      vertex -43.51839807478977 -6.593458151000688 0.3999999999999999
      vertex -43.51839807478977 6.593458151000688 0.3999999999999999
    endloop
  endfacet
  facet normal 0 0 -1
    outer loop
      vertex -42.59345815100069 -7.518398074789775 0.3999999999999999
      vertex -43.071067811865476 -7.0710678118654755 0.3999999999999999
      vertex -43.071067811865476 7.0710678118654755 0.3999999999999999
    endloop
  endfacet
  facet normal 0 0 -1
    outer loop
      vertex -42.59345815100069 -7.518398074789775 0.3999999999999999
      vertex -42.59345815100069 7.518398074789775 0.3999999999999999
      vertex -42.0876142900872 -7.933533402912351 0.3999999999999999
    endloop
  endfacet
  facet normal 0 0 -1
    outer loop
      vertex -41.55570233019602 -8.314696123025453 0.3999999999999999
      vertex -42.0876142900872 -7.933533402912351 0.3999999999999999
      vertex -42.0876142900872 7.933533402912351 0.3999999999999999
    endloop
  endfacet
  facet normal 0 0 -1
    outer loop
      vertex -43.51839807478977 -6.593458151000688 0.3999999999999999
      vertex -43.93353340291235 -6.087614290087206 0.3999999999999999
      vertex -43.93353340291235 6.087614290087206 0.3999999999999999
    endloop
  endfacet
  facet normal 0 0 -1
    outer loop
      vertex -44.96872741532688 -4.4228869021900135 0.3999999999999999
      vertex -45.23879532511287 -3.826834323650898 0.3999999999999999
      vertex -45.23879532511287 3.826834323650898 0.3999999999999999
    endloop
  endfacet
  facet normal 0 0 -1
    outer loop
      vertex -44.314696123025456 -5.555702330196022 0.3999999999999999
      vertex -44.66025403784438 -5 0.3999999999999999
      vertex -44.66025403784438 5 0.3999999999999999
    endloop
  endfacet
  facet normal 0 0 -1
    outer loop
      vertex -44.66025403784438 -5 0.3999999999999999
      vertex -44.96872741532688 -4.4228869021900135 0.3999999999999999
      vertex -44.96872741532688 4.4228869021900135 0.3999999999999999
    endloop
  endfacet
  facet normal 0 0 -1
    outer loop
      vertex -45.23879532511287 -3.826834323650898 0.3999999999999999
      vertex -45.46930129495106 -3.214394653031616 0.3999999999999999
      vertex -45.46930129495106 3.214394653031616 0.3999999999999999
    endloop
  endfacet
  facet normal 0 0 -1
    outer loop
      vertex -45.46930129495106 -3.214394653031616 0.3999999999999999
      vertex -45.65925826289068 -2.5881904510252074 0.3999999999999999
      vertex -45.65925826289068 2.5881904510252074 0.3999999999999999
    endloop
  endfacet
  facet normal 0 0 -1
    outer loop
      vertex -45.80785280403231 -1.9509032201612824 0.3999999999999999
      vertex -45.80785280403231 1.9509032201612824 0.3999999999999999
      vertex -45.65925826289068 -2.5881904510252074 0.3999999999999999
    endloop
  endfacet
  facet normal 0 0 -1
    outer loop
      vertex -45.80785280403231 -1.9509032201612824 0.3999999999999999
      vertex -45.9144486137381 -1.3052619222005157 0.3999999999999999
      vertex -45.9144486137381 1.3052619222005157 0.3999999999999999
    endloop
  endfacet
  facet normal 0 0 -1
    outer loop
      vertex -45.9144486137381 -1.3052619222005157 0.3999999999999999
      vertex -45.978589232386035 -0.6540312923014306 0.3999999999999999
      vertex -45.978589232386035 0.6540312923014306 0.3999999999999999
    endloop
  endfacet
  facet normal 0 0 -1
    outer loop
      vertex -37.95090322016128 -9.807852804032304 0.3999999999999999
      vertex -37.95090322016128 9.807852804032304 0.3999999999999999
      vertex -37.305261922200515 -9.914448613738104 0.3999999999999999
    endloop
  endfacet
  facet normal 0 0 -1
    outer loop
      vertex -37.305261922200515 -9.914448613738104 0.3999999999999999
      vertex -37.305261922200515 9.914448613738104 0.3999999999999999
      vertex -36.65403129230143 -9.978589232386035 0.3999999999999999
    endloop
  endfacet
  facet normal 0 0 -1
    outer loop
      vertex -38.588190451025206 -9.659258262890683 0.3999999999999999
      vertex -38.588190451025206 9.659258262890683 0.3999999999999999
      vertex -37.95090322016128 -9.807852804032304 0.3999999999999999
    endloop
  endfacet
  facet normal 0 0 -1
    outer loop
      vertex -36.65403129230143 -9.978589232386035 0.3999999999999999
      vertex -36.65403129230143 9.978589232386035 0.3999999999999999
      vertex -36 -10 0.3999999999999999
    endloop
  endfacet
  facet normal 0 0 -1
    outer loop
      vertex -36 -10 0.3999999999999999
      vertex -36 10 0.3999999999999999
      vertex -35.34596870769857 -9.978589232386035 0.3999999999999999
    endloop
  endfacet
  facet normal 0 0 -1
    outer loop
      vertex -35.34596870769857 -9.978589232386035 0.3999999999999999
      vertex -35.34596870769857 9.978589232386035 0.3999999999999999
      vertex -34.694738077799485 -9.914448613738104 0.3999999999999999
    endloop
  endfacet
  facet normal 0 0 -1
    outer loop
      vertex -34.694738077799485 -9.914448613738104 0.3999999999999999
      vertex -34.694738077799485 9.914448613738104 0.3999999999999999
      vertex -34.04909677983872 -9.807852804032304 0.3999999999999999
    endloop
  endfacet
  facet normal 0 0 -1
    outer loop
      vertex -34.04909677983872 -9.807852804032304 0.3999999999999999
      vertex -34.04909677983872 9.807852804032304 0.3999999999999999
      vertex -33.411809548974794 -9.659258262890683 0.3999999999999999
    endloop
  endfacet
  facet normal 0 0 -1
    outer loop
      vertex -33.411809548974794 -9.659258262890683 0.3999999999999999
      vertex -33.411809548974794 9.659258262890683 0.3999999999999999
      vertex -32.78560534696838 -9.469301294951057 0.3999999999999999
    endloop
  endfacet
  facet normal 0 0 -1
    outer loop
      vertex -32.78560534696838 -9.469301294951057 0.3999999999999999
      vertex -32.78560534696838 9.469301294951057 0.3999999999999999
      vertex -32.1731656763491 -9.238795325112868 0.3999999999999999
    endloop
  endfacet
  facet normal 0 0 -1
    outer loop
      vertex -32.1731656763491 -9.238795325112868 0.3999999999999999
      vertex -32.1731656763491 9.238795325112868 0.3999999999999999
      vertex -31.577113097809985 -8.968727415326882 0.3999999999999999
    endloop
  endfacet
  facet normal 0 0 -1
    outer loop
      vertex -31.577113097809985 -8.968727415326882 0.3999999999999999
      vertex -31.577113097809985 8.968727415326882 0.3999999999999999
      vertex -31 -8.660254037844386 0.3999999999999999
    endloop
  endfacet
  facet normal 0 0 -1
    outer loop
      vertex -31 -8.660254037844386 0.3999999999999999
      vertex -31 8.660254037844386 0.3999999999999999
      vertex -30.44429766980398 -8.314696123025453 0.3999999999999999
    endloop
  endfacet
  facet normal 0 0 -1
    outer loop
      vertex -30.44429766980398 -8.314696123025453 0.3999999999999999
      vertex -30.44429766980398 8.314696123025453 0.3999999999999999
      vertex -29.912385709912794 -7.933533402912351 0.3999999999999999
    endloop
  endfacet
  facet normal 0 0 -1
    outer loop
      vertex -29.912385709912794 -7.933533402912351 0.3999999999999999
      vertex -29.912385709912794 7.933533402912351 0.3999999999999999
      vertex -29.40654184899931 -7.518398074789775 0.3999999999999999
    endloop
  endfacet
  facet normal 0 0 -1
    outer loop
      vertex -29.40654184899931 -7.518398074789775 0.3999999999999999
      vertex -29.40654184899931 7.518398074789775 0.3999999999999999
      vertex -28.928932188134524 -7.0710678118654755 0.3999999999999999
    endloop
  endfacet
  facet normal 0 0 -1
    outer loop
      vertex -28.928932188134524 -7.0710678118654755 0.3999999999999999
      vertex -28.928932188134524 7.0710678118654755 0.3999999999999999
      vertex -28.481601925210224 -6.593458151000688 0.3999999999999999
    endloop
  endfacet
  facet normal 0 0 -1
    outer loop
      vertex -28.481601925210224 -6.593458151000688 0.3999999999999999
      vertex -28.481601925210224 6.593458151000688 0.3999999999999999
      vertex -28.066466597087647 -6.087614290087206 0.3999999999999999
    endloop
  endfacet
  facet normal 0 0 -1
    outer loop
      vertex -28.066466597087647 -6.087614290087206 0.3999999999999999
      vertex -28.066466597087647 6.087614290087206 0.3999999999999999
      vertex -27.685303876974547 -5.555702330196022 0.3999999999999999
    endloop
  endfacet
  facet normal 0 0 -1
    outer loop
      vertex -27.685303876974547 -5.555702330196022 0.3999999999999999
      vertex -27.685303876974547 5.555702330196022 0.3999999999999999
      vertex -27.339745962155614 -5 0.3999999999999999
    endloop
  endfacet
  facet normal 0 0 -1
    outer loop
      vertex -27.339745962155614 -5 0.3999999999999999
      vertex -27.339745962155614 5 0.3999999999999999
      vertex -27.03127258467312 -4.4228869021900135 0.3999999999999999
    endloop
  endfacet
  facet normal 0 0 -1
    outer loop
      vertex -27.03127258467312 -4.4228869021900135 0.3999999999999999
      vertex -27.03127258467312 4.4228869021900135 0.3999999999999999
      vertex -26.761204674887132 -3.826834323650898 0.3999999999999999
    endloop
  endfacet
  facet normal 0 0 -1
    outer loop
      vertex -26.761204674887132 -3.826834323650898 0.3999999999999999
      vertex -26.761204674887132 3.826834323650898 0.3999999999999999
      vertex -26.53069870504894 -3.214394653031616 0.3999999999999999
    endloop
  endfacet
  facet normal 0 0 -1
    outer loop
      vertex -26.53069870504894 -3.214394653031616 0.3999999999999999
      vertex -26.53069870504894 3.214394653031616 0.3999999999999999
      vertex -26.34074173710932 -2.5881904510252074 0.3999999999999999
    endloop
  endfacet
  facet normal 0 0 -1
    outer loop
      vertex -26.34074173710932 -2.5881904510252074 0.3999999999999999
      vertex -26.34074173710932 2.5881904510252074 0.3999999999999999
      vertex -26.192147195967696 -1.9509032201612824 0.3999999999999999
    endloop
  endfacet
  facet normal 0 0 -1
    outer loop
      vertex -26.192147195967696 -1.9509032201612824 0.3999999999999999
      vertex -26.192147195967696 1.9509032201612824 0.3999999999999999
      vertex -26.085551386261898 -1.3052619222005157 0.3999999999999999
    endloop
  endfacet
  facet normal 0 0 -1
    outer loop
      vertex -26.085551386261898 -1.3052619222005157 0.3999999999999999
      vertex -26.085551386261898 1.3052619222005157 0.3999999999999999
      vertex -26.021410767613965 -0.6540312923014306 0.3999999999999999
    endloop
  endfacet
  facet normal 0.9994645874763655 -0.03271908282177588 0
    outer loop
      vertex -45.978589232386035 0.6540312923014306 0.3999999999999999
      vertex -46 0 -1.2
      vertex -45.978589232386035 0.6540312923014306 -1.2
    endloop
  endfacet
  facet normal 0.9951847266721966 -0.09801714032956368 0
    outer loop
      vertex -45.9144486137381 1.3052619222005157 0.3999999999999999
      vertex -45.978589232386035 0.6540312923014306 -1.2
      vertex -45.9144486137381 1.3052619222005157 -1.2
    endloop
  endfacet
  facet normal 0.9866433320848804 -0.16289547339458102 0
    outer loop
      vertex -45.80785280403231 1.9509032201612824 0.3999999999999999
      vertex -45.9144486137381 1.3052619222005157 -1.2
      vertex -45.80785280403231 1.9509032201612824 -1.2
    endloop
  endfacet
  facet normal 0.9738769792773319 -0.22707626303438058 0
    outer loop
      vertex -45.65925826289068 2.5881904510252074 0.3999999999999999
      vertex -45.80785280403231 1.9509032201612824 -1.2
      vertex -45.65925826289068 2.5881904510252074 -1.2
    endloop
  endfacet
  facet normal 0.9569403357322107 -0.29028467725445667 0
    outer loop
      vertex -45.46930129495106 3.214394653031616 0.3999999999999999
      vertex -45.65925826289068 2.5881904510252074 -1.2
      vertex -45.46930129495106 3.214394653031616 -1.2
    endloop
  endfacet
  facet normal 0.9359059267573249 -0.3522500479212361 0
    outer loop
      vertex -45.23879532511287 3.826834323650898 0.3999999999999999
      vertex -45.46930129495106 3.214394653031616 -1.2
      vertex -45.23879532511287 3.826834323650898 -1.2
    endloop
  endfacet
  facet normal 0.910863824921175 -0.4127070298043966 0
    outer loop
      vertex -44.96872741532688 4.4228869021900135 0.3999999999999999
      vertex -45.23879532511287 3.826834323650898 -1.2
      vertex -44.96872741532688 4.4228869021900135 -1.2
    endloop
  endfacet
  facet normal 0.8819212643483528 -0.47139673682600175 0
    outer loop
      vertex -44.66025403784438 5 0.3999999999999999
      vertex -44.96872741532688 4.4228869021900135 -1.2
      vertex -44.66025403784438 5 -1.2
    endloop
  endfacet
  facet normal 0.8492021815265843 -0.5280678506503592 0
    outer loop
      vertex -44.314696123025456 5.555702330196022 0.3999999999999999
      vertex -44.66025403784438 5 -1.2
      vertex -44.314696123025456 5.555702330196022 -1.2
    endloop
  endfacet
  facet normal 0.8128466845916135 -0.5824776968678045 0
    outer loop
      vertex -43.93353340291235 6.087614290087206 0.3999999999999999
      vertex -44.314696123025456 5.555702330196022 -1.2
      vertex -43.93353340291235 6.087614290087206 -1.2
    endloop
  endfacet
  facet normal 0.7730104533627347 -0.6343932841636485 0
    outer loop
      vertex -43.51839807478977 6.593458151000688 0.3999999999999999
      vertex -43.93353340291235 6.087614290087206 -1.2
      vertex -43.51839807478977 6.593458151000688 -1.2
    endloop
  endfacet
  facet normal 0.7298640726978377 -0.6835923020228691 0
    outer loop
      vertex -43.071067811865476 7.0710678118654755 0.3999999999999999
      vertex -43.51839807478977 6.593458151000688 -1.2
      vertex -43.071067811865476 7.0710678118654755 -1.2
    endloop
  endfacet
  facet normal 0.6835923020228719 -0.7298640726978349 0
    outer loop
      vertex -42.59345815100069 7.518398074789775 0.3999999999999999
      vertex -43.071067811865476 7.0710678118654755 -1.2
      vertex -42.59345815100069 7.518398074789775 -1.2
    endloop
  endfacet
  facet normal 0.9994645874763655 -0.03271908282177588 0
    outer loop
      vertex -46 0 0.3999999999999999
      vertex -46 0 -1.2
      vertex -45.978589232386035 0.6540312923014306 0.3999999999999999
    endloop
  endfacet
  facet normal 0.9951847266721966 -0.09801714032956368 0
    outer loop
      vertex -45.978589232386035 0.6540312923014306 0.3999999999999999
      vertex -45.978589232386035 0.6540312923014306 -1.2
      vertex -45.9144486137381 1.3052619222005157 0.3999999999999999
    endloop
  endfacet
  facet normal 0.9866433320848804 -0.16289547339458102 0
    outer loop
      vertex -45.9144486137381 1.3052619222005157 0.3999999999999999
      vertex -45.9144486137381 1.3052619222005157 -1.2
      vertex -45.80785280403231 1.9509032201612824 0.3999999999999999
    endloop
  endfacet
  facet normal 0.9738769792773319 -0.22707626303438058 0
    outer loop
      vertex -45.80785280403231 1.9509032201612824 0.3999999999999999
      vertex -45.80785280403231 1.9509032201612824 -1.2
      vertex -45.65925826289068 2.5881904510252074 0.3999999999999999
    endloop
  endfacet
  facet normal 0.9569403357322107 -0.29028467725445667 0
    outer loop
      vertex -45.65925826289068 2.5881904510252074 0.3999999999999999
      vertex -45.65925826289068 2.5881904510252074 -1.2
      vertex -45.46930129495106 3.214394653031616 0.3999999999999999
    endloop
  endfacet
  facet normal 0.9359059267573249 -0.3522500479212361 0
    outer loop
      vertex -45.46930129495106 3.214394653031616 0.3999999999999999
      vertex -45.46930129495106 3.214394653031616 -1.2
      vertex -45.23879532511287 3.826834323650898 0.3999999999999999
    endloop
  endfacet
  facet normal 0.910863824921175 -0.4127070298043966 0
    outer loop
      vertex -45.23879532511287 3.826834323650898 0.3999999999999999
      vertex -45.23879532511287 3.826834323650898 -1.2
      vertex -44.96872741532688 4.4228869021900135 0.3999999999999999
    endloop
  endfacet
  facet normal 0.8819212643483528 -0.47139673682600175 0
    outer loop
      vertex -44.96872741532688 4.4228869021900135 0.3999999999999999
      vertex -44.96872741532688 4.4228869021900135 -1.2
      vertex -44.66025403784438 5 0.3999999999999999
    endloop
  endfacet
  facet normal 0.8492021815265843 -0.5280678506503592 0
    outer loop
      vertex -44.66025403784438 5 0.3999999999999999
      vertex -44.66025403784438 5 -1.2
      vertex -44.314696123025456 5.555702330196022 0.3999999999999999
    endloop
  endfacet
  facet normal 0.8128466845916135 -0.5824776968678045 0
    outer loop
      vertex -44.314696123025456 5.555702330196022 0.3999999999999999
      vertex -44.314696123025456 5.555702330196022 -1.2
      vertex -43.93353340291235 6.087614290087206 0.3999999999999999
    endloop
  endfacet
  facet normal 0.7730104533627347 -0.6343932841636485 0
    outer loop
      vertex -43.93353340291235 6.087614290087206 0.3999999999999999
      vertex -43.93353340291235 6.087614290087206 -1.2
      vertex -43.51839807478977 6.593458151000688 0.3999999999999999
    endloop
  endfacet
  facet normal 0.7298640726978377 -0.6835923020228691 0
    outer loop
      vertex -43.51839807478977 6.593458151000688 0.3999999999999999
      vertex -43.51839807478977 6.593458151000688 -1.2
      vertex -43.071067811865476 7.0710678118654755 0.3999999999999999
    endloop
  endfacet
  facet normal 0.6835923020228719 -0.7298640726978349 0
    outer loop
      vertex -43.071067811865476 7.0710678118654755 0.3999999999999999
      vertex -43.071067811865476 7.0710678118654755 -1.2
      vertex -42.59345815100069 7.518398074789775 0.3999999999999999
    endloop
  endfacet
  facet normal 0.6343932841636409 -0.7730104533627407 0
    outer loop
      vertex -42.0876142900872 7.933533402912351 0.3999999999999999
      vertex -42.59345815100069 7.518398074789775 -1.2
      vertex -42.0876142900872 7.933533402912351 -1.2
    endloop
  endfacet
  facet normal 0.582477696867804 -0.812846684591614 0
    outer loop
      vertex -41.55570233019602 8.314696123025453 0.3999999999999999
      vertex -42.0876142900872 7.933533402912351 -1.2
      vertex -41.55570233019602 8.314696123025453 -1.2
    endloop
  endfacet
  facet normal 0.5280678506503682 -0.8492021815265786 0
    outer loop
      vertex -41 8.660254037844386 0.3999999999999999
      vertex -41.55570233019602 8.314696123025453 -1.2
      vertex -41 8.660254037844386 -1.2
    endloop
  endfacet
  facet normal 0.4713967368259987 -0.8819212643483546 0
    outer loop
      vertex -40.422886902190015 8.968727415326882 0.3999999999999999
      vertex -41 8.660254037844386 -1.2
      vertex -40.422886902190015 8.968727415326882 -1.2
    endloop
  endfacet
  facet normal 0.4127070298043966 -0.910863824921175 0
    outer loop
      vertex -39.8268343236509 9.238795325112868 0.3999999999999999
      vertex -40.422886902190015 8.968727415326882 -1.2
      vertex -39.8268343236509 9.238795325112868 -1.2
    endloop
  endfacet
  facet normal 0.3522500479212341 -0.9359059267573254 0
    outer loop
      vertex -39.21439465303162 9.469301294951057 0.3999999999999999
      vertex -39.8268343236509 9.238795325112868 -1.2
      vertex -39.21439465303162 9.469301294951057 -1.2
    endloop
  endfacet
  facet normal 0.6343932841636409 -0.7730104533627407 0
    outer loop
      vertex -42.59345815100069 7.518398074789775 0.3999999999999999
      vertex -42.59345815100069 7.518398074789775 -1.2
      vertex -42.0876142900872 7.933533402912351 0.3999999999999999
    endloop
  endfacet
  facet normal 0.582477696867804 -0.812846684591614 0
    outer loop
      vertex -42.0876142900872 7.933533402912351 0.3999999999999999
      vertex -42.0876142900872 7.933533402912351 -1.2
      vertex -41.55570233019602 8.314696123025453 0.3999999999999999
    endloop
  endfacet
  facet normal 0.5280678506503682 -0.8492021815265786 0
    outer loop
      vertex -41.55570233019602 8.314696123025453 0.3999999999999999
      vertex -41.55570233019602 8.314696123025453 -1.2
      vertex -41 8.660254037844386 0.3999999999999999
    endloop
  endfacet
  facet normal 0.4713967368259987 -0.8819212643483546 0
    outer loop
      vertex -41 8.660254037844386 0.3999999999999999
      vertex -41 8.660254037844386 -1.2
      vertex -40.422886902190015 8.968727415326882 0.3999999999999999
    endloop
  endfacet
  facet normal 0.4127070298043966 -0.910863824921175 0
    outer loop
      vertex -40.422886902190015 8.968727415326882 0.3999999999999999
      vertex -40.422886902190015 8.968727415326882 -1.2
      vertex -39.8268343236509 9.238795325112868 0.3999999999999999
    endloop
  endfacet
  facet normal 0.3522500479212341 -0.9359059267573254 0
    outer loop
      vertex -39.8268343236509 9.238795325112868 0.3999999999999999
      vertex -39.8268343236509 9.238795325112868 -1.2
      vertex -39.21439465303162 9.469301294951057 0.3999999999999999
    endloop
  endfacet
  facet normal 0.2902846772544598 -0.9569403357322097 0
    outer loop
      vertex -39.21439465303162 9.469301294951057 0.3999999999999999
      vertex -39.21439465303162 9.469301294951057 -1.2
      vertex -38.588190451025206 9.659258262890683 0.3999999999999999
    endloop
  endfacet
  facet normal -0.9994645874763655 -0.03271908282177588 0
    outer loop
      vertex -26 0 0.3999999999999999
      vertex -26.021410767613965 0.6540312923014306 -1.2
      vertex -26 0 -1.2
    endloop
  endfacet
  facet normal -0.9951847266721966 -0.09801714032956368 0
    outer loop
      vertex -26.021410767613965 0.6540312923014306 0.3999999999999999
      vertex -26.085551386261898 1.3052619222005157 -1.2
      vertex -26.021410767613965 0.6540312923014306 -1.2
    endloop
  endfacet
  facet normal -0.9866433320848793 -0.1628954733945863 0
    outer loop
      vertex -26.085551386261898 1.3052619222005157 0.3999999999999999
      vertex -26.192147195967696 1.9509032201612824 -1.2
      vertex -26.085551386261898 1.3052619222005157 -1.2
    endloop
  endfacet
  facet normal -0.9738769792773332 -0.22707626303437545 0
    outer loop
      vertex -26.192147195967696 1.9509032201612824 0.3999999999999999
      vertex -26.34074173710932 2.5881904510252074 -1.2
      vertex -26.192147195967696 1.9509032201612824 -1.2
    endloop
  endfacet
  facet normal -0.9569403357322107 -0.29028467725445667 0
    outer loop
      vertex -26.34074173710932 2.5881904510252074 0.3999999999999999
      vertex -26.53069870504894 3.214394653031616 -1.2
      vertex -26.34074173710932 2.5881904510252074 -1.2
    endloop
  endfacet
  facet normal -0.9359059267573249 -0.3522500479212361 0
    outer loop
      vertex -26.53069870504894 3.214394653031616 0.3999999999999999
      vertex -26.761204674887132 3.826834323650898 -1.2
      vertex -26.53069870504894 3.214394653031616 -1.2
    endloop
  endfacet
  facet normal -0.910863824921175 -0.4127070298043966 0
    outer loop
      vertex -26.761204674887132 3.826834323650898 0.3999999999999999
      vertex -27.03127258467312 4.4228869021900135 -1.2
      vertex -26.761204674887132 3.826834323650898 -1.2
    endloop
  endfacet
  facet normal -0.881921264348355 -0.47139673682599753 0
    outer loop
      vertex -27.03127258467312 4.4228869021900135 0.3999999999999999
      vertex -27.339745962155614 5 -1.2
      vertex -27.03127258467312 4.4228869021900135 -1.2
    endloop
  endfacet
  facet normal -0.8492021815265794 -0.5280678506503671 0
    outer loop
      vertex -27.339745962155614 5 0.3999999999999999
      vertex -27.685303876974547 5.555702330196022 -1.2
      vertex -27.339745962155614 5 -1.2
    endloop
  endfacet
  facet normal -0.8128466845916161 -0.5824776968678009 0
    outer loop
      vertex -27.685303876974547 5.555702330196022 0.3999999999999999
      vertex -28.066466597087647 6.087614290087206 -1.2
      vertex -27.685303876974547 5.555702330196022 -1.2
    endloop
  endfacet
  facet normal -0.7730104533627372 -0.6343932841636452 0
    outer loop
      vertex -28.066466597087647 6.087614290087206 0.3999999999999999
      vertex -28.481601925210224 6.593458151000688 -1.2
      vertex -28.066466597087647 6.087614290087206 -1.2
    endloop
  endfacet
  facet normal -0.7298640726978349 -0.683592302022872 0
    outer loop
      vertex -28.481601925210224 6.593458151000688 0.3999999999999999
      vertex -28.928932188134524 7.0710678118654755 -1.2
      vertex -28.481601925210224 6.593458151000688 -1.2
    endloop
  endfacet
  facet normal -0.6835923020228719 -0.7298640726978349 0
    outer loop
      vertex -28.928932188134524 7.0710678118654755 0.3999999999999999
      vertex -29.40654184899931 7.518398074789775 -1.2
      vertex -28.928932188134524 7.0710678118654755 -1.2
    endloop
  endfacet
  facet normal -0.9994645874763655 -0.03271908282177588 6.775358965222194e-19
    outer loop
      vertex -26 0 0.3999999999999999
      vertex -26.021410767613965 0.6540312923014306 0.3999999999999999
      vertex -26.021410767613965 0.6540312923014306 -1.2
    endloop
  endfacet
  facet normal -0.9951847266721966 -0.09801714032956368 2.675455230890619e-18
    outer loop
      vertex -26.021410767613965 0.6540312923014306 0.3999999999999999
      vertex -26.085551386261898 1.3052619222005157 0.3999999999999999
      vertex -26.085551386261898 1.3052619222005157 -1.2
    endloop
  endfacet
  facet normal -0.9866433320848793 -0.1628954733945863 -4.0089721499625465e-18
    outer loop
      vertex -26.085551386261898 1.3052619222005157 0.3999999999999999
      vertex -26.192147195967696 1.9509032201612824 0.3999999999999999
      vertex -26.192147195967696 1.9509032201612824 -1.2
    endloop
  endfacet
  facet normal -0.9738769792773332 -0.22707626303437545 5.4225877684492866e-18
    outer loop
      vertex -26.192147195967696 1.9509032201612824 0.3999999999999999
      vertex -26.34074173710932 2.5881904510252074 0.3999999999999999
      vertex -26.34074173710932 2.5881904510252074 -1.2
    endloop
  endfacet
  facet normal -0.9569403357322107 -0.29028467725445667 -1.0535423210119652e-18
    outer loop
      vertex -26.34074173710932 2.5881904510252074 0.3999999999999999
      vertex -26.53069870504894 3.214394653031616 0.3999999999999999
      vertex -26.53069870504894 3.214394653031616 -1.2
    endloop
  endfacet
  facet normal -0.9359059267573249 -0.3522500479212361 1.8743530531989726e-18
    outer loop
      vertex -26.53069870504894 3.214394653031616 0.3999999999999999
      vertex -26.761204674887132 3.826834323650898 0.3999999999999999
      vertex -26.761204674887132 3.826834323650898 -1.2
    endloop
  endfacet
  facet normal -0.910863824921175 -0.4127070298043966 1.0775045239901779e-17
    outer loop
      vertex -26.761204674887132 3.826834323650898 0.3999999999999999
      vertex -27.03127258467312 4.4228869021900135 0.3999999999999999
      vertex -27.03127258467312 4.4228869021900135 -1.2
    endloop
  endfacet
  facet normal -0.881921264348355 -0.47139673682599753 8.623171473306862e-18
    outer loop
      vertex -27.03127258467312 4.4228869021900135 0.3999999999999999
      vertex -27.339745962155614 5 0.3999999999999999
      vertex -27.339745962155614 5 -1.2
    endloop
  endfacet
  facet normal -0.8492021815265794 -0.5280678506503671 -1.1630807884612282e-17
    outer loop
      vertex -27.339745962155614 5 0.3999999999999999
      vertex -27.685303876974547 5.555702330196022 0.3999999999999999
      vertex -27.685303876974547 5.555702330196022 -1.2
    endloop
  endfacet
  facet normal -0.8128466845916161 -0.5824776968678009 0
    outer loop
      vertex -28.066466597087647 6.087614290087206 0.3999999999999999
      vertex -28.066466597087647 6.087614290087206 -1.2
      vertex -27.685303876974547 5.555702330196022 0.3999999999999999
    endloop
  endfacet
  facet normal -0.7730104533627372 -0.6343932841636452 -4.33189182786219e-18
    outer loop
      vertex -28.066466597087647 6.087614290087206 0.3999999999999999
      vertex -28.481601925210224 6.593458151000688 0.3999999999999999
      vertex -28.481601925210224 6.593458151000688 -1.2
    endloop
  endfacet
  facet normal -0.7298640726978349 -0.683592302022872 1.0440522076528997e-17
    outer loop
      vertex -28.481601925210224 6.593458151000688 0.3999999999999999
      vertex -28.928932188134524 7.0710678118654755 0.3999999999999999
      vertex -28.928932188134524 7.0710678118654755 -1.2
    endloop
  endfacet
  facet normal -0.6835923020228719 -0.7298640726978349 0
    outer loop
      vertex -29.40654184899931 7.518398074789775 0.3999999999999999
      vertex -29.40654184899931 7.518398074789775 -1.2
      vertex -28.928932188134524 7.0710678118654755 0.3999999999999999
    endloop
  endfacet
  facet normal -0.6343932841636437 -0.7730104533627384 0
    outer loop
      vertex -29.40654184899931 7.518398074789775 0.3999999999999999
      vertex -29.912385709912794 7.933533402912351 -1.2
      vertex -29.40654184899931 7.518398074789775 -1.2
    endloop
  endfacet
  facet normal -0.5280678506503682 -0.8492021815265786 0
    outer loop
      vertex -30.44429766980398 8.314696123025453 0.3999999999999999
      vertex -31 8.660254037844386 -1.2
      vertex -30.44429766980398 8.314696123025453 -1.2
    endloop
  endfacet
  facet normal -0.5824776968678013 -0.8128466845916158 0
    outer loop
      vertex -29.912385709912794 7.933533402912351 0.3999999999999999
      vertex -30.44429766980398 8.314696123025453 -1.2
      vertex -29.912385709912794 7.933533402912351 -1.2
    endloop
  endfacet
  facet normal -0.4127070298043966 -0.910863824921175 0
    outer loop
      vertex -31.577113097809985 8.968727415326882 0.3999999999999999
      vertex -32.1731656763491 9.238795325112868 -1.2
      vertex -31.577113097809985 8.968727415326882 -1.2
    endloop
  endfacet
  facet normal -0.3522500479212341 -0.9359059267573254 0
    outer loop
      vertex -32.1731656763491 9.238795325112868 0.3999999999999999
      vertex -32.78560534696838 9.469301294951057 -1.2
      vertex -32.1731656763491 9.238795325112868 -1.2
    endloop
  endfacet
  facet normal -0.4713967368259987 -0.8819212643483546 0
    outer loop
      vertex -31 8.660254037844386 0.3999999999999999
      vertex -31.577113097809985 8.968727415326882 -1.2
      vertex -31 8.660254037844386 -1.2
    endloop
  endfacet
  facet normal 0.2902846772544598 -0.9569403357322097 0
    outer loop
      vertex -38.588190451025206 9.659258262890683 0.3999999999999999
      vertex -39.21439465303162 9.469301294951057 -1.2
      vertex -38.588190451025206 9.659258262890683 -1.2
    endloop
  endfacet
  facet normal 0.22707626303437256 -0.9738769792773337 0
    outer loop
      vertex -37.95090322016128 9.807852804032304 0.3999999999999999
      vertex -38.588190451025206 9.659258262890683 -1.2
      vertex -37.95090322016128 9.807852804032304 -1.2
    endloop
  endfacet
  facet normal 0.16289547339458937 -0.9866433320848789 0
    outer loop
      vertex -37.305261922200515 9.914448613738104 0.3999999999999999
      vertex -37.95090322016128 9.807852804032304 -1.2
      vertex -37.305261922200515 9.914448613738104 -1.2
    endloop
  endfacet
  facet normal 0.09801714032956141 -0.9951847266721968 0
    outer loop
      vertex -36.65403129230143 9.978589232386035 0.3999999999999999
      vertex -37.305261922200515 9.914448613738104 -1.2
      vertex -36.65403129230143 9.978589232386035 -1.2
    endloop
  endfacet
  facet normal -0.16289547339458937 -0.9866433320848789 0
    outer loop
      vertex -34.04909677983872 9.807852804032304 0.3999999999999999
      vertex -34.694738077799485 9.914448613738104 -1.2
      vertex -34.04909677983872 9.807852804032304 -1.2
    endloop
  endfacet
  facet normal 0.03271908282177578 -0.9994645874763655 0
    outer loop
      vertex -36 10 0.3999999999999999
      vertex -36.65403129230143 9.978589232386035 -1.2
      vertex -36 10 -1.2
    endloop
  endfacet
  facet normal -0.03271908282177578 -0.9994645874763655 0
    outer loop
      vertex -35.34596870769857 9.978589232386035 0.3999999999999999
      vertex -36 10 -1.2
      vertex -35.34596870769857 9.978589232386035 -1.2
    endloop
  endfacet
  facet normal -0.09801714032956141 -0.9951847266721968 0
    outer loop
      vertex -34.694738077799485 9.914448613738104 0.3999999999999999
      vertex -35.34596870769857 9.978589232386035 -1.2
      vertex -34.694738077799485 9.914448613738104 -1.2
    endloop
  endfacet
  facet normal -0.2902846772544598 -0.9569403357322097 0
    outer loop
      vertex -32.78560534696838 9.469301294951057 0.3999999999999999
      vertex -33.411809548974794 9.659258262890683 -1.2
      vertex -32.78560534696838 9.469301294951057 -1.2
    endloop
  endfacet
  facet normal -0.22707626303437256 -0.9738769792773337 0
    outer loop
      vertex -33.411809548974794 9.659258262890683 0.3999999999999999
      vertex -34.04909677983872 9.807852804032304 -1.2
      vertex -33.411809548974794 9.659258262890683 -1.2
    endloop
  endfacet
  facet normal -0.6343932841636437 -0.7730104533627384 -6.9119663844840655e-18
    outer loop
      vertex -29.40654184899931 7.518398074789775 0.3999999999999999
      vertex -29.912385709912794 7.933533402912351 0.3999999999999999
      vertex -29.912385709912794 7.933533402912351 -1.2
    endloop
  endfacet
  facet normal -0.5824776968678013 -0.8128466845916158 -2.787053660174352e-19
    outer loop
      vertex -29.912385709912794 7.933533402912351 0.3999999999999999
      vertex -30.44429766980398 8.314696123025453 0.3999999999999999
      vertex -30.44429766980398 8.314696123025453 -1.2
    endloop
  endfacet
  facet normal -0.4127070298043966 -0.910863824921175 1.0775045239901779e-17
    outer loop
      vertex -31.577113097809985 8.968727415326882 0.3999999999999999
      vertex -32.1731656763491 9.238795325112868 0.3999999999999999
      vertex -32.1731656763491 9.238795325112868 -1.2
    endloop
  endfacet
  facet normal -0.5280678506503682 -0.8492021815265786 -8.56350207186425e-18
    outer loop
      vertex -30.44429766980398 8.314696123025453 0.3999999999999999
      vertex -31 8.660254037844386 0.3999999999999999
      vertex -31 8.660254037844386 -1.2
    endloop
  endfacet
  facet normal -0.4713967368259987 -0.8819212643483546 1.7916092092332626e-18
    outer loop
      vertex -31 8.660254037844386 0.3999999999999999
      vertex -31.577113097809985 8.968727415326882 0.3999999999999999
      vertex -31.577113097809985 8.968727415326882 -1.2
    endloop
  endfacet
  facet normal 0.22707626303437256 -0.9738769792773337 0
    outer loop
      vertex -38.588190451025206 9.659258262890683 0.3999999999999999
      vertex -38.588190451025206 9.659258262890683 -1.2
      vertex -37.95090322016128 9.807852804032304 0.3999999999999999
    endloop
  endfacet
  facet normal 0.16289547339458937 -0.9866433320848789 0
    outer loop
      vertex -37.95090322016128 9.807852804032304 0.3999999999999999
      vertex -37.95090322016128 9.807852804032304 -1.2
      vertex -37.305261922200515 9.914448613738104 0.3999999999999999
    endloop
  endfacet
  facet normal 0.09801714032956141 -0.9951847266721968 0
    outer loop
      vertex -37.305261922200515 9.914448613738104 0.3999999999999999
      vertex -37.305261922200515 9.914448613738104 -1.2
      vertex -36.65403129230143 9.978589232386035 0.3999999999999999
    endloop
  endfacet
  facet normal 0.03271908282177578 -0.9994645874763655 0
    outer loop
      vertex -36.65403129230143 9.978589232386035 0.3999999999999999
      vertex -36.65403129230143 9.978589232386035 -1.2
      vertex -36 10 0.3999999999999999
    endloop
  endfacet
  facet normal -0.03271908282177578 -0.9994645874763655 0
    outer loop
      vertex -36 10 0.3999999999999999
      vertex -36 10 -1.2
      vertex -35.34596870769857 9.978589232386035 0.3999999999999999
    endloop
  endfacet
  facet normal -0.09801714032956141 -0.9951847266721968 0
    outer loop
      vertex -35.34596870769857 9.978589232386035 0.3999999999999999
      vertex -35.34596870769857 9.978589232386035 -1.2
      vertex -34.694738077799485 9.914448613738104 0.3999999999999999
    endloop
  endfacet
  facet normal -0.16289547339458937 -0.9866433320848789 0
    outer loop
      vertex -34.694738077799485 9.914448613738104 0.3999999999999999
      vertex -34.694738077799485 9.914448613738104 -1.2
      vertex -34.04909677983872 9.807852804032304 0.3999999999999999
    endloop
  endfacet
  facet normal -0.2902846772544598 -0.9569403357322097 -2.3061815767575068e-18
    outer loop
      vertex -32.78560534696838 9.469301294951057 0.3999999999999999
      vertex -33.411809548974794 9.659258262890683 0.3999999999999999
      vertex -33.411809548974794 9.659258262890683 -1.2
    endloop
  endfacet
  facet normal -0.22707626303437256 -0.9738769792773337 6.2538537326125174e-18
    outer loop
      vertex -33.411809548974794 9.659258262890683 0.3999999999999999
      vertex -34.04909677983872 9.807852804032304 0.3999999999999999
      vertex -34.04909677983872 9.807852804032304 -1.2
    endloop
  endfacet
  facet normal -0.3522500479212341 -0.9359059267573254 0
    outer loop
      vertex -32.78560534696838 9.469301294951057 0.3999999999999999
      vertex -32.78560534696838 9.469301294951057 -1.2
      vertex -32.1731656763491 9.238795325112868 0.3999999999999999
    endloop
  endfacet
  facet normal 0 0 -1
    outer loop
      vertex -45.978589232386035 -0.6540312923014306 0.3999999999999999
      vertex -46 0 0.3999999999999999
      vertex -45.978589232386035 0.6540312923014306 0.3999999999999999
    endloop
  endfacet
  facet normal 0 0 -1
    outer loop
      vertex -45.9144486137381 -1.3052619222005157 0.3999999999999999
      vertex -45.978589232386035 0.6540312923014306 0.3999999999999999
      vertex -45.9144486137381 1.3052619222005157 0.3999999999999999
    endloop
  endfacet
  facet normal 0 0 -1
    outer loop
      vertex -45.80785280403231 -1.9509032201612824 0.3999999999999999
      vertex -45.9144486137381 1.3052619222005157 0.3999999999999999
      vertex -45.80785280403231 1.9509032201612824 0.3999999999999999
    endloop
  endfacet
  facet normal 0 0 -1
    outer loop
      vertex -45.65925826289068 -2.5881904510252074 0.3999999999999999
      vertex -45.80785280403231 1.9509032201612824 0.3999999999999999
      vertex -45.65925826289068 2.5881904510252074 0.3999999999999999
    endloop
  endfacet
  facet normal 0 0 -1
    outer loop
      vertex -45.46930129495106 -3.214394653031616 0.3999999999999999
      vertex -45.65925826289068 2.5881904510252074 0.3999999999999999
      vertex -45.46930129495106 3.214394653031616 0.3999999999999999
    endloop
  endfacet
  facet normal 0 0 -1
    outer loop
      vertex -45.23879532511287 -3.826834323650898 0.3999999999999999
      vertex -45.46930129495106 3.214394653031616 0.3999999999999999
      vertex -45.23879532511287 3.826834323650898 0.3999999999999999
    endloop
  endfacet
  facet normal 0 0 -1
    outer loop
      vertex -44.96872741532688 -4.4228869021900135 0.3999999999999999
      vertex -45.23879532511287 3.826834323650898 0.3999999999999999
      vertex -44.96872741532688 4.4228869021900135 0.3999999999999999
    endloop
  endfacet
  facet normal 0 0 -1
    outer loop
      vertex -44.66025403784438 -5 0.3999999999999999
      vertex -44.96872741532688 4.4228869021900135 0.3999999999999999
      vertex -44.66025403784438 5 0.3999999999999999
    endloop
  endfacet
  facet normal 0 0 -1
    outer loop
      vertex -44.314696123025456 -5.555702330196022 0.3999999999999999
      vertex -44.66025403784438 5 0.3999999999999999
      vertex -44.314696123025456 5.555702330196022 0.3999999999999999
    endloop
  endfacet
  facet normal 0 0 -1
    outer loop
      vertex -43.93353340291235 -6.087614290087206 0.3999999999999999
      vertex -44.314696123025456 5.555702330196022 0.3999999999999999
      vertex -43.93353340291235 6.087614290087206 0.3999999999999999
    endloop
  endfacet
  facet normal 0 0 -1
    outer loop
      vertex -43.51839807478977 -6.593458151000688 0.3999999999999999
      vertex -43.93353340291235 6.087614290087206 0.3999999999999999
      vertex -43.51839807478977 6.593458151000688 0.3999999999999999
    endloop
  endfacet
  facet normal 0 0 -1
    outer loop
      vertex -43.071067811865476 -7.0710678118654755 0.3999999999999999
      vertex -43.51839807478977 6.593458151000688 0.3999999999999999
      vertex -43.071067811865476 7.0710678118654755 0.3999999999999999
    endloop
  endfacet
  facet normal 0 0 -1
    outer loop
      vertex -42.59345815100069 -7.518398074789775 0.3999999999999999
      vertex -43.071067811865476 7.0710678118654755 0.3999999999999999
      vertex -42.59345815100069 7.518398074789775 0.3999999999999999
    endloop
  endfacet
  facet normal 0 0 -1
    outer loop
      vertex -42.0876142900872 -7.933533402912351 0.3999999999999999
      vertex -42.59345815100069 7.518398074789775 0.3999999999999999
      vertex -42.0876142900872 7.933533402912351 0.3999999999999999
    endloop
  endfacet
  facet normal 0 0 -1
    outer loop
      vertex -41.55570233019602 -8.314696123025453 0.3999999999999999
      vertex -42.0876142900872 7.933533402912351 0.3999999999999999
      vertex -41.55570233019602 8.314696123025453 0.3999999999999999
    endloop
  endfacet
  facet normal 0 0 -1
    outer loop
      vertex -41 -8.660254037844386 0.3999999999999999
      vertex -41.55570233019602 8.314696123025453 0.3999999999999999
      vertex -41 8.660254037844386 0.3999999999999999
    endloop
  endfacet
  facet normal 0 0 -1
    outer loop
      vertex -40.422886902190015 -8.968727415326882 0.3999999999999999
      vertex -41 8.660254037844386 0.3999999999999999
      vertex -40.422886902190015 8.968727415326882 0.3999999999999999
    endloop
  endfacet
  facet normal 0 0 -1
    outer loop
      vertex -39.8268343236509 -9.238795325112868 0.3999999999999999
      vertex -40.422886902190015 8.968727415326882 0.3999999999999999
      vertex -39.8268343236509 9.238795325112868 0.3999999999999999
    endloop
  endfacet
  facet normal 0 0 -1
    outer loop
      vertex -39.21439465303162 -9.469301294951057 0.3999999999999999
      vertex -39.8268343236509 9.238795325112868 0.3999999999999999
      vertex -39.21439465303162 9.469301294951057 0.3999999999999999
    endloop
  endfacet
  facet normal 0 0 -1
    outer loop
      vertex -38.588190451025206 -9.659258262890683 0.3999999999999999
      vertex -39.21439465303162 9.469301294951057 0.3999999999999999
      vertex -38.588190451025206 9.659258262890683 0.3999999999999999
    endloop
  endfacet
  facet normal 0 0 -1
    outer loop
      vertex -37.95090322016128 -9.807852804032304 0.3999999999999999
      vertex -38.588190451025206 9.659258262890683 0.3999999999999999
      vertex -37.95090322016128 9.807852804032304 0.3999999999999999
    endloop
  endfacet
  facet normal 0 0 -1
    outer loop
      vertex -37.305261922200515 -9.914448613738104 0.3999999999999999
      vertex -37.95090322016128 9.807852804032304 0.3999999999999999
      vertex -37.305261922200515 9.914448613738104 0.3999999999999999
    endloop
  endfacet
  facet normal 0 0 -1
    outer loop
      vertex -36.65403129230143 -9.978589232386035 0.3999999999999999
      vertex -37.305261922200515 9.914448613738104 0.3999999999999999
      vertex -36.65403129230143 9.978589232386035 0.3999999999999999
    endloop
  endfacet
  facet normal 0 0 -1
    outer loop
      vertex -36 -10 0.3999999999999999
      vertex -36.65403129230143 9.978589232386035 0.3999999999999999
      vertex -36 10 0.3999999999999999
    endloop
  endfacet
  facet normal 0 0 -1
    outer loop
      vertex -35.34596870769857 -9.978589232386035 0.3999999999999999
      vertex -36 10 0.3999999999999999
      vertex -35.34596870769857 9.978589232386035 0.3999999999999999
    endloop
  endfacet
  facet normal 0 0 -1
    outer loop
      vertex -34.694738077799485 -9.914448613738104 0.3999999999999999
      vertex -35.34596870769857 9.978589232386035 0.3999999999999999
      vertex -34.694738077799485 9.914448613738104 0.3999999999999999
    endloop
  endfacet
  facet normal 0 0 -1
    outer loop
      vertex -34.04909677983872 -9.807852804032304 0.3999999999999999
      vertex -34.694738077799485 9.914448613738104 0.3999999999999999
      vertex -34.04909677983872 9.807852804032304 0.3999999999999999
    endloop
  endfacet
  facet normal 0 0 -1
    outer loop
      vertex -29.912385709912794 -7.933533402912351 0.3999999999999999
      vertex -30.44429766980398 8.314696123025453 0.3999999999999999
      vertex -29.912385709912794 7.933533402912351 0.3999999999999999
    endloop
  endfacet
  facet normal 0 0 -1
    outer loop
      vertex -29.40654184899931 -7.518398074789775 0.3999999999999999
      vertex -29.912385709912794 7.933533402912351 0.3999999999999999
      vertex -29.40654184899931 7.518398074789775 0.3999999999999999
    endloop
  endfacet
  facet normal 0 0 -1
    outer loop
      vertex -33.411809548974794 -9.659258262890683 0.3999999999999999
      vertex -34.04909677983872 9.807852804032304 0.3999999999999999
      vertex -33.411809548974794 9.659258262890683 0.3999999999999999
    endloop
  endfacet
  facet normal 0 0 -1
    outer loop
      vertex -32.78560534696838 -9.469301294951057 0.3999999999999999
      vertex -33.411809548974794 9.659258262890683 0.3999999999999999
      vertex -32.78560534696838 9.469301294951057 0.3999999999999999
    endloop
  endfacet
  facet normal 0 0 -1
    outer loop
      vertex -32.1731656763491 -9.238795325112868 0.3999999999999999
      vertex -32.78560534696838 9.469301294951057 0.3999999999999999
      vertex -32.1731656763491 9.238795325112868 0.3999999999999999
    endloop
  endfacet
  facet normal 0 0 -1
    outer loop
      vertex -31.577113097809985 -8.968727415326882 0.3999999999999999
      vertex -32.1731656763491 9.238795325112868 0.3999999999999999
      vertex -31.577113097809985 8.968727415326882 0.3999999999999999
    endloop
  endfacet
  facet normal 0 0 -1
    outer loop
      vertex -31 -8.660254037844386 0.3999999999999999
      vertex -31.577113097809985 8.968727415326882 0.3999999999999999
      vertex -31 8.660254037844386 0.3999999999999999
    endloop
  endfacet
  facet normal 0 0 -1
    outer loop
      vertex -30.44429766980398 -8.314696123025453 0.3999999999999999
      vertex -31 8.660254037844386 0.3999999999999999
      vertex -30.44429766980398 8.314696123025453 0.3999999999999999
    endloop
  endfacet
  facet normal 0 0 -1
    outer loop
      vertex -26.021410767613965 -0.6540312923014306 0.3999999999999999
      vertex -26.021410767613965 0.6540312923014306 0.3999999999999999
      vertex -26 0 0.3999999999999999
    endloop
  endfacet
  facet normal 0 0 -1
    outer loop
      vertex -26.021410767613965 -0.6540312923014306 0.3999999999999999
      vertex -26.085551386261898 1.3052619222005157 0.3999999999999999
      vertex -26.021410767613965 0.6540312923014306 0.3999999999999999
    endloop
  endfacet
  facet normal 0 0 -1
    outer loop
      vertex -26.085551386261898 -1.3052619222005157 0.3999999999999999
      vertex -26.192147195967696 1.9509032201612824 0.3999999999999999
      vertex -26.085551386261898 1.3052619222005157 0.3999999999999999
    endloop
  endfacet
  facet normal 0 0 -1
    outer loop
      vertex -26.192147195967696 -1.9509032201612824 0.3999999999999999
      vertex -26.34074173710932 2.5881904510252074 0.3999999999999999
      vertex -26.192147195967696 1.9509032201612824 0.3999999999999999
    endloop
  endfacet
  facet normal 0 0 -1
    outer loop
      vertex -26.761204674887132 -3.826834323650898 0.3999999999999999
      vertex -27.03127258467312 4.4228869021900135 0.3999999999999999
      vertex -26.761204674887132 3.826834323650898 0.3999999999999999
    endloop
  endfacet
  facet normal 0 0 -1
    outer loop
      vertex -27.339745962155614 -5 0.3999999999999999
      vertex -27.685303876974547 5.555702330196022 0.3999999999999999
      vertex -27.339745962155614 5 0.3999999999999999
    endloop
  endfacet
  facet normal 0 0 -1
    outer loop
      vertex -27.03127258467312 -4.4228869021900135 0.3999999999999999
      vertex -27.339745962155614 5 0.3999999999999999
      vertex -27.03127258467312 4.4228869021900135 0.3999999999999999
    endloop
  endfacet
  facet normal 0 0 -1
    outer loop
      vertex -26.34074173710932 -2.5881904510252074 0.3999999999999999
      vertex -26.53069870504894 3.214394653031616 0.3999999999999999
      vertex -26.34074173710932 2.5881904510252074 0.3999999999999999
    endloop
  endfacet
  facet normal 0 0 -1
    outer loop
      vertex -26.53069870504894 -3.214394653031616 0.3999999999999999
      vertex -26.761204674887132 3.826834323650898 0.3999999999999999
      vertex -26.53069870504894 3.214394653031616 0.3999999999999999
    endloop
  endfacet
  facet normal 0 0 -1
    outer loop
      vertex -28.066466597087647 -6.087614290087206 0.3999999999999999
      vertex -28.481601925210224 6.593458151000688 0.3999999999999999
      vertex -28.066466597087647 6.087614290087206 0.3999999999999999
    endloop
  endfacet
  facet normal 0 0 -1
    outer loop
      vertex -27.685303876974547 -5.555702330196022 0.3999999999999999
      vertex -28.066466597087647 6.087614290087206 0.3999999999999999
      vertex -27.685303876974547 5.555702330196022 0.3999999999999999
    endloop
  endfacet
  facet normal 0 0 -1
    outer loop
      vertex -28.928932188134524 -7.0710678118654755 0.3999999999999999
      vertex -29.40654184899931 7.518398074789775 0.3999999999999999
      vertex -28.928932188134524 7.0710678118654755 0.3999999999999999
    endloop
  endfacet
  facet normal 0 0 -1
    outer loop
      vertex -28.481601925210224 -6.593458151000688 0.3999999999999999
      vertex -28.928932188134524 7.0710678118654755 0.3999999999999999
      vertex -28.481601925210224 6.593458151000688 0.3999999999999999
    endloop
  endfacet
  facet normal 0.29028467725446205 0.956940335732209 0
    outer loop
      vertex -15.214394653031615 -9.469301294951057 0
      vertex -14.588190451025207 -9.659258262890683 -1.2
      vertex -15.214394653031615 -9.469301294951057 -1.2
    endloop
  endfacet
  facet normal 0.09801714032956114 0.9951847266721968 0
    outer loop
      vertex -13.305261922200515 -9.914448613738104 0
      vertex -12.65403129230143 -9.978589232386035 -1.2
      vertex -13.305261922200515 -9.914448613738104 -1.2
    endloop
  endfacet
  facet normal 0.03271908282177588 0.9994645874763657 0
    outer loop
      vertex -12.65403129230143 -9.978589232386035 0
      vertex -12 -10 -1.2
      vertex -12.65403129230143 -9.978589232386035 -1.2
    endloop
  endfacet
  facet normal 0.22707626303437317 0.9738769792773336 0
    outer loop
      vertex -14.588190451025207 -9.659258262890683 0
      vertex -13.950903220161283 -9.807852804032304 -1.2
      vertex -14.588190451025207 -9.659258262890683 -1.2
    endloop
  endfacet
  facet normal 0.16289547339458849 0.9866433320848791 0
    outer loop
      vertex -13.950903220161283 -9.807852804032304 0
      vertex -13.305261922200515 -9.914448613738104 -1.2
      vertex -13.950903220161283 -9.807852804032304 -1.2
    endloop
  endfacet
  facet normal -0.03271908282177588 0.9994645874763657 0
    outer loop
      vertex -12 -10 0
      vertex -11.34596870769857 -9.978589232386035 -1.2
      vertex -12 -10 -1.2
    endloop
  endfacet
  facet normal -0.09801714032956114 0.9951847266721968 0
    outer loop
      vertex -11.34596870769857 -9.978589232386035 0
      vertex -10.694738077799485 -9.914448613738104 -1.2
      vertex -11.34596870769857 -9.978589232386035 -1.2
    endloop
  endfacet
  facet normal -0.16289547339458849 0.9866433320848791 0
    outer loop
      vertex -10.694738077799485 -9.914448613738104 0
      vertex -10.049096779838717 -9.807852804032304 -1.2
      vertex -10.694738077799485 -9.914448613738104 -1.2
    endloop
  endfacet
  facet normal -0.22707626303437317 0.9738769792773336 0
    outer loop
      vertex -10.049096779838717 -9.807852804032304 0
      vertex -9.411809548974793 -9.659258262890683 -1.2
      vertex -10.049096779838717 -9.807852804032304 -1.2
    endloop
  endfacet
  facet normal 0.41270702980439555 0.9108638249211755 0
    outer loop
      vertex -16.422886902190015 -8.968727415326882 0
      vertex -15.826834323650898 -9.238795325112868 -1.2
      vertex -16.422886902190015 -8.968727415326882 -1.2
    endloop
  endfacet
  facet normal 0.3522500479212332 0.9359059267573259 0
    outer loop
      vertex -15.826834323650898 -9.238795325112868 0
      vertex -15.214394653031615 -9.469301294951057 -1.2
      vertex -15.826834323650898 -9.238795325112868 -1.2
    endloop
  endfacet
  facet normal 0.4713967368259987 0.8819212643483545 0
    outer loop
      vertex -17 -8.660254037844386 0
      vertex -16.422886902190015 -8.968727415326882 -1.2
      vertex -17 -8.660254037844386 -1.2
    endloop
  endfacet
  facet normal 0.5280678506503682 0.8492021815265787 0
    outer loop
      vertex -17.55570233019602 -8.314696123025453 0
      vertex -17 -8.660254037844386 -1.2
      vertex -17.55570233019602 -8.314696123025453 -1.2
    endloop
  endfacet
  facet normal 0.5824776968678014 0.8128466845916157 0
    outer loop
      vertex -18.087614290087206 -7.933533402912351 0
      vertex -17.55570233019602 -8.314696123025453 -1.2
      vertex -18.087614290087206 -7.933533402912351 -1.2
    endloop
  endfacet
  facet normal 0.6343932841636437 0.7730104533627384 0
    outer loop
      vertex -18.59345815100069 -7.518398074789775 0
      vertex -18.087614290087206 -7.933533402912351 -1.2
      vertex -18.59345815100069 -7.518398074789775 -1.2
    endloop
  endfacet
  facet normal -0.29028467725446205 0.956940335732209 0
    outer loop
      vertex -9.411809548974793 -9.659258262890683 0
      vertex -8.785605346968385 -9.469301294951057 -1.2
      vertex -9.411809548974793 -9.659258262890683 -1.2
    endloop
  endfacet
  facet normal -0.3522500479212332 0.9359059267573259 0
    outer loop
      vertex -8.785605346968385 -9.469301294951057 0
      vertex -8.173165676349102 -9.238795325112868 -1.2
      vertex -8.785605346968385 -9.469301294951057 -1.2
    endloop
  endfacet
  facet normal -0.4127070298043966 0.9108638249211749 0
    outer loop
      vertex -8.173165676349102 -9.238795325112868 0
      vertex -7.5771130978099865 -8.968727415326882 -1.2
      vertex -8.173165676349102 -9.238795325112868 -1.2
    endloop
  endfacet
  facet normal -0.47139673682599753 0.881921264348355 0
    outer loop
      vertex -7.5771130978099865 -8.968727415326882 0
      vertex -7 -8.660254037844386 -1.2
      vertex -7.5771130978099865 -8.968727415326882 -1.2
    endloop
  endfacet
  facet normal -0.528067850650367 0.8492021815265794 0
    outer loop
      vertex -7 -8.660254037844386 0
      vertex -6.444297669803978 -8.314696123025453 -1.2
      vertex -7 -8.660254037844386 -1.2
    endloop
  endfacet
  facet normal -0.5824776968678027 0.8128466845916149 0
    outer loop
      vertex -6.444297669803978 -8.314696123025453 0
      vertex -5.912385709912794 -7.933533402912351 -1.2
      vertex -6.444297669803978 -8.314696123025453 -1.2
    endloop
  endfacet
  facet normal -0.6343932841636444 0.7730104533627379 0
    outer loop
      vertex -5.912385709912794 -7.933533402912351 0
      vertex -5.406541848999312 -7.518398074789775 -1.2
      vertex -5.912385709912794 -7.933533402912351 -1.2
    endloop
  endfacet
  facet normal 0.3522500479212332 0.9359059267573259 -3.864949527658801e-18
    outer loop
      vertex -15.826834323650898 -9.238795325112868 0
      vertex -15.214394653031615 -9.469301294951057 0
      vertex -15.214394653031615 -9.469301294951057 -1.2
    endloop
  endfacet
  facet normal 0.29028467725446205 0.956940335732209 0
    outer loop
      vertex -14.588190451025207 -9.659258262890683 0
      vertex -14.588190451025207 -9.659258262890683 -1.2
      vertex -15.214394653031615 -9.469301294951057 0
    endloop
  endfacet
  facet normal 0.16289547339458849 0.9866433320848791 7.266974491567985e-18
    outer loop
      vertex -13.950903220161283 -9.807852804032304 0
      vertex -13.305261922200515 -9.914448613738104 0
      vertex -13.305261922200515 -9.914448613738104 -1.2
    endloop
  endfacet
  facet normal 0.09801714032956114 0.9951847266721968 0
    outer loop
      vertex -12.65403129230143 -9.978589232386035 0
      vertex -12.65403129230143 -9.978589232386035 -1.2
      vertex -13.305261922200515 -9.914448613738104 0
    endloop
  endfacet
  facet normal 0.03271908282177588 0.9994645874763657 -7.326397100170373e-19
    outer loop
      vertex -12.65403129230143 -9.978589232386035 0
      vertex -12 -10 0
      vertex -12 -10 -1.2
    endloop
  endfacet
  facet normal 0.22707626303437317 0.9738769792773336 8.69371935869025e-18
    outer loop
      vertex -14.588190451025207 -9.659258262890683 0
      vertex -13.950903220161283 -9.807852804032304 0
      vertex -13.950903220161283 -9.807852804032304 -1.2
    endloop
  endfacet
  facet normal -0.03271908282177588 0.9994645874763657 7.326397100170373e-19
    outer loop
      vertex -12 -10 0
      vertex -11.34596870769857 -9.978589232386035 0
      vertex -11.34596870769857 -9.978589232386035 -1.2
    endloop
  endfacet
  facet normal -0.09801714032956114 0.9951847266721968 -3.3688090483936386e-18
    outer loop
      vertex -11.34596870769857 -9.978589232386035 0
      vertex -10.694738077799485 -9.914448613738104 0
      vertex -10.694738077799485 -9.914448613738104 -1.2
    endloop
  endfacet
  facet normal -0.16289547339458849 0.9866433320848791 -7.266974491567985e-18
    outer loop
      vertex -10.694738077799485 -9.914448613738104 0
      vertex -10.049096779838717 -9.807852804032304 0
      vertex -10.049096779838717 -9.807852804032304 -1.2
    endloop
  endfacet
  facet normal 0.5280678506503682 0.8492021815265787 0
    outer loop
      vertex -17 -8.660254037844386 0
      vertex -17 -8.660254037844386 -1.2
      vertex -17.55570233019602 -8.314696123025453 0
    endloop
  endfacet
  facet normal 0.41270702980439555 0.9108638249211755 0
    outer loop
      vertex -15.826834323650898 -9.238795325112868 0
      vertex -15.826834323650898 -9.238795325112868 -1.2
      vertex -16.422886902190015 -8.968727415326882 0
    endloop
  endfacet
  facet normal 0.4713967368259987 0.8819212643483545 2.3888122789776834e-18
    outer loop
      vertex -17 -8.660254037844386 0
      vertex -16.422886902190015 -8.968727415326882 0
      vertex -16.422886902190015 -8.968727415326882 -1.2
    endloop
  endfacet
  facet normal 0.5824776968678014 0.8128466845916157 0
    outer loop
      vertex -17.55570233019602 -8.314696123025453 0
      vertex -17.55570233019602 -8.314696123025453 -1.2
      vertex -18.087614290087206 -7.933533402912351 0
    endloop
  endfacet
  facet normal 0.6343932841636437 0.7730104533627384 0
    outer loop
      vertex -18.087614290087206 -7.933533402912351 0
      vertex -18.087614290087206 -7.933533402912351 -1.2
      vertex -18.59345815100069 -7.518398074789775 0
    endloop
  endfacet
  facet normal -0.22707626303437317 0.9738769792773336 -8.69371935869025e-18
    outer loop
      vertex -10.049096779838717 -9.807852804032304 0
      vertex -9.411809548974793 -9.659258262890683 0
      vertex -9.411809548974793 -9.659258262890683 -1.2
    endloop
  endfacet
  facet normal -0.29028467725446205 0.956940335732209 4.0738574060880855e-18
    outer loop
      vertex -9.411809548974793 -9.659258262890683 0
      vertex -8.785605346968385 -9.469301294951057 0
      vertex -8.785605346968385 -9.469301294951057 -1.2
    endloop
  endfacet
  facet normal -0.3522500479212332 0.9359059267573259 3.864949527658801e-18
    outer loop
      vertex -8.785605346968385 -9.469301294951057 0
      vertex -8.173165676349102 -9.238795325112868 0
      vertex -8.173165676349102 -9.238795325112868 -1.2
    endloop
  endfacet
  facet normal -0.4127070298043966 0.9108638249211749 -1.4366726986535703e-17
    outer loop
      vertex -8.173165676349102 -9.238795325112868 0
      vertex -7.5771130978099865 -8.968727415326882 0
      vertex -7.5771130978099865 -8.968727415326882 -1.2
    endloop
  endfacet
  facet normal -0.47139673682599753 0.881921264348355 -1.1497561964409149e-17
    outer loop
      vertex -7.5771130978099865 -8.968727415326882 0
      vertex -7 -8.660254037844386 0
      vertex -7 -8.660254037844386 -1.2
    endloop
  endfacet
  facet normal -0.528067850650367 0.8492021815265794 1.5507743846149708e-17
    outer loop
      vertex -7 -8.660254037844386 0
      vertex -6.444297669803978 -8.314696123025453 0
      vertex -6.444297669803978 -8.314696123025453 -1.2
    endloop
  endfacet
  facet normal -0.5824776968678027 0.8128466845916149 -1.3569276215329262e-17
    outer loop
      vertex -6.444297669803978 -8.314696123025453 0
      vertex -5.912385709912794 -7.933533402912351 0
      vertex -5.912385709912794 -7.933533402912351 -1.2
    endloop
  endfacet
  facet normal -0.6343932841636444 0.7730104533627379 -8.339351927863877e-19
    outer loop
      vertex -5.912385709912794 -7.933533402912351 0
      vertex -5.406541848999312 -7.518398074789775 0
      vertex -5.406541848999312 -7.518398074789775 -1.2
    endloop
  endfacet
  facet normal 0.7730104533627372 0.6343932841636452 0
    outer loop
      vertex -19.933533402912353 -6.087614290087206 0
      vertex -19.518398074789776 -6.593458151000688 -1.2
      vertex -19.933533402912353 -6.087614290087206 -1.2
    endloop
  endfacet
  facet normal 0.8128466845916161 0.5824776968678009 0
    outer loop
      vertex -20.314696123025453 -5.555702330196022 0
      vertex -19.933533402912353 -6.087614290087206 -1.2
      vertex -20.314696123025453 -5.555702330196022 -1.2
    endloop
  endfacet
  facet normal 0.8492021815265794 0.528067850650367 0
    outer loop
      vertex -20.660254037844386 -5 0
      vertex -20.314696123025453 -5.555702330196022 -1.2
      vertex -20.660254037844386 -5 -1.2
    endloop
  endfacet
  facet normal 0.881921264348355 0.47139673682599753 0
    outer loop
      vertex -20.96872741532688 -4.4228869021900135 0
      vertex -20.660254037844386 -5 -1.2
      vertex -20.96872741532688 -4.4228869021900135 -1.2
    endloop
  endfacet
  facet normal 0.9108638249211749 0.4127070298043966 0
    outer loop
      vertex -21.238795325112868 -3.826834323650898 0
      vertex -20.96872741532688 -4.4228869021900135 -1.2
      vertex -21.238795325112868 -3.826834323650898 -1.2
    endloop
  endfacet
  facet normal 0.9359059267573248 0.35225004792123604 0
    outer loop
      vertex -21.46930129495106 -3.214394653031616 0
      vertex -21.238795325112868 -3.826834323650898 -1.2
      vertex -21.46930129495106 -3.214394653031616 -1.2
    endloop
  endfacet
  facet normal 0.9569403357322106 0.29028467725445667 0
    outer loop
      vertex -21.65925826289068 -2.5881904510252074 0
      vertex -21.46930129495106 -3.214394653031616 -1.2
      vertex -21.65925826289068 -2.5881904510252074 -1.2
    endloop
  endfacet
  facet normal 0.973876979277333 0.2270762630343754 0
    outer loop
      vertex -21.807852804032304 -1.9509032201612824 0
      vertex -21.65925826289068 -2.5881904510252074 -1.2
      vertex -21.807852804032304 -1.9509032201612824 -1.2
    endloop
  endfacet
  facet normal 0.9866433320848793 0.1628954733945863 0
    outer loop
      vertex -21.914448613738102 -1.3052619222005157 0
      vertex -21.807852804032304 -1.9509032201612824 -1.2
      vertex -21.914448613738102 -1.3052619222005157 -1.2
    endloop
  endfacet
  facet normal 0.9951847266721966 0.09801714032956367 0
    outer loop
      vertex -21.978589232386035 -0.6540312923014306 0
      vertex -21.914448613738102 -1.3052619222005157 -1.2
      vertex -21.978589232386035 -0.6540312923014306 -1.2
    endloop
  endfacet
  facet normal 0.9994645874763657 0.03271908282177589 0
    outer loop
      vertex -22 0 0
      vertex -21.978589232386035 -0.6540312923014306 -1.2
      vertex -22 0 -1.2
    endloop
  endfacet
  facet normal 0.6835923020228719 0.7298640726978349 0
    outer loop
      vertex -19.071067811865476 -7.0710678118654755 0
      vertex -18.59345815100069 -7.518398074789775 -1.2
      vertex -19.071067811865476 -7.0710678118654755 -1.2
    endloop
  endfacet
  facet normal 0.7298640726978349 0.683592302022872 0
    outer loop
      vertex -19.518398074789776 -6.593458151000688 0
      vertex -19.071067811865476 -7.0710678118654755 -1.2
      vertex -19.518398074789776 -6.593458151000688 -1.2
    endloop
  endfacet
  facet normal -0.6835923020228714 0.7298640726978356 0
    outer loop
      vertex -5.406541848999312 -7.518398074789775 0
      vertex -4.9289321881345245 -7.0710678118654755 -1.2
      vertex -5.406541848999312 -7.518398074789775 -1.2
    endloop
  endfacet
  facet normal -0.7298640726978356 0.6835923020228714 0
    outer loop
      vertex -4.9289321881345245 -7.0710678118654755 0
      vertex -4.481601925210225 -6.593458151000688 -1.2
      vertex -4.9289321881345245 -7.0710678118654755 -1.2
    endloop
  endfacet
  facet normal -0.7730104533627379 0.6343932841636444 0
    outer loop
      vertex -4.481601925210225 -6.593458151000688 0
      vertex -4.066466597087649 -6.087614290087206 -1.2
      vertex -4.481601925210225 -6.593458151000688 -1.2
    endloop
  endfacet
  facet normal -0.8128466845916149 0.5824776968678027 0
    outer loop
      vertex -4.066466597087649 -6.087614290087206 0
      vertex -3.6853038769745474 -5.555702330196022 -1.2
      vertex -4.066466597087649 -6.087614290087206 -1.2
    endloop
  endfacet
  facet normal -0.8492021815265794 0.528067850650367 0
    outer loop
      vertex -3.6853038769745474 -5.555702330196022 0
      vertex -3.3397459621556145 -5 -1.2
      vertex -3.6853038769745474 -5.555702330196022 -1.2
    endloop
  endfacet
  facet normal -0.881921264348355 0.47139673682599753 0
    outer loop
      vertex -3.3397459621556145 -5 0
      vertex -3.0312725846731183 -4.4228869021900135 -1.2
      vertex -3.3397459621556145 -5 -1.2
    endloop
  endfacet
  facet normal -0.9108638249211749 0.4127070298043966 0
    outer loop
      vertex -3.0312725846731183 -4.4228869021900135 0
      vertex -2.761204674887132 -3.826834323650898 -1.2
      vertex -3.0312725846731183 -4.4228869021900135 -1.2
    endloop
  endfacet
  facet normal -0.9359059267573258 0.3522500479212337 0
    outer loop
      vertex -2.761204674887132 -3.826834323650898 0
      vertex -2.530698705048943 -3.214394653031616 -1.2
      vertex -2.761204674887132 -3.826834323650898 -1.2
    endloop
  endfacet
  facet normal -0.9569403357322092 0.2902846772544616 0
    outer loop
      vertex -2.530698705048943 -3.214394653031616 0
      vertex -2.340741737109317 -2.5881904510252074 -1.2
      vertex -2.530698705048943 -3.214394653031616 -1.2
    endloop
  endfacet
  facet normal -0.9738769792773337 0.22707626303437284 0
    outer loop
      vertex -2.340741737109317 -2.5881904510252074 0
      vertex -2.1921471959676957 -1.9509032201612824 -1.2
      vertex -2.340741737109317 -2.5881904510252074 -1.2
    endloop
  endfacet
  facet normal -0.986643332084879 0.1628954733945889 0
    outer loop
      vertex -2.1921471959676957 -1.9509032201612824 0
      vertex -2.085551386261896 -1.3052619222005157 -1.2
      vertex -2.1921471959676957 -1.9509032201612824 -1.2
    endloop
  endfacet
  facet normal -0.9951847266721968 0.09801714032956098 0
    outer loop
      vertex -2.085551386261896 -1.3052619222005157 0
      vertex -2.0214107676139648 -0.6540312923014306 -1.2
      vertex -2.085551386261896 -1.3052619222005157 -1.2
    endloop
  endfacet
  facet normal -0.9994645874763657 0.03271908282177589 0
    outer loop
      vertex -2.0214107676139648 -0.6540312923014306 0
      vertex -2 0 -1.2
      vertex -2.0214107676139648 -0.6540312923014306 -1.2
    endloop
  endfacet
  facet normal 0.7730104533627372 0.6343932841636452 0
    outer loop
      vertex -19.518398074789776 -6.593458151000688 0
      vertex -19.518398074789776 -6.593458151000688 -1.2
      vertex -19.933533402912353 -6.087614290087206 0
    endloop
  endfacet
  facet normal 0.8128466845916161 0.5824776968678009 0
    outer loop
      vertex -19.933533402912353 -6.087614290087206 0
      vertex -19.933533402912353 -6.087614290087206 -1.2
      vertex -20.314696123025453 -5.555702330196022 0
    endloop
  endfacet
  facet normal 0.8492021815265794 0.528067850650367 0
    outer loop
      vertex -20.314696123025453 -5.555702330196022 0
      vertex -20.314696123025453 -5.555702330196022 -1.2
      vertex -20.660254037844386 -5 0
    endloop
  endfacet
  facet normal 0.881921264348355 0.47139673682599753 0
    outer loop
      vertex -20.660254037844386 -5 0
      vertex -20.660254037844386 -5 -1.2
      vertex -20.96872741532688 -4.4228869021900135 0
    endloop
  endfacet
  facet normal 0.9108638249211749 0.4127070298043966 0
    outer loop
      vertex -20.96872741532688 -4.4228869021900135 0
      vertex -20.96872741532688 -4.4228869021900135 -1.2
      vertex -21.238795325112868 -3.826834323650898 0
    endloop
  endfacet
  facet normal 0.9359059267573248 0.35225004792123604 0
    outer loop
      vertex -21.238795325112868 -3.826834323650898 0
      vertex -21.238795325112868 -3.826834323650898 -1.2
      vertex -21.46930129495106 -3.214394653031616 0
    endloop
  endfacet
  facet normal 0.9569403357322106 0.29028467725445667 0
    outer loop
      vertex -21.46930129495106 -3.214394653031616 0
      vertex -21.46930129495106 -3.214394653031616 -1.2
      vertex -21.65925826289068 -2.5881904510252074 0
    endloop
  endfacet
  facet normal 0.973876979277333 0.2270762630343754 0
    outer loop
      vertex -21.65925826289068 -2.5881904510252074 0
      vertex -21.65925826289068 -2.5881904510252074 -1.2
      vertex -21.807852804032304 -1.9509032201612824 0
    endloop
  endfacet
  facet normal 0.9866433320848793 0.1628954733945863 0
    outer loop
      vertex -21.807852804032304 -1.9509032201612824 0
      vertex -21.807852804032304 -1.9509032201612824 -1.2
      vertex -21.914448613738102 -1.3052619222005157 0
    endloop
  endfacet
  facet normal 0.9951847266721966 0.09801714032956367 0
    outer loop
      vertex -21.914448613738102 -1.3052619222005157 0
      vertex -21.914448613738102 -1.3052619222005157 -1.2
      vertex -21.978589232386035 -0.6540312923014306 0
    endloop
  endfacet
  facet normal 0.9994645874763657 0.03271908282177589 0
    outer loop
      vertex -21.978589232386035 -0.6540312923014306 0
      vertex -21.978589232386035 -0.6540312923014306 -1.2
      vertex -22 0 0
    endloop
  endfacet
  facet normal 0.6835923020228719 0.7298640726978349 -2.855759954606917e-19
    outer loop
      vertex -19.071067811865476 -7.0710678118654755 0
      vertex -18.59345815100069 -7.518398074789775 0
      vertex -18.59345815100069 -7.518398074789775 -1.2
    endloop
  endfacet
  facet normal 0.7298640726978349 0.683592302022872 0
    outer loop
      vertex -19.071067811865476 -7.0710678118654755 0
      vertex -19.071067811865476 -7.0710678118654755 -1.2
      vertex -19.518398074789776 -6.593458151000688 0
    endloop
  endfacet
  facet normal -0.6835923020228714 0.7298640726978356 1.140424976363486e-17
    outer loop
      vertex -5.406541848999312 -7.518398074789775 0
      vertex -4.9289321881345245 -7.0710678118654755 0
      vertex -4.9289321881345245 -7.0710678118654755 -1.2
    endloop
  endfacet
  facet normal -0.7298640726978356 0.6835923020228714 1.140424976363486e-17
    outer loop
      vertex -4.9289321881345245 -7.0710678118654755 0
      vertex -4.481601925210225 -6.593458151000688 0
      vertex -4.481601925210225 -6.593458151000688 -1.2
    endloop
  endfacet
  facet normal -0.7730104533627379 0.6343932841636444 -8.339351927863877e-19
    outer loop
      vertex -4.481601925210225 -6.593458151000688 0
      vertex -4.066466597087649 -6.087614290087206 0
      vertex -4.066466597087649 -6.087614290087206 -1.2
    endloop
  endfacet
  facet normal -0.8128466845916149 0.5824776968678027 -1.3569276215329262e-17
    outer loop
      vertex -4.066466597087649 -6.087614290087206 0
      vertex -3.6853038769745474 -5.555702330196022 0
      vertex -3.6853038769745474 -5.555702330196022 -1.2
    endloop
  endfacet
  facet normal -0.8492021815265794 0.528067850650367 1.5507743846149708e-17
    outer loop
      vertex -3.6853038769745474 -5.555702330196022 0
      vertex -3.3397459621556145 -5 0
      vertex -3.3397459621556145 -5 -1.2
    endloop
  endfacet
  facet normal -0.881921264348355 0.47139673682599753 -1.1497561964409149e-17
    outer loop
      vertex -3.3397459621556145 -5 0
      vertex -3.0312725846731183 -4.4228869021900135 0
      vertex -3.0312725846731183 -4.4228869021900135 -1.2
    endloop
  endfacet
  facet normal -0.9108638249211749 0.4127070298043966 -1.4366726986535703e-17
    outer loop
      vertex -3.0312725846731183 -4.4228869021900135 0
      vertex -2.761204674887132 -3.826834323650898 0
      vertex -2.761204674887132 -3.826834323650898 -1.2
    endloop
  endfacet
  facet normal -0.9359059267573258 0.3522500479212337 -9.43182538730512e-18
    outer loop
      vertex -2.761204674887132 -3.826834323650898 0
      vertex -2.530698705048943 -3.214394653031616 0
      vertex -2.530698705048943 -3.214394653031616 -1.2
    endloop
  endfacet
  facet normal -0.9569403357322092 0.2902846772544616 6.852849706694298e-18
    outer loop
      vertex -2.530698705048943 -3.214394653031616 0
      vertex -2.340741737109317 -2.5881904510252074 0
      vertex -2.340741737109317 -2.5881904510252074 -1.2
    endloop
  endfacet
  facet normal -0.9738769792773337 0.22707626303437284 3.2035571927087897e-19
    outer loop
      vertex -2.340741737109317 -2.5881904510252074 0
      vertex -2.1921471959676957 -1.9509032201612824 0
      vertex -2.1921471959676957 -1.9509032201612824 -1.2
    endloop
  endfacet
  facet normal -0.986643332084879 0.1628954733945889 -9.800805480692182e-19
    outer loop
      vertex -2.1921471959676957 -1.9509032201612824 0
      vertex -2.085551386261896 -1.3052619222005157 0
      vertex -2.085551386261896 -1.3052619222005157 -1.2
    endloop
  endfacet
  facet normal -0.9951847266721968 0.09801714032956098 -1.0492495838091292e-18
    outer loop
      vertex -2.085551386261896 -1.3052619222005157 0
      vertex -2.0214107676139648 -0.6540312923014306 0
      vertex -2.0214107676139648 -0.6540312923014306 -1.2
    endloop
  endfacet
  facet normal -0.9994645874763657 0.03271908282177589 -9.033811953629593e-19
    outer loop
      vertex -2.0214107676139648 -0.6540312923014306 0
      vertex -2 0 0
      vertex -2 0 -1.2
    endloop
  endfacet
  facet normal 0 0 -1
    outer loop
      vertex -19.518398074789776 -6.593458151000688 0
      vertex -19.933533402912353 -6.087614290087206 0
      vertex -19.933533402912353 6.087614290087206 0
    endloop
  endfacet
  facet normal 0 0 -1
    outer loop
      vertex -19.933533402912353 -6.087614290087206 0
      vertex -20.314696123025453 -5.555702330196022 0
      vertex -20.314696123025453 5.555702330196022 0
    endloop
  endfacet
  facet normal 0 0 -1
    outer loop
      vertex -20.660254037844386 -5 0
      vertex -20.96872741532688 -4.4228869021900135 0
      vertex -20.96872741532688 4.4228869021900135 0
    endloop
  endfacet
  facet normal 0 0 -1
    outer loop
      vertex -20.96872741532688 -4.4228869021900135 0
      vertex -21.238795325112868 -3.826834323650898 0
      vertex -21.238795325112868 3.826834323650898 0
    endloop
  endfacet
  facet normal 0 0 -1
    outer loop
      vertex -20.314696123025453 -5.555702330196022 0
      vertex -20.660254037844386 -5 0
      vertex -20.660254037844386 5 0
    endloop
  endfacet
  facet normal 0 0 -1
    outer loop
      vertex -21.238795325112868 -3.826834323650898 0
      vertex -21.46930129495106 -3.214394653031616 0
      vertex -21.46930129495106 3.214394653031616 0
    endloop
  endfacet
  facet normal 0 0 -1
    outer loop
      vertex -21.46930129495106 -3.214394653031616 0
      vertex -21.65925826289068 -2.5881904510252074 0
      vertex -21.65925826289068 2.5881904510252074 0
    endloop
  endfacet
  facet normal 0 0 -1
    outer loop
      vertex -21.914448613738102 -1.3052619222005157 0
      vertex -21.978589232386035 -0.6540312923014306 0
      vertex -21.978589232386035 0.6540312923014306 0
    endloop
  endfacet
  facet normal 0 0 -1
    outer loop
      vertex -21.65925826289068 -2.5881904510252074 0
      vertex -21.807852804032304 -1.9509032201612824 0
      vertex -21.807852804032304 1.9509032201612824 0
    endloop
  endfacet
  facet normal 0 0 -1
    outer loop
      vertex -21.807852804032304 -1.9509032201612824 0
      vertex -21.914448613738102 -1.3052619222005157 0
      vertex -21.914448613738102 1.3052619222005157 0
    endloop
  endfacet
  facet normal 0 0 -1
    outer loop
      vertex -17 -8.660254037844386 0
      vertex -17.55570233019602 -8.314696123025453 0
      vertex -17.55570233019602 8.314696123025453 0
    endloop
  endfacet
  facet normal 0 0 -1
    outer loop
      vertex -15.826834323650898 -9.238795325112868 0
      vertex -16.422886902190015 -8.968727415326882 0
      vertex -16.422886902190015 8.968727415326882 0
    endloop
  endfacet
  facet normal 0 0 -1
    outer loop
      vertex -17 -8.660254037844386 0
      vertex -17 8.660254037844386 0
      vertex -16.422886902190015 -8.968727415326882 0
    endloop
  endfacet
  facet normal 0 0 -1
    outer loop
      vertex -15.826834323650898 -9.238795325112868 0
      vertex -15.826834323650898 9.238795325112868 0
      vertex -15.214394653031615 -9.469301294951057 0
    endloop
  endfacet
  facet normal 0 0 -1
    outer loop
      vertex -14.588190451025207 -9.659258262890683 0
      vertex -15.214394653031615 -9.469301294951057 0
      vertex -15.214394653031615 9.469301294951057 0
    endloop
  endfacet
  facet normal 0 0 -1
    outer loop
      vertex -18.087614290087206 -7.933533402912351 0
      vertex -18.59345815100069 -7.518398074789775 0
      vertex -18.59345815100069 7.518398074789775 0
    endloop
  endfacet
  facet normal 0 0 -1
    outer loop
      vertex -19.071067811865476 -7.0710678118654755 0
      vertex -19.071067811865476 7.0710678118654755 0
      vertex -18.59345815100069 -7.518398074789775 0
    endloop
  endfacet
  facet normal 0 0 -1
    outer loop
      vertex -19.071067811865476 -7.0710678118654755 0
      vertex -19.518398074789776 -6.593458151000688 0
      vertex -19.518398074789776 6.593458151000688 0
    endloop
  endfacet
  facet normal 0 0 -1
    outer loop
      vertex -17.55570233019602 -8.314696123025453 0
      vertex -18.087614290087206 -7.933533402912351 0
      vertex -18.087614290087206 7.933533402912351 0
    endloop
  endfacet
  facet normal 0 0 -1
    outer loop
      vertex -13.950903220161283 -9.807852804032304 0
      vertex -13.950903220161283 9.807852804032304 0
      vertex -13.305261922200515 -9.914448613738104 0
    endloop
  endfacet
  facet normal 0 0 -1
    outer loop
      vertex -12.65403129230143 -9.978589232386035 0
      vertex -13.305261922200515 -9.914448613738104 0
      vertex -13.305261922200515 9.914448613738104 0
    endloop
  endfacet
  facet normal 0 0 -1
    outer loop
      vertex -12.65403129230143 -9.978589232386035 0
      vertex -12.65403129230143 9.978589232386035 0
      vertex -12 -10 0
    endloop
  endfacet
  facet normal 0 0 -1
    outer loop
      vertex -14.588190451025207 -9.659258262890683 0
      vertex -14.588190451025207 9.659258262890683 0
      vertex -13.950903220161283 -9.807852804032304 0
    endloop
  endfacet
  facet normal 0 0 -1
    outer loop
      vertex -12 -10 0
      vertex -12 10 0
      vertex -11.34596870769857 -9.978589232386035 0
    endloop
  endfacet
  facet normal 0 0 -1
    outer loop
      vertex -11.34596870769857 -9.978589232386035 0
      vertex -11.34596870769857 9.978589232386035 0
      vertex -10.694738077799485 -9.914448613738104 0
    endloop
  endfacet
  facet normal 0 0 -1
    outer loop
      vertex -10.694738077799485 -9.914448613738104 0
      vertex -10.694738077799485 9.914448613738104 0
      vertex -10.049096779838717 -9.807852804032304 0
    endloop
  endfacet
  facet normal 0 0 -1
    outer loop
      vertex -10.049096779838717 -9.807852804032304 0
      vertex -10.049096779838717 9.807852804032304 0
      vertex -9.411809548974793 -9.659258262890683 0
    endloop
  endfacet
  facet normal 0 0 -1
    outer loop
      vertex -9.411809548974793 -9.659258262890683 0
      vertex -9.411809548974793 9.659258262890683 0
      vertex -8.785605346968385 -9.469301294951057 0
    endloop
  endfacet
  facet normal 0 0 -1
    outer loop
      vertex -8.785605346968385 -9.469301294951057 0
      vertex -8.785605346968385 9.469301294951057 0
      vertex -8.173165676349102 -9.238795325112868 0
    endloop
  endfacet
  facet normal 0 0 -1
    outer loop
      vertex -8.173165676349102 -9.238795325112868 0
      vertex -8.173165676349102 9.238795325112868 0
      vertex -7.5771130978099865 -8.968727415326882 0
    endloop
  endfacet
  facet normal 0 0 -1
    outer loop
      vertex -7.5771130978099865 -8.968727415326882 0
      vertex -7.5771130978099865 8.968727415326882 0
      vertex -7 -8.660254037844386 0
    endloop
  endfacet
  facet normal 0 0 -1
    outer loop
      vertex -7 -8.660254037844386 0
      vertex -7 8.660254037844386 0
      vertex -6.444297669803978 -8.314696123025453 0
    endloop
  endfacet
  facet normal 0 0 -1
    outer loop
      vertex -6.444297669803978 -8.314696123025453 0
      vertex -6.444297669803978 8.314696123025453 0
      vertex -5.912385709912794 -7.933533402912351 0
    endloop
  endfacet
  facet normal 0 0 -1
    outer loop
      vertex -5.912385709912794 -7.933533402912351 0
      vertex -5.912385709912794 7.933533402912351 0
      vertex -5.406541848999312 -7.518398074789775 0
    endloop
  endfacet
  facet normal 0 0 -1
    outer loop
      vertex -5.406541848999312 -7.518398074789775 0
      vertex -5.406541848999312 7.518398074789775 0
      vertex -4.9289321881345245 -7.0710678118654755 0
    endloop
  endfacet
  facet normal 0 0 -1
    outer loop
      vertex -4.9289321881345245 -7.0710678118654755 0
      vertex -4.9289321881345245 7.0710678118654755 0
      vertex -4.481601925210225 -6.593458151000688 0
    endloop
  endfacet
  facet normal 0 0 -1
    outer loop
      vertex -4.481601925210225 -6.593458151000688 0
      vertex -4.481601925210225 6.593458151000688 0
      vertex -4.066466597087649 -6.087614290087206 0
    endloop
  endfacet
  facet normal 0 0 -1
    outer loop
      vertex -4.066466597087649 -6.087614290087206 0
      vertex -4.066466597087649 6.087614290087206 0
      vertex -3.6853038769745474 -5.555702330196022 0
    endloop
  endfacet
  facet normal 0 0 -1
    outer loop
      vertex -3.6853038769745474 -5.555702330196022 0
      vertex -3.6853038769745474 5.555702330196022 0
      vertex -3.3397459621556145 -5 0
    endloop
  endfacet
  facet normal 0 0 -1
    outer loop
      vertex -3.3397459621556145 -5 0
      vertex -3.3397459621556145 5 0
      vertex -3.0312725846731183 -4.4228869021900135 0
    endloop
  endfacet
  facet normal 0 0 -1
    outer loop
      vertex -3.0312725846731183 -4.4228869021900135 0
      vertex -3.0312725846731183 4.4228869021900135 0
      vertex -2.761204674887132 -3.826834323650898 0
    endloop
  endfacet
  facet normal 0 0 -1
    outer loop
      vertex -2.761204674887132 -3.826834323650898 0
      vertex -2.761204674887132 3.826834323650898 0
      vertex -2.530698705048943 -3.214394653031616 0
    endloop
  endfacet
  facet normal 0 0 -1
    outer loop
      vertex -2.530698705048943 -3.214394653031616 0
      vertex -2.530698705048943 3.214394653031616 0
      vertex -2.340741737109317 -2.5881904510252074 0
    endloop
  endfacet
  facet normal 0 0 -1
    outer loop
      vertex -2.340741737109317 -2.5881904510252074 0
      vertex -2.340741737109317 2.5881904510252074 0
      vertex -2.1921471959676957 -1.9509032201612824 0
    endloop
  endfacet
  facet normal 0 0 -1
    outer loop
      vertex -2.1921471959676957 -1.9509032201612824 0
      vertex -2.1921471959676957 1.9509032201612824 0
      vertex -2.085551386261896 -1.3052619222005157 0
    endloop
  endfacet
  facet normal 0 0 -1
    outer loop
      vertex -2.085551386261896 -1.3052619222005157 0
      vertex -2.085551386261896 1.3052619222005157 0
      vertex -2.0214107676139648 -0.6540312923014306 0
    endloop
  endfacet
  facet normal 0.9994645874763657 -0.03271908282177589 0
    outer loop
      vertex -21.978589232386035 0.6540312923014306 0
      vertex -22 0 -1.2
      vertex -21.978589232386035 0.6540312923014306 -1.2
    endloop
  endfacet
  facet normal 0.9951847266721966 -0.09801714032956367 0
    outer loop
      vertex -21.914448613738102 1.3052619222005157 0
      vertex -21.978589232386035 0.6540312923014306 -1.2
      vertex -21.914448613738102 1.3052619222005157 -1.2
    endloop
  endfacet
  facet normal 0.9866433320848793 -0.1628954733945863 0
    outer loop
      vertex -21.807852804032304 1.9509032201612824 0
      vertex -21.914448613738102 1.3052619222005157 -1.2
      vertex -21.807852804032304 1.9509032201612824 -1.2
    endloop
  endfacet
  facet normal 0.973876979277333 -0.2270762630343754 0
    outer loop
      vertex -21.65925826289068 2.5881904510252074 0
      vertex -21.807852804032304 1.9509032201612824 -1.2
      vertex -21.65925826289068 2.5881904510252074 -1.2
    endloop
  endfacet
  facet normal 0.9569403357322106 -0.29028467725445667 0
    outer loop
      vertex -21.46930129495106 3.214394653031616 0
      vertex -21.65925826289068 2.5881904510252074 -1.2
      vertex -21.46930129495106 3.214394653031616 -1.2
    endloop
  endfacet
  facet normal 0.9359059267573248 -0.35225004792123604 0
    outer loop
      vertex -21.238795325112868 3.826834323650898 0
      vertex -21.46930129495106 3.214394653031616 -1.2
      vertex -21.238795325112868 3.826834323650898 -1.2
    endloop
  endfacet
  facet normal 0.9108638249211749 -0.4127070298043966 0
    outer loop
      vertex -20.96872741532688 4.4228869021900135 0
      vertex -21.238795325112868 3.826834323650898 -1.2
      vertex -20.96872741532688 4.4228869021900135 -1.2
    endloop
  endfacet
  facet normal 0.881921264348355 -0.47139673682599753 0
    outer loop
      vertex -20.660254037844386 5 0
      vertex -20.96872741532688 4.4228869021900135 -1.2
      vertex -20.660254037844386 5 -1.2
    endloop
  endfacet
  facet normal 0.8492021815265794 -0.528067850650367 0
    outer loop
      vertex -20.314696123025453 5.555702330196022 0
      vertex -20.660254037844386 5 -1.2
      vertex -20.314696123025453 5.555702330196022 -1.2
    endloop
  endfacet
  facet normal 0.8128466845916161 -0.5824776968678009 0
    outer loop
      vertex -19.933533402912353 6.087614290087206 0
      vertex -20.314696123025453 5.555702330196022 -1.2
      vertex -19.933533402912353 6.087614290087206 -1.2
    endloop
  endfacet
  facet normal 0.7730104533627372 -0.6343932841636452 0
    outer loop
      vertex -19.518398074789776 6.593458151000688 0
      vertex -19.933533402912353 6.087614290087206 -1.2
      vertex -19.518398074789776 6.593458151000688 -1.2
    endloop
  endfacet
  facet normal -0.9994645874763657 -0.03271908282177589 0
    outer loop
      vertex -2 0 0
      vertex -2.0214107676139648 0.6540312923014306 -1.2
      vertex -2 0 -1.2
    endloop
  endfacet
  facet normal -0.9951847266721968 -0.09801714032956098 0
    outer loop
      vertex -2.0214107676139648 0.6540312923014306 0
      vertex -2.085551386261896 1.3052619222005157 -1.2
      vertex -2.0214107676139648 0.6540312923014306 -1.2
    endloop
  endfacet
  facet normal -0.986643332084879 -0.1628954733945889 0
    outer loop
      vertex -2.085551386261896 1.3052619222005157 0
      vertex -2.1921471959676957 1.9509032201612824 -1.2
      vertex -2.085551386261896 1.3052619222005157 -1.2
    endloop
  endfacet
  facet normal -0.9738769792773337 -0.22707626303437284 0
    outer loop
      vertex -2.1921471959676957 1.9509032201612824 0
      vertex -2.340741737109317 2.5881904510252074 -1.2
      vertex -2.1921471959676957 1.9509032201612824 -1.2
    endloop
  endfacet
  facet normal -0.9569403357322092 -0.2902846772544616 0
    outer loop
      vertex -2.340741737109317 2.5881904510252074 0
      vertex -2.530698705048943 3.214394653031616 -1.2
      vertex -2.340741737109317 2.5881904510252074 -1.2
    endloop
  endfacet
  facet normal -0.9359059267573258 -0.3522500479212337 0
    outer loop
      vertex -2.530698705048943 3.214394653031616 0
      vertex -2.761204674887132 3.826834323650898 -1.2
      vertex -2.530698705048943 3.214394653031616 -1.2
    endloop
  endfacet
  facet normal 0.7298640726978349 -0.683592302022872 0
    outer loop
      vertex -19.071067811865476 7.0710678118654755 0
      vertex -19.518398074789776 6.593458151000688 -1.2
      vertex -19.071067811865476 7.0710678118654755 -1.2
    endloop
  endfacet
  facet normal 0.6835923020228719 -0.7298640726978349 0
    outer loop
      vertex -18.59345815100069 7.518398074789775 0
      vertex -19.071067811865476 7.0710678118654755 -1.2
      vertex -18.59345815100069 7.518398074789775 -1.2
    endloop
  endfacet
  facet normal -0.9108638249211749 -0.4127070298043966 0
    outer loop
      vertex -2.761204674887132 3.826834323650898 0
      vertex -3.0312725846731183 4.4228869021900135 -1.2
      vertex -2.761204674887132 3.826834323650898 -1.2
    endloop
  endfacet
  facet normal -0.881921264348355 -0.47139673682599753 0
    outer loop
      vertex -3.0312725846731183 4.4228869021900135 0
      vertex -3.3397459621556145 5 -1.2
      vertex -3.0312725846731183 4.4228869021900135 -1.2
    endloop
  endfacet
  facet normal -0.8492021815265794 -0.528067850650367 0
    outer loop
      vertex -3.3397459621556145 5 0
      vertex -3.6853038769745474 5.555702330196022 -1.2
      vertex -3.3397459621556145 5 -1.2
    endloop
  endfacet
  facet normal -0.6835923020228714 -0.7298640726978356 0
    outer loop
      vertex -4.9289321881345245 7.0710678118654755 0
      vertex -5.406541848999312 7.518398074789775 -1.2
      vertex -4.9289321881345245 7.0710678118654755 -1.2
    endloop
  endfacet
  facet normal -0.8128466845916149 -0.5824776968678027 0
    outer loop
      vertex -3.6853038769745474 5.555702330196022 0
      vertex -4.066466597087649 6.087614290087206 -1.2
      vertex -3.6853038769745474 5.555702330196022 -1.2
    endloop
  endfacet
  facet normal -0.7730104533627379 -0.6343932841636444 0
    outer loop
      vertex -4.066466597087649 6.087614290087206 0
      vertex -4.481601925210225 6.593458151000688 -1.2
      vertex -4.066466597087649 6.087614290087206 -1.2
    endloop
  endfacet
  facet normal -0.7298640726978356 -0.6835923020228714 0
    outer loop
      vertex -4.481601925210225 6.593458151000688 0
      vertex -4.9289321881345245 7.0710678118654755 -1.2
      vertex -4.481601925210225 6.593458151000688 -1.2
    endloop
  endfacet
  facet normal 0.9994645874763657 -0.03271908282177589 0
    outer loop
      vertex -22 0 0
      vertex -22 0 -1.2
      vertex -21.978589232386035 0.6540312923014306 0
    endloop
  endfacet
  facet normal 0.9951847266721966 -0.09801714032956367 0
    outer loop
      vertex -21.978589232386035 0.6540312923014306 0
      vertex -21.978589232386035 0.6540312923014306 -1.2
      vertex -21.914448613738102 1.3052619222005157 0
    endloop
  endfacet
  facet normal 0.9866433320848793 -0.1628954733945863 0
    outer loop
      vertex -21.914448613738102 1.3052619222005157 0
      vertex -21.914448613738102 1.3052619222005157 -1.2
      vertex -21.807852804032304 1.9509032201612824 0
    endloop
  endfacet
  facet normal 0.973876979277333 -0.2270762630343754 0
    outer loop
      vertex -21.807852804032304 1.9509032201612824 0
      vertex -21.807852804032304 1.9509032201612824 -1.2
      vertex -21.65925826289068 2.5881904510252074 0
    endloop
  endfacet
  facet normal 0.9569403357322106 -0.29028467725445667 0
    outer loop
      vertex -21.65925826289068 2.5881904510252074 0
      vertex -21.65925826289068 2.5881904510252074 -1.2
      vertex -21.46930129495106 3.214394653031616 0
    endloop
  endfacet
  facet normal 0.9359059267573248 -0.35225004792123604 0
    outer loop
      vertex -21.46930129495106 3.214394653031616 0
      vertex -21.46930129495106 3.214394653031616 -1.2
      vertex -21.238795325112868 3.826834323650898 0
    endloop
  endfacet
  facet normal 0.9108638249211749 -0.4127070298043966 0
    outer loop
      vertex -21.238795325112868 3.826834323650898 0
      vertex -21.238795325112868 3.826834323650898 -1.2
      vertex -20.96872741532688 4.4228869021900135 0
    endloop
  endfacet
  facet normal 0.881921264348355 -0.47139673682599753 0
    outer loop
      vertex -20.96872741532688 4.4228869021900135 0
      vertex -20.96872741532688 4.4228869021900135 -1.2
      vertex -20.660254037844386 5 0
    endloop
  endfacet
  facet normal 0.8492021815265794 -0.528067850650367 0
    outer loop
      vertex -20.660254037844386 5 0
      vertex -20.660254037844386 5 -1.2
      vertex -20.314696123025453 5.555702330196022 0
    endloop
  endfacet
  facet normal 0.8128466845916161 -0.5824776968678009 0
    outer loop
      vertex -20.314696123025453 5.555702330196022 0
      vertex -20.314696123025453 5.555702330196022 -1.2
      vertex -19.933533402912353 6.087614290087206 0
    endloop
  endfacet
  facet normal 0.7730104533627372 -0.6343932841636452 0
    outer loop
      vertex -19.933533402912353 6.087614290087206 0
      vertex -19.933533402912353 6.087614290087206 -1.2
      vertex -19.518398074789776 6.593458151000688 0
    endloop
  endfacet
  facet normal -0.9994645874763657 -0.03271908282177589 9.033811953629593e-19
    outer loop
      vertex -2 0 0
      vertex -2.0214107676139648 0.6540312923014306 0
      vertex -2.0214107676139648 0.6540312923014306 -1.2
    endloop
  endfacet
  facet normal -0.9951847266721968 -0.09801714032956098 1.0492495838091292e-18
    outer loop
      vertex -2.0214107676139648 0.6540312923014306 0
      vertex -2.085551386261896 1.3052619222005157 0
      vertex -2.085551386261896 1.3052619222005157 -1.2
    endloop
  endfacet
  facet normal -0.986643332084879 -0.1628954733945889 9.800805480692182e-19
    outer loop
      vertex -2.085551386261896 1.3052619222005157 0
      vertex -2.1921471959676957 1.9509032201612824 0
      vertex -2.1921471959676957 1.9509032201612824 -1.2
    endloop
  endfacet
  facet normal -0.9738769792773337 -0.22707626303437284 -3.2035571927087897e-19
    outer loop
      vertex -2.1921471959676957 1.9509032201612824 0
      vertex -2.340741737109317 2.5881904510252074 0
      vertex -2.340741737109317 2.5881904510252074 -1.2
    endloop
  endfacet
  facet normal -0.9569403357322092 -0.2902846772544616 -6.852849706694298e-18
    outer loop
      vertex -2.340741737109317 2.5881904510252074 0
      vertex -2.530698705048943 3.214394653031616 0
      vertex -2.530698705048943 3.214394653031616 -1.2
    endloop
  endfacet
  facet normal -0.9359059267573258 -0.3522500479212337 9.43182538730512e-18
    outer loop
      vertex -2.530698705048943 3.214394653031616 0
      vertex -2.761204674887132 3.826834323650898 0
      vertex -2.761204674887132 3.826834323650898 -1.2
    endloop
  endfacet
  facet normal 0.7298640726978349 -0.683592302022872 0
    outer loop
      vertex -19.518398074789776 6.593458151000688 0
      vertex -19.518398074789776 6.593458151000688 -1.2
      vertex -19.071067811865476 7.0710678118654755 0
    endloop
  endfacet
  facet normal 0.6835923020228719 -0.7298640726978349 0
    outer loop
      vertex -19.071067811865476 7.0710678118654755 0
      vertex -19.071067811865476 7.0710678118654755 -1.2
      vertex -18.59345815100069 7.518398074789775 0
    endloop
  endfacet
  facet normal -0.9108638249211749 -0.4127070298043966 1.4366726986535703e-17
    outer loop
      vertex -2.761204674887132 3.826834323650898 0
      vertex -3.0312725846731183 4.4228869021900135 0
      vertex -3.0312725846731183 4.4228869021900135 -1.2
    endloop
  endfacet
  facet normal -0.881921264348355 -0.47139673682599753 1.1497561964409149e-17
    outer loop
      vertex -3.0312725846731183 4.4228869021900135 0
      vertex -3.3397459621556145 5 0
      vertex -3.3397459621556145 5 -1.2
    endloop
  endfacet
  facet normal -0.8492021815265794 -0.528067850650367 -1.5507743846149708e-17
    outer loop
      vertex -3.3397459621556145 5 0
      vertex -3.6853038769745474 5.555702330196022 0
      vertex -3.6853038769745474 5.555702330196022 -1.2
    endloop
  endfacet
  facet normal -0.6835923020228714 -0.7298640726978356 -1.140424976363486e-17
    outer loop
      vertex -4.9289321881345245 7.0710678118654755 0
      vertex -5.406541848999312 7.518398074789775 0
      vertex -5.406541848999312 7.518398074789775 -1.2
    endloop
  endfacet
  facet normal -0.8128466845916149 -0.5824776968678027 1.3569276215329262e-17
    outer loop
      vertex -3.6853038769745474 5.555702330196022 0
      vertex -4.066466597087649 6.087614290087206 0
      vertex -4.066466597087649 6.087614290087206 -1.2
    endloop
  endfacet
  facet normal -0.7730104533627379 -0.6343932841636444 8.339351927863877e-19
    outer loop
      vertex -4.066466597087649 6.087614290087206 0
      vertex -4.481601925210225 6.593458151000688 0
      vertex -4.481601925210225 6.593458151000688 -1.2
    endloop
  endfacet
  facet normal -0.7298640726978356 -0.6835923020228714 -1.140424976363486e-17
    outer loop
      vertex -4.481601925210225 6.593458151000688 0
      vertex -4.9289321881345245 7.0710678118654755 0
      vertex -4.9289321881345245 7.0710678118654755 -1.2
    endloop
  endfacet
  facet normal 0.6343932841636437 -0.7730104533627384 0
    outer loop
      vertex -18.087614290087206 7.933533402912351 0
      vertex -18.59345815100069 7.518398074789775 -1.2
      vertex -18.087614290087206 7.933533402912351 -1.2
    endloop
  endfacet
  facet normal 0.5824776968678014 -0.8128466845916157 0
    outer loop
      vertex -17.55570233019602 8.314696123025453 0
      vertex -18.087614290087206 7.933533402912351 -1.2
      vertex -17.55570233019602 8.314696123025453 -1.2
    endloop
  endfacet
  facet normal 0.5280678506503682 -0.8492021815265787 0
    outer loop
      vertex -17 8.660254037844386 0
      vertex -17.55570233019602 8.314696123025453 -1.2
      vertex -17 8.660254037844386 -1.2
    endloop
  endfacet
  facet normal 0.4713967368259987 -0.8819212643483545 0
    outer loop
      vertex -16.422886902190015 8.968727415326882 0
      vertex -17 8.660254037844386 -1.2
      vertex -16.422886902190015 8.968727415326882 -1.2
    endloop
  endfacet
  facet normal 0.41270702980439555 -0.9108638249211755 0
    outer loop
      vertex -15.826834323650898 9.238795325112868 0
      vertex -16.422886902190015 8.968727415326882 -1.2
      vertex -15.826834323650898 9.238795325112868 -1.2
    endloop
  endfacet
  facet normal 0.3522500479212332 -0.9359059267573259 0
    outer loop
      vertex -15.214394653031615 9.469301294951057 0
      vertex -15.826834323650898 9.238795325112868 -1.2
      vertex -15.214394653031615 9.469301294951057 -1.2
    endloop
  endfacet
  facet normal 0.29028467725446205 -0.956940335732209 0
    outer loop
      vertex -14.588190451025207 9.659258262890683 0
      vertex -15.214394653031615 9.469301294951057 -1.2
      vertex -14.588190451025207 9.659258262890683 -1.2
    endloop
  endfacet
  facet normal 0.22707626303437317 -0.9738769792773336 0
    outer loop
      vertex -13.950903220161283 9.807852804032304 0
      vertex -14.588190451025207 9.659258262890683 -1.2
      vertex -13.950903220161283 9.807852804032304 -1.2
    endloop
  endfacet
  facet normal 0.16289547339458849 -0.9866433320848791 0
    outer loop
      vertex -13.305261922200515 9.914448613738104 0
      vertex -13.950903220161283 9.807852804032304 -1.2
      vertex -13.305261922200515 9.914448613738104 -1.2
    endloop
  endfacet
  facet normal 0.09801714032956114 -0.9951847266721968 0
    outer loop
      vertex -12.65403129230143 9.978589232386035 0
      vertex -13.305261922200515 9.914448613738104 -1.2
      vertex -12.65403129230143 9.978589232386035 -1.2
    endloop
  endfacet
  facet normal 0.03271908282177588 -0.9994645874763657 0
    outer loop
      vertex -12 10 0
      vertex -12.65403129230143 9.978589232386035 -1.2
      vertex -12 10 -1.2
    endloop
  endfacet
  facet normal -0.16289547339458849 -0.9866433320848791 0
    outer loop
      vertex -10.049096779838717 9.807852804032304 0
      vertex -10.694738077799485 9.914448613738104 -1.2
      vertex -10.049096779838717 9.807852804032304 -1.2
    endloop
  endfacet
  facet normal -0.03271908282177588 -0.9994645874763657 0
    outer loop
      vertex -11.34596870769857 9.978589232386035 0
      vertex -12 10 -1.2
      vertex -11.34596870769857 9.978589232386035 -1.2
    endloop
  endfacet
  facet normal -0.09801714032956114 -0.9951847266721968 0
    outer loop
      vertex -10.694738077799485 9.914448613738104 0
      vertex -11.34596870769857 9.978589232386035 -1.2
      vertex -10.694738077799485 9.914448613738104 -1.2
    endloop
  endfacet
  facet normal -0.6343932841636444 -0.7730104533627379 0
    outer loop
      vertex -5.406541848999312 7.518398074789775 0
      vertex -5.912385709912794 7.933533402912351 -1.2
      vertex -5.406541848999312 7.518398074789775 -1.2
    endloop
  endfacet
  facet normal -0.528067850650367 -0.8492021815265794 0
    outer loop
      vertex -6.444297669803978 8.314696123025453 0
      vertex -7 8.660254037844386 -1.2
      vertex -6.444297669803978 8.314696123025453 -1.2
    endloop
  endfacet
  facet normal -0.5824776968678027 -0.8128466845916149 0
    outer loop
      vertex -5.912385709912794 7.933533402912351 0
      vertex -6.444297669803978 8.314696123025453 -1.2
      vertex -5.912385709912794 7.933533402912351 -1.2
    endloop
  endfacet
  facet normal -0.4127070298043966 -0.9108638249211749 0
    outer loop
      vertex -7.5771130978099865 8.968727415326882 0
      vertex -8.173165676349102 9.238795325112868 -1.2
      vertex -7.5771130978099865 8.968727415326882 -1.2
    endloop
  endfacet
  facet normal -0.3522500479212332 -0.9359059267573259 0
    outer loop
      vertex -8.173165676349102 9.238795325112868 0
      vertex -8.785605346968385 9.469301294951057 -1.2
      vertex -8.173165676349102 9.238795325112868 -1.2
    endloop
  endfacet
  facet normal -0.47139673682599753 -0.881921264348355 0
    outer loop
      vertex -7 8.660254037844386 0
      vertex -7.5771130978099865 8.968727415326882 -1.2
      vertex -7 8.660254037844386 -1.2
    endloop
  endfacet
  facet normal -0.29028467725446205 -0.956940335732209 0
    outer loop
      vertex -8.785605346968385 9.469301294951057 0
      vertex -9.411809548974793 9.659258262890683 -1.2
      vertex -8.785605346968385 9.469301294951057 -1.2
    endloop
  endfacet
  facet normal -0.22707626303437317 -0.9738769792773336 0
    outer loop
      vertex -9.411809548974793 9.659258262890683 0
      vertex -10.049096779838717 9.807852804032304 -1.2
      vertex -9.411809548974793 9.659258262890683 -1.2
    endloop
  endfacet
  facet normal 0.6343932841636437 -0.7730104533627384 0
    outer loop
      vertex -18.59345815100069 7.518398074789775 0
      vertex -18.59345815100069 7.518398074789775 -1.2
      vertex -18.087614290087206 7.933533402912351 0
    endloop
  endfacet
  facet normal 0.5824776968678014 -0.8128466845916157 0
    outer loop
      vertex -18.087614290087206 7.933533402912351 0
      vertex -18.087614290087206 7.933533402912351 -1.2
      vertex -17.55570233019602 8.314696123025453 0
    endloop
  endfacet
  facet normal 0.5280678506503682 -0.8492021815265787 0
    outer loop
      vertex -17.55570233019602 8.314696123025453 0
      vertex -17.55570233019602 8.314696123025453 -1.2
      vertex -17 8.660254037844386 0
    endloop
  endfacet
  facet normal 0.4713967368259987 -0.8819212643483545 0
    outer loop
      vertex -17 8.660254037844386 0
      vertex -17 8.660254037844386 -1.2
      vertex -16.422886902190015 8.968727415326882 0
    endloop
  endfacet
  facet normal 0.41270702980439555 -0.9108638249211755 0
    outer loop
      vertex -16.422886902190015 8.968727415326882 0
      vertex -16.422886902190015 8.968727415326882 -1.2
      vertex -15.826834323650898 9.238795325112868 0
    endloop
  endfacet
  facet normal 0.3522500479212332 -0.9359059267573259 0
    outer loop
      vertex -15.826834323650898 9.238795325112868 0
      vertex -15.826834323650898 9.238795325112868 -1.2
      vertex -15.214394653031615 9.469301294951057 0
    endloop
  endfacet
  facet normal 0.29028467725446205 -0.956940335732209 0
    outer loop
      vertex -15.214394653031615 9.469301294951057 0
      vertex -15.214394653031615 9.469301294951057 -1.2
      vertex -14.588190451025207 9.659258262890683 0
    endloop
  endfacet
  facet normal 0.22707626303437317 -0.9738769792773336 0
    outer loop
      vertex -14.588190451025207 9.659258262890683 0
      vertex -14.588190451025207 9.659258262890683 -1.2
      vertex -13.950903220161283 9.807852804032304 0
    endloop
  endfacet
  facet normal 0.16289547339458849 -0.9866433320848791 0
    outer loop
      vertex -13.950903220161283 9.807852804032304 0
      vertex -13.950903220161283 9.807852804032304 -1.2
      vertex -13.305261922200515 9.914448613738104 0
    endloop
  endfacet
  facet normal 0.09801714032956114 -0.9951847266721968 0
    outer loop
      vertex -13.305261922200515 9.914448613738104 0
      vertex -13.305261922200515 9.914448613738104 -1.2
      vertex -12.65403129230143 9.978589232386035 0
    endloop
  endfacet
  facet normal 0.03271908282177588 -0.9994645874763657 0
    outer loop
      vertex -12.65403129230143 9.978589232386035 0
      vertex -12.65403129230143 9.978589232386035 -1.2
      vertex -12 10 0
    endloop
  endfacet
  facet normal -0.22707626303437317 -0.9738769792773336 0
    outer loop
      vertex -10.049096779838717 9.807852804032304 0
      vertex -10.049096779838717 9.807852804032304 -1.2
      vertex -9.411809548974793 9.659258262890683 0
    endloop
  endfacet
  facet normal -0.03271908282177588 -0.9994645874763657 0
    outer loop
      vertex -12 10 0
      vertex -12 10 -1.2
      vertex -11.34596870769857 9.978589232386035 0
    endloop
  endfacet
  facet normal -0.09801714032956114 -0.9951847266721968 0
    outer loop
      vertex -11.34596870769857 9.978589232386035 0
      vertex -11.34596870769857 9.978589232386035 -1.2
      vertex -10.694738077799485 9.914448613738104 0
    endloop
  endfacet
  facet normal -0.16289547339458849 -0.9866433320848791 0
    outer loop
      vertex -10.694738077799485 9.914448613738104 0
      vertex -10.694738077799485 9.914448613738104 -1.2
      vertex -10.049096779838717 9.807852804032304 0
    endloop
  endfacet
  facet normal -0.6343932841636444 -0.7730104533627379 0
    outer loop
      vertex -5.912385709912794 7.933533402912351 0
      vertex -5.912385709912794 7.933533402912351 -1.2
      vertex -5.406541848999312 7.518398074789775 0
    endloop
  endfacet
  facet normal -0.5824776968678027 -0.8128466845916149 1.3569276215329262e-17
    outer loop
      vertex -5.912385709912794 7.933533402912351 0
      vertex -6.444297669803978 8.314696123025453 0
      vertex -6.444297669803978 8.314696123025453 -1.2
    endloop
  endfacet
  facet normal -0.47139673682599753 -0.881921264348355 1.1497561964409149e-17
    outer loop
      vertex -7 8.660254037844386 0
      vertex -7.5771130978099865 8.968727415326882 0
      vertex -7.5771130978099865 8.968727415326882 -1.2
    endloop
  endfacet
  facet normal -0.4127070298043966 -0.9108638249211749 1.4366726986535703e-17
    outer loop
      vertex -7.5771130978099865 8.968727415326882 0
      vertex -8.173165676349102 9.238795325112868 0
      vertex -8.173165676349102 9.238795325112868 -1.2
    endloop
  endfacet
  facet normal -0.528067850650367 -0.8492021815265794 0
    outer loop
      vertex -7 8.660254037844386 0
      vertex -7 8.660254037844386 -1.2
      vertex -6.444297669803978 8.314696123025453 0
    endloop
  endfacet
  facet normal -0.29028467725446205 -0.956940335732209 0
    outer loop
      vertex -9.411809548974793 9.659258262890683 0
      vertex -9.411809548974793 9.659258262890683 -1.2
      vertex -8.785605346968385 9.469301294951057 0
    endloop
  endfacet
  facet normal -0.3522500479212332 -0.9359059267573259 0
    outer loop
      vertex -8.785605346968385 9.469301294951057 0
      vertex -8.785605346968385 9.469301294951057 -1.2
      vertex -8.173165676349102 9.238795325112868 0
    endloop
  endfacet
  facet normal 0 0 -1
    outer loop
      vertex -21.978589232386035 -0.6540312923014306 0
      vertex -22 0 0
      vertex -21.978589232386035 0.6540312923014306 0
    endloop
  endfacet
  facet normal 0 0 -1
    outer loop
      vertex -21.914448613738102 -1.3052619222005157 0
      vertex -21.978589232386035 0.6540312923014306 0
      vertex -21.914448613738102 1.3052619222005157 0
    endloop
  endfacet
  facet normal 0 0 -1
    outer loop
      vertex -21.807852804032304 -1.9509032201612824 0
      vertex -21.914448613738102 1.3052619222005157 0
      vertex -21.807852804032304 1.9509032201612824 0
    endloop
  endfacet
  facet normal 0 0 -1
    outer loop
      vertex -21.65925826289068 -2.5881904510252074 0
      vertex -21.807852804032304 1.9509032201612824 0
      vertex -21.65925826289068 2.5881904510252074 0
    endloop
  endfacet
  facet normal 0 0 -1
    outer loop
      vertex -21.46930129495106 -3.214394653031616 0
      vertex -21.65925826289068 2.5881904510252074 0
      vertex -21.46930129495106 3.214394653031616 0
    endloop
  endfacet
  facet normal 0 0 -1
    outer loop
      vertex -21.238795325112868 -3.826834323650898 0
      vertex -21.46930129495106 3.214394653031616 0
      vertex -21.238795325112868 3.826834323650898 0
    endloop
  endfacet
  facet normal 0 0 -1
    outer loop
      vertex -20.96872741532688 -4.4228869021900135 0
      vertex -21.238795325112868 3.826834323650898 0
      vertex -20.96872741532688 4.4228869021900135 0
    endloop
  endfacet
  facet normal 0 0 -1
    outer loop
      vertex -20.660254037844386 -5 0
      vertex -20.96872741532688 4.4228869021900135 0
      vertex -20.660254037844386 5 0
    endloop
  endfacet
  facet normal 0 0 -1
    outer loop
      vertex -20.314696123025453 -5.555702330196022 0
      vertex -20.660254037844386 5 0
      vertex -20.314696123025453 5.555702330196022 0
    endloop
  endfacet
  facet normal 0 0 -1
    outer loop
      vertex -19.933533402912353 -6.087614290087206 0
      vertex -20.314696123025453 5.555702330196022 0
      vertex -19.933533402912353 6.087614290087206 0
    endloop
  endfacet
  facet normal 0 0 -1
    outer loop
      vertex -19.518398074789776 -6.593458151000688 0
      vertex -19.933533402912353 6.087614290087206 0
      vertex -19.518398074789776 6.593458151000688 0
    endloop
  endfacet
  facet normal 0 0 -1
    outer loop
      vertex -19.071067811865476 -7.0710678118654755 0
      vertex -19.518398074789776 6.593458151000688 0
      vertex -19.071067811865476 7.0710678118654755 0
    endloop
  endfacet
  facet normal 0 0 -1
    outer loop
      vertex -18.59345815100069 -7.518398074789775 0
      vertex -19.071067811865476 7.0710678118654755 0
      vertex -18.59345815100069 7.518398074789775 0
    endloop
  endfacet
  facet normal 0 0 -1
    outer loop
      vertex -18.087614290087206 -7.933533402912351 0
      vertex -18.59345815100069 7.518398074789775 0
      vertex -18.087614290087206 7.933533402912351 0
    endloop
  endfacet
  facet normal 0 0 -1
    outer loop
      vertex -17.55570233019602 -8.314696123025453 0
      vertex -18.087614290087206 7.933533402912351 0
      vertex -17.55570233019602 8.314696123025453 0
    endloop
  endfacet
  facet normal 0 0 -1
    outer loop
      vertex -17 -8.660254037844386 0
      vertex -17.55570233019602 8.314696123025453 0
      vertex -17 8.660254037844386 0
    endloop
  endfacet
  facet normal 0 0 -1
    outer loop
      vertex -16.422886902190015 -8.968727415326882 0
      vertex -17 8.660254037844386 0
      vertex -16.422886902190015 8.968727415326882 0
    endloop
  endfacet
  facet normal 0 0 -1
    outer loop
      vertex -15.826834323650898 -9.238795325112868 0
      vertex -16.422886902190015 8.968727415326882 0
      vertex -15.826834323650898 9.238795325112868 0
    endloop
  endfacet
  facet normal 0 0 -1
    outer loop
      vertex -15.214394653031615 -9.469301294951057 0
      vertex -15.826834323650898 9.238795325112868 0
      vertex -15.214394653031615 9.469301294951057 0
    endloop
  endfacet
  facet normal 0 0 -1
    outer loop
      vertex -14.588190451025207 -9.659258262890683 0
      vertex -15.214394653031615 9.469301294951057 0
      vertex -14.588190451025207 9.659258262890683 0
    endloop
  endfacet
  facet normal 0 0 -1
    outer loop
      vertex -13.950903220161283 -9.807852804032304 0
      vertex -14.588190451025207 9.659258262890683 0
      vertex -13.950903220161283 9.807852804032304 0
    endloop
  endfacet
  facet normal 0 0 -1
    outer loop
      vertex -13.305261922200515 -9.914448613738104 0
      vertex -13.950903220161283 9.807852804032304 0
      vertex -13.305261922200515 9.914448613738104 0
    endloop
  endfacet
  facet normal 0 0 -1
    outer loop
      vertex -12.65403129230143 -9.978589232386035 0
      vertex -13.305261922200515 9.914448613738104 0
      vertex -12.65403129230143 9.978589232386035 0
    endloop
  endfacet
  facet normal 0 0 -1
    outer loop
      vertex -12 -10 0
      vertex -12.65403129230143 9.978589232386035 0
      vertex -12 10 0
    endloop
  endfacet
  facet normal 0 0 -1
    outer loop
      vertex -11.34596870769857 -9.978589232386035 0
      vertex -12 10 0
      vertex -11.34596870769857 9.978589232386035 0
    endloop
  endfacet
  facet normal 0 0 -1
    outer loop
      vertex -10.694738077799485 -9.914448613738104 0
      vertex -11.34596870769857 9.978589232386035 0
      vertex -10.694738077799485 9.914448613738104 0
    endloop
  endfacet
  facet normal 0 0 -1
    outer loop
      vertex -10.049096779838717 -9.807852804032304 0
      vertex -10.694738077799485 9.914448613738104 0
      vertex -10.049096779838717 9.807852804032304 0
    endloop
  endfacet
  facet normal 0 0 -1
    outer loop
      vertex -2.0214107676139648 -0.6540312923014306 0
      vertex -2.0214107676139648 0.6540312923014306 0
      vertex -2 0 0
    endloop
  endfacet
  facet normal 0 0 -1
    outer loop
      vertex -2.0214107676139648 -0.6540312923014306 0
      vertex -2.085551386261896 1.3052619222005157 0
      vertex -2.0214107676139648 0.6540312923014306 0
    endloop
  endfacet
  facet normal 0 0 -1
    outer loop
      vertex -2.085551386261896 -1.3052619222005157 0
      vertex -2.1921471959676957 1.9509032201612824 0
      vertex -2.085551386261896 1.3052619222005157 0
    endloop
  endfacet
  facet normal 0 0 -1
    outer loop
      vertex -2.1921471959676957 -1.9509032201612824 0
      vertex -2.340741737109317 2.5881904510252074 0
      vertex -2.1921471959676957 1.9509032201612824 0
    endloop
  endfacet
  facet normal 0 0 -1
    outer loop
      vertex -2.530698705048943 -3.214394653031616 0
      vertex -2.761204674887132 3.826834323650898 0
      vertex -2.530698705048943 3.214394653031616 0
    endloop
  endfacet
  facet normal 0 0 -1
    outer loop
      vertex -2.761204674887132 -3.826834323650898 0
      vertex -3.0312725846731183 4.4228869021900135 0
      vertex -2.761204674887132 3.826834323650898 0
    endloop
  endfacet
  facet normal 0 0 -1
    outer loop
      vertex -3.0312725846731183 -4.4228869021900135 0
      vertex -3.3397459621556145 5 0
      vertex -3.0312725846731183 4.4228869021900135 0
    endloop
  endfacet
  facet normal 0 0 -1
    outer loop
      vertex -3.3397459621556145 -5 0
      vertex -3.6853038769745474 5.555702330196022 0
      vertex -3.3397459621556145 5 0
    endloop
  endfacet
  facet normal 0 0 -1
    outer loop
      vertex -2.340741737109317 -2.5881904510252074 0
      vertex -2.530698705048943 3.214394653031616 0
      vertex -2.340741737109317 2.5881904510252074 0
    endloop
  endfacet
  facet normal 0 0 -1
    outer loop
      vertex -4.9289321881345245 -7.0710678118654755 0
      vertex -5.406541848999312 7.518398074789775 0
      vertex -4.9289321881345245 7.0710678118654755 0
    endloop
  endfacet
  facet normal 0 0 -1
    outer loop
      vertex -5.406541848999312 -7.518398074789775 0
      vertex -5.912385709912794 7.933533402912351 0
      vertex -5.406541848999312 7.518398074789775 0
    endloop
  endfacet
  facet normal 0 0 -1
    outer loop
      vertex -5.912385709912794 -7.933533402912351 0
      vertex -6.444297669803978 8.314696123025453 0
      vertex -5.912385709912794 7.933533402912351 0
    endloop
  endfacet
  facet normal 0 0 -1
    outer loop
      vertex -10.049096779838717 9.807852804032304 0
      vertex -9.411809548974793 9.659258262890683 0
      vertex -9.411809548974793 -9.659258262890683 0
    endloop
  endfacet
  facet normal 0 0 -1
    outer loop
      vertex -8.785605346968385 -9.469301294951057 0
      vertex -9.411809548974793 9.659258262890683 0
      vertex -8.785605346968385 9.469301294951057 0
    endloop
  endfacet
  facet normal 0 0 -1
    outer loop
      vertex -8.173165676349102 -9.238795325112868 0
      vertex -8.785605346968385 9.469301294951057 0
      vertex -8.173165676349102 9.238795325112868 0
    endloop
  endfacet
  facet normal 0 0 -1
    outer loop
      vertex -7.5771130978099865 -8.968727415326882 0
      vertex -8.173165676349102 9.238795325112868 0
      vertex -7.5771130978099865 8.968727415326882 0
    endloop
  endfacet
  facet normal 0 0 -1
    outer loop
      vertex -7 -8.660254037844386 0
      vertex -7.5771130978099865 8.968727415326882 0
      vertex -7 8.660254037844386 0
    endloop
  endfacet
  facet normal 0 0 -1
    outer loop
      vertex -6.444297669803978 -8.314696123025453 0
      vertex -7 8.660254037844386 0
      vertex -6.444297669803978 8.314696123025453 0
    endloop
  endfacet
  facet normal 0 0 -1
    outer loop
      vertex -3.6853038769745474 -5.555702330196022 0
      vertex -4.066466597087649 6.087614290087206 0
      vertex -3.6853038769745474 5.555702330196022 0
    endloop
  endfacet
  facet normal 0 0 -1
    outer loop
      vertex -4.066466597087649 -6.087614290087206 0
      vertex -4.481601925210225 6.593458151000688 0
      vertex -4.066466597087649 6.087614290087206 0
    endloop
  endfacet
  facet normal 0 0 -1
    outer loop
      vertex -4.481601925210225 -6.593458151000688 0
      vertex -4.9289321881345245 7.0710678118654755 0
      vertex -4.481601925210225 6.593458151000688 0
    endloop
  endfacet
  facet normal 0.2270762630343732 0.9738769792773337 0
    outer loop
      vertex 9.411809548974793 -9.659258262890683 -0.40000000000000013
      vertex 10.049096779838717 -9.807852804032304 -1.2
      vertex 9.411809548974793 -9.659258262890683 -1.2
    endloop
  endfacet
  facet normal 0.290284677254462 0.956940335732209 0
    outer loop
      vertex 8.785605346968385 -9.469301294951057 -0.40000000000000013
      vertex 9.411809548974793 -9.659258262890683 -1.2
      vertex 8.785605346968385 -9.469301294951057 -1.2
    endloop
  endfacet
  facet normal 0.4713967368259976 0.8819212643483552 0
    outer loop
      vertex 7 -8.660254037844386 -0.40000000000000013
      vertex 7.5771130978099865 -8.968727415326882 -1.2
      vertex 7 -8.660254037844386 -1.2
    endloop
  endfacet
  facet normal 0.35225004792123327 0.9359059267573258 0
    outer loop
      vertex 8.173165676349102 -9.238795325112868 -0.40000000000000013
      vertex 8.785605346968385 -9.469301294951057 -1.2
      vertex 8.173165676349102 -9.238795325112868 -1.2
    endloop
  endfacet
  facet normal 0.4127070298043966 0.9108638249211751 0
    outer loop
      vertex 7.5771130978099865 -8.968727415326882 -0.40000000000000013
      vertex 8.173165676349102 -9.238795325112868 -1.2
      vertex 7.5771130978099865 -8.968727415326882 -1.2
    endloop
  endfacet
  facet normal 0.5824776968678026 0.8128466845916148 0
    outer loop
      vertex 5.912385709912794 -7.933533402912351 -0.40000000000000013
      vertex 6.444297669803978 -8.314696123025453 -1.2
      vertex 5.912385709912794 -7.933533402912351 -1.2
    endloop
  endfacet
  facet normal 0.5280678506503671 0.8492021815265796 0
    outer loop
      vertex 6.444297669803978 -8.314696123025453 -0.40000000000000013
      vertex 7 -8.660254037844386 -1.2
      vertex 6.444297669803978 -8.314696123025453 -1.2
    endloop
  endfacet
  facet normal 0.6343932841636444 0.773010453362738 0
    outer loop
      vertex 5.406541848999312 -7.518398074789775 -0.40000000000000013
      vertex 5.912385709912794 -7.933533402912351 -1.2
      vertex 5.406541848999312 -7.518398074789775 -1.2
    endloop
  endfacet
  facet normal 0.09801714032956114 0.9951847266721968 0
    outer loop
      vertex 10.694738077799485 -9.914448613738104 -0.40000000000000013
      vertex 11.34596870769857 -9.978589232386035 -1.2
      vertex 10.694738077799485 -9.914448613738104 -1.2
    endloop
  endfacet
  facet normal 0.03271908282177587 0.9994645874763655 0
    outer loop
      vertex 11.34596870769857 -9.978589232386035 -0.40000000000000013
      vertex 12 -10 -1.2
      vertex 11.34596870769857 -9.978589232386035 -1.2
    endloop
  endfacet
  facet normal 0.16289547339458849 0.986643332084879 0
    outer loop
      vertex 10.049096779838717 -9.807852804032304 -0.40000000000000013
      vertex 10.694738077799485 -9.914448613738104 -1.2
      vertex 10.049096779838717 -9.807852804032304 -1.2
    endloop
  endfacet
  facet normal -0.03271908282177587 0.9994645874763655 0
    outer loop
      vertex 12 -10 -0.40000000000000013
      vertex 12.65403129230143 -9.978589232386035 -1.2
      vertex 12 -10 -1.2
    endloop
  endfacet
  facet normal -0.09801714032956114 0.9951847266721968 0
    outer loop
      vertex 12.65403129230143 -9.978589232386035 -0.40000000000000013
      vertex 13.305261922200515 -9.914448613738104 -1.2
      vertex 12.65403129230143 -9.978589232386035 -1.2
    endloop
  endfacet
  facet normal -0.16289547339458849 0.986643332084879 0
    outer loop
      vertex 13.305261922200515 -9.914448613738104 -0.40000000000000013
      vertex 13.950903220161283 -9.807852804032304 -1.2
      vertex 13.305261922200515 -9.914448613738104 -1.2
    endloop
  endfacet
  facet normal -0.2270762630343732 0.9738769792773337 0
    outer loop
      vertex 13.950903220161283 -9.807852804032304 -0.40000000000000013
      vertex 14.588190451025207 -9.659258262890683 -1.2
      vertex 13.950903220161283 -9.807852804032304 -1.2
    endloop
  endfacet
  facet normal -0.290284677254462 0.956940335732209 0
    outer loop
      vertex 14.588190451025207 -9.659258262890683 -0.40000000000000013
      vertex 15.214394653031615 -9.469301294951057 -1.2
      vertex 14.588190451025207 -9.659258262890683 -1.2
    endloop
  endfacet
  facet normal -0.35225004792123327 0.9359059267573258 0
    outer loop
      vertex 15.214394653031615 -9.469301294951057 -0.40000000000000013
      vertex 15.826834323650898 -9.238795325112868 -1.2
      vertex 15.214394653031615 -9.469301294951057 -1.2
    endloop
  endfacet
  facet normal -0.41270702980439555 0.9108638249211755 0
    outer loop
      vertex 15.826834323650898 -9.238795325112868 -0.40000000000000013
      vertex 16.422886902190015 -8.968727415326882 -1.2
      vertex 15.826834323650898 -9.238795325112868 -1.2
    endloop
  endfacet
  facet normal -0.47139673682599864 0.8819212643483545 0
    outer loop
      vertex 16.422886902190015 -8.968727415326882 -0.40000000000000013
      vertex 17 -8.660254037844386 -1.2
      vertex 16.422886902190015 -8.968727415326882 -1.2
    endloop
  endfacet
  facet normal -0.5280678506503682 0.8492021815265787 0
    outer loop
      vertex 17 -8.660254037844386 -0.40000000000000013
      vertex 17.55570233019602 -8.314696123025453 -1.2
      vertex 17 -8.660254037844386 -1.2
    endloop
  endfacet
  facet normal -0.5824776968678014 0.8128466845916157 0
    outer loop
      vertex 17.55570233019602 -8.314696123025453 -0.40000000000000013
      vertex 18.087614290087206 -7.933533402912351 -1.2
      vertex 17.55570233019602 -8.314696123025453 -1.2
    endloop
  endfacet
  facet normal -0.6343932841636437 0.7730104533627385 0
    outer loop
      vertex 18.087614290087206 -7.933533402912351 -0.40000000000000013
      vertex 18.59345815100069 -7.518398074789775 -1.2
      vertex 18.087614290087206 -7.933533402912351 -1.2
    endloop
  endfacet
  facet normal 0.35225004792123327 0.9359059267573258 0
    outer loop
      vertex 8.785605346968385 -9.469301294951057 -0.40000000000000013
      vertex 8.785605346968385 -9.469301294951057 -1.2
      vertex 8.173165676349102 -9.238795325112868 -0.40000000000000013
    endloop
  endfacet
  facet normal 0.290284677254462 0.956940335732209 0
    outer loop
      vertex 9.411809548974793 -9.659258262890683 -0.40000000000000013
      vertex 9.411809548974793 -9.659258262890683 -1.2
      vertex 8.785605346968385 -9.469301294951057 -0.40000000000000013
    endloop
  endfacet
  facet normal 0.5280678506503671 0.8492021815265796 0
    outer loop
      vertex 7 -8.660254037844386 -0.40000000000000013
      vertex 7 -8.660254037844386 -1.2
      vertex 6.444297669803978 -8.314696123025453 -0.40000000000000013
    endloop
  endfacet
  facet normal 0.4127070298043966 0.9108638249211751 2.155009047980356e-17
    outer loop
      vertex 7.5771130978099865 -8.968727415326882 -0.40000000000000013
      vertex 8.173165676349102 -9.238795325112868 -0.40000000000000013
      vertex 8.173165676349102 -9.238795325112868 -1.2
    endloop
  endfacet
  facet normal 0.4713967368259976 0.8819212643483552 0
    outer loop
      vertex 7.5771130978099865 -8.968727415326882 -0.40000000000000013
      vertex 7.5771130978099865 -8.968727415326882 -1.2
      vertex 7 -8.660254037844386 -0.40000000000000013
    endloop
  endfacet
  facet normal 0.5824776968678026 0.8128466845916148 0
    outer loop
      vertex 6.444297669803978 -8.314696123025453 -0.40000000000000013
      vertex 6.444297669803978 -8.314696123025453 -1.2
      vertex 5.912385709912794 -7.933533402912351 -0.40000000000000013
    endloop
  endfacet
  facet normal 0.6343932841636444 0.773010453362738 1.250902789179582e-18
    outer loop
      vertex 5.406541848999312 -7.518398074789775 -0.40000000000000013
      vertex 5.912385709912794 -7.933533402912351 -0.40000000000000013
      vertex 5.912385709912794 -7.933533402912351 -1.2
    endloop
  endfacet
  facet normal 0.16289547339458849 0.986643332084879 1.090046173735198e-17
    outer loop
      vertex 10.049096779838717 -9.807852804032304 -0.40000000000000013
      vertex 10.694738077799485 -9.914448613738104 -0.40000000000000013
      vertex 10.694738077799485 -9.914448613738104 -1.2
    endloop
  endfacet
  facet normal 0.09801714032956114 0.9951847266721968 5.053213572590459e-18
    outer loop
      vertex 10.694738077799485 -9.914448613738104 -0.40000000000000013
      vertex 11.34596870769857 -9.978589232386035 -0.40000000000000013
      vertex 11.34596870769857 -9.978589232386035 -1.2
    endloop
  endfacet
  facet normal 0.03271908282177587 0.9994645874763655 -1.098959565025556e-18
    outer loop
      vertex 11.34596870769857 -9.978589232386035 -0.40000000000000013
      vertex 12 -10 -0.40000000000000013
      vertex 12 -10 -1.2
    endloop
  endfacet
  facet normal 0.2270762630343732 0.9738769792773337 1.3040579038035378e-17
    outer loop
      vertex 9.411809548974793 -9.659258262890683 -0.40000000000000013
      vertex 10.049096779838717 -9.807852804032304 -0.40000000000000013
      vertex 10.049096779838717 -9.807852804032304 -1.2
    endloop
  endfacet
  facet normal -0.03271908282177587 0.9994645874763655 1.098959565025556e-18
    outer loop
      vertex 12 -10 -0.40000000000000013
      vertex 12.65403129230143 -9.978589232386035 -0.40000000000000013
      vertex 12.65403129230143 -9.978589232386035 -1.2
    endloop
  endfacet
  facet normal -0.09801714032956114 0.9951847266721968 -5.053213572590459e-18
    outer loop
      vertex 12.65403129230143 -9.978589232386035 -0.40000000000000013
      vertex 13.305261922200515 -9.914448613738104 -0.40000000000000013
      vertex 13.305261922200515 -9.914448613738104 -1.2
    endloop
  endfacet
  facet normal -0.16289547339458849 0.986643332084879 -1.090046173735198e-17
    outer loop
      vertex 13.305261922200515 -9.914448613738104 -0.40000000000000013
      vertex 13.950903220161283 -9.807852804032304 -0.40000000000000013
      vertex 13.950903220161283 -9.807852804032304 -1.2
    endloop
  endfacet
  facet normal -0.2270762630343732 0.9738769792773337 -1.3040579038035378e-17
    outer loop
      vertex 13.950903220161283 -9.807852804032304 -0.40000000000000013
      vertex 14.588190451025207 -9.659258262890683 -0.40000000000000013
      vertex 14.588190451025207 -9.659258262890683 -1.2
    endloop
  endfacet
  facet normal -0.290284677254462 0.956940335732209 6.110786109132129e-18
    outer loop
      vertex 14.588190451025207 -9.659258262890683 -0.40000000000000013
      vertex 15.214394653031615 -9.469301294951057 -0.40000000000000013
      vertex 15.214394653031615 -9.469301294951057 -1.2
    endloop
  endfacet
  facet normal -0.35225004792123327 0.9359059267573258 5.797424291488204e-18
    outer loop
      vertex 15.214394653031615 -9.469301294951057 -0.40000000000000013
      vertex 15.826834323650898 -9.238795325112868 -0.40000000000000013
      vertex 15.826834323650898 -9.238795325112868 -1.2
    endloop
  endfacet
  facet normal -0.41270702980439555 0.9108638249211755 -6.474421129282034e-18
    outer loop
      vertex 15.826834323650898 -9.238795325112868 -0.40000000000000013
      vertex 16.422886902190015 -8.968727415326882 -0.40000000000000013
      vertex 16.422886902190015 -8.968727415326882 -1.2
    endloop
  endfacet
  facet normal -0.47139673682599864 0.8819212643483545 -3.583218418466525e-18
    outer loop
      vertex 16.422886902190015 -8.968727415326882 -0.40000000000000013
      vertex 17 -8.660254037844386 -0.40000000000000013
      vertex 17 -8.660254037844386 -1.2
    endloop
  endfacet
  facet normal -0.5280678506503682 0.8492021815265787 1.7127004143728503e-17
    outer loop
      vertex 17 -8.660254037844386 -0.40000000000000013
      vertex 17.55570233019602 -8.314696123025453 -0.40000000000000013
      vertex 17.55570233019602 -8.314696123025453 -1.2
    endloop
  endfacet
  facet normal -0.5824776968678014 0.8128466845916157 5.574107320348705e-19
    outer loop
      vertex 17.55570233019602 -8.314696123025453 -0.40000000000000013
      vertex 18.087614290087206 -7.933533402912351 -0.40000000000000013
      vertex 18.087614290087206 -7.933533402912351 -1.2
    endloop
  endfacet
  facet normal -0.6343932841636437 0.7730104533627385 1.3823932768968134e-17
    outer loop
      vertex 18.087614290087206 -7.933533402912351 -0.40000000000000013
      vertex 18.59345815100069 -7.518398074789775 -0.40000000000000013
      vertex 18.59345815100069 -7.518398074789775 -1.2
    endloop
  endfacet
  facet normal 0.7298640726978356 0.6835923020228714 0
    outer loop
      vertex 4.481601925210225 -6.593458151000688 -0.40000000000000013
      vertex 4.9289321881345245 -7.0710678118654755 -1.2
      vertex 4.481601925210225 -6.593458151000688 -1.2
    endloop
  endfacet
  facet normal 0.773010453362738 0.6343932841636444 0
    outer loop
      vertex 4.066466597087649 -6.087614290087206 -0.40000000000000013
      vertex 4.481601925210225 -6.593458151000688 -1.2
      vertex 4.066466597087649 -6.087614290087206 -1.2
    endloop
  endfacet
  facet normal 0.8128466845916148 0.5824776968678026 0
    outer loop
      vertex 3.6853038769745474 -5.555702330196022 -0.40000000000000013
      vertex 4.066466597087649 -6.087614290087206 -1.2
      vertex 3.6853038769745474 -5.555702330196022 -1.2
    endloop
  endfacet
  facet normal 0.6835923020228714 0.7298640726978356 0
    outer loop
      vertex 4.9289321881345245 -7.0710678118654755 -0.40000000000000013
      vertex 5.406541848999312 -7.518398074789775 -1.2
      vertex 4.9289321881345245 -7.0710678118654755 -1.2
    endloop
  endfacet
  facet normal 0.8492021815265796 0.5280678506503671 0
    outer loop
      vertex 3.3397459621556145 -5 -0.40000000000000013
      vertex 3.6853038769745474 -5.555702330196022 -1.2
      vertex 3.3397459621556145 -5 -1.2
    endloop
  endfacet
  facet normal 0.8819212643483552 0.4713967368259976 0
    outer loop
      vertex 3.0312725846731183 -4.4228869021900135 -0.40000000000000013
      vertex 3.3397459621556145 -5 -1.2
      vertex 3.0312725846731183 -4.4228869021900135 -1.2
    endloop
  endfacet
  facet normal 0.9108638249211751 0.4127070298043966 0
    outer loop
      vertex 2.761204674887132 -3.826834323650898 -0.40000000000000013
      vertex 3.0312725846731183 -4.4228869021900135 -1.2
      vertex 2.761204674887132 -3.826834323650898 -1.2
    endloop
  endfacet
  facet normal -0.683592302022872 0.7298640726978349 0
    outer loop
      vertex 18.59345815100069 -7.518398074789775 -0.40000000000000013
      vertex 19.071067811865476 -7.0710678118654755 -1.2
      vertex 18.59345815100069 -7.518398074789775 -1.2
    endloop
  endfacet
  facet normal -0.7298640726978349 0.683592302022872 0
    outer loop
      vertex 19.071067811865476 -7.0710678118654755 -0.40000000000000013
      vertex 19.518398074789776 -6.593458151000688 -1.2
      vertex 19.071067811865476 -7.0710678118654755 -1.2
    endloop
  endfacet
  facet normal 0.7298640726978356 0.6835923020228714 0
    outer loop
      vertex 4.9289321881345245 -7.0710678118654755 -0.40000000000000013
      vertex 4.9289321881345245 -7.0710678118654755 -1.2
      vertex 4.481601925210225 -6.593458151000688 -0.40000000000000013
    endloop
  endfacet
  facet normal 0.773010453362738 0.6343932841636444 0
    outer loop
      vertex 4.481601925210225 -6.593458151000688 -0.40000000000000013
      vertex 4.481601925210225 -6.593458151000688 -1.2
      vertex 4.066466597087649 -6.087614290087206 -0.40000000000000013
    endloop
  endfacet
  facet normal 0.8128466845916148 0.5824776968678026 0
    outer loop
      vertex 4.066466597087649 -6.087614290087206 -0.40000000000000013
      vertex 4.066466597087649 -6.087614290087206 -1.2
      vertex 3.6853038769745474 -5.555702330196022 -0.40000000000000013
    endloop
  endfacet
  facet normal 0.6835923020228714 0.7298640726978356 0
    outer loop
      vertex 5.406541848999312 -7.518398074789775 -0.40000000000000013
      vertex 5.406541848999312 -7.518398074789775 -1.2
      vertex 4.9289321881345245 -7.0710678118654755 -0.40000000000000013
    endloop
  endfacet
  facet normal 0.8492021815265796 0.5280678506503671 0
    outer loop
      vertex 3.6853038769745474 -5.555702330196022 -0.40000000000000013
      vertex 3.6853038769745474 -5.555702330196022 -1.2
      vertex 3.3397459621556145 -5 -0.40000000000000013
    endloop
  endfacet
  facet normal 0.8819212643483552 0.4713967368259976 0
    outer loop
      vertex 3.3397459621556145 -5 -0.40000000000000013
      vertex 3.3397459621556145 -5 -1.2
      vertex 3.0312725846731183 -4.4228869021900135 -0.40000000000000013
    endloop
  endfacet
  facet normal 0.9108638249211751 0.4127070298043966 0
    outer loop
      vertex 3.0312725846731183 -4.4228869021900135 -0.40000000000000013
      vertex 3.0312725846731183 -4.4228869021900135 -1.2
      vertex 2.761204674887132 -3.826834323650898 -0.40000000000000013
    endloop
  endfacet
  facet normal -0.683592302022872 0.7298640726978349 4.283639931910377e-19
    outer loop
      vertex 18.59345815100069 -7.518398074789775 -0.40000000000000013
      vertex 19.071067811865476 -7.0710678118654755 -0.40000000000000013
      vertex 19.071067811865476 -7.0710678118654755 -1.2
    endloop
  endfacet
  facet normal -0.7298640726978349 0.683592302022872 -2.0881044153057996e-17
    outer loop
      vertex 19.071067811865476 -7.0710678118654755 -0.40000000000000013
      vertex 19.518398074789776 -6.593458151000688 -0.40000000000000013
      vertex 19.518398074789776 -6.593458151000688 -1.2
    endloop
  endfacet
  facet normal 0.9359059267573258 0.3522500479212337 0
    outer loop
      vertex 2.530698705048943 -3.214394653031616 -0.40000000000000013
      vertex 2.761204674887132 -3.826834323650898 -1.2
      vertex 2.530698705048943 -3.214394653031616 -1.2
    endloop
  endfacet
  facet normal 0.956940335732209 0.29028467725446166 0
    outer loop
      vertex 2.340741737109317 -2.5881904510252074 -0.40000000000000013
      vertex 2.530698705048943 -3.214394653031616 -1.2
      vertex 2.340741737109317 -2.5881904510252074 -1.2
    endloop
  endfacet
  facet normal 0.9738769792773337 0.22707626303437287 0
    outer loop
      vertex 2.1921471959676957 -1.9509032201612824 -0.40000000000000013
      vertex 2.340741737109317 -2.5881904510252074 -1.2
      vertex 2.1921471959676957 -1.9509032201612824 -1.2
    endloop
  endfacet
  facet normal 0.986643332084879 0.16289547339458893 0
    outer loop
      vertex 2.085551386261896 -1.3052619222005157 -0.40000000000000013
      vertex 2.1921471959676957 -1.9509032201612824 -1.2
      vertex 2.085551386261896 -1.3052619222005157 -1.2
    endloop
  endfacet
  facet normal 0.9951847266721968 0.09801714032956098 0
    outer loop
      vertex 2.0214107676139648 -0.6540312923014306 -0.40000000000000013
      vertex 2.085551386261896 -1.3052619222005157 -1.2
      vertex 2.0214107676139648 -0.6540312923014306 -1.2
    endloop
  endfacet
  facet normal 0.9994645874763657 0.032719082821775894 0
    outer loop
      vertex 2 0 -0.40000000000000013
      vertex 2.0214107676139648 -0.6540312923014306 -1.2
      vertex 2 0 -1.2
    endloop
  endfacet
  facet normal 0.9359059267573258 0.3522500479212337 0
    outer loop
      vertex 2.761204674887132 -3.826834323650898 -0.40000000000000013
      vertex 2.761204674887132 -3.826834323650898 -1.2
      vertex 2.530698705048943 -3.214394653031616 -0.40000000000000013
    endloop
  endfacet
  facet normal 0.956940335732209 0.29028467725446166 0
    outer loop
      vertex 2.530698705048943 -3.214394653031616 -0.40000000000000013
      vertex 2.530698705048943 -3.214394653031616 -1.2
      vertex 2.340741737109317 -2.5881904510252074 -0.40000000000000013
    endloop
  endfacet
  facet normal 0.9738769792773337 0.22707626303437287 0
    outer loop
      vertex 2.340741737109317 -2.5881904510252074 -0.40000000000000013
      vertex 2.340741737109317 -2.5881904510252074 -1.2
      vertex 2.1921471959676957 -1.9509032201612824 -0.40000000000000013
    endloop
  endfacet
  facet normal 0.986643332084879 0.16289547339458893 0
    outer loop
      vertex 2.1921471959676957 -1.9509032201612824 -0.40000000000000013
      vertex 2.1921471959676957 -1.9509032201612824 -1.2
      vertex 2.085551386261896 -1.3052619222005157 -0.40000000000000013
    endloop
  endfacet
  facet normal 0.9951847266721968 0.09801714032956098 0
    outer loop
      vertex 2.085551386261896 -1.3052619222005157 -0.40000000000000013
      vertex 2.085551386261896 -1.3052619222005157 -1.2
      vertex 2.0214107676139648 -0.6540312923014306 -0.40000000000000013
    endloop
  endfacet
  facet normal 0.9994645874763657 0.032719082821775894 0
    outer loop
      vertex 2.0214107676139648 -0.6540312923014306 -0.40000000000000013
      vertex 2.0214107676139648 -0.6540312923014306 -1.2
      vertex 2 0 -0.40000000000000013
    endloop
  endfacet
  facet normal -0.7730104533627373 0.6343932841636453 0
    outer loop
      vertex 19.518398074789776 -6.593458151000688 -0.40000000000000013
      vertex 19.933533402912353 -6.087614290087206 -1.2
      vertex 19.518398074789776 -6.593458151000688 -1.2
    endloop
  endfacet
  facet normal -0.8128466845916161 0.5824776968678009 0
    outer loop
      vertex 19.933533402912353 -6.087614290087206 -0.40000000000000013
      vertex 20.314696123025453 -5.555702330196022 -1.2
      vertex 19.933533402912353 -6.087614290087206 -1.2
    endloop
  endfacet
  facet normal -0.8492021815265796 0.5280678506503671 0
    outer loop
      vertex 20.314696123025453 -5.555702330196022 -0.40000000000000013
      vertex 20.660254037844386 -5 -1.2
      vertex 20.314696123025453 -5.555702330196022 -1.2
    endloop
  endfacet
  facet normal -0.8819212643483552 0.4713967368259976 0
    outer loop
      vertex 20.660254037844386 -5 -0.40000000000000013
      vertex 20.96872741532688 -4.4228869021900135 -1.2
      vertex 20.660254037844386 -5 -1.2
    endloop
  endfacet
  facet normal -0.9108638249211751 0.4127070298043966 0
    outer loop
      vertex 20.96872741532688 -4.4228869021900135 -0.40000000000000013
      vertex 21.238795325112868 -3.826834323650898 -1.2
      vertex 20.96872741532688 -4.4228869021900135 -1.2
    endloop
  endfacet
  facet normal -0.7730104533627373 0.6343932841636453 8.663783655724381e-18
    outer loop
      vertex 19.518398074789776 -6.593458151000688 -0.40000000000000013
      vertex 19.933533402912353 -6.087614290087206 -0.40000000000000013
      vertex 19.933533402912353 -6.087614290087206 -1.2
    endloop
  endfacet
  facet normal -0.8128466845916161 0.5824776968678009 -2.2600074817694866e-17
    outer loop
      vertex 19.933533402912353 -6.087614290087206 -0.40000000000000013
      vertex 20.314696123025453 -5.555702330196022 -0.40000000000000013
      vertex 20.314696123025453 -5.555702330196022 -1.2
    endloop
  endfacet
  facet normal -0.8492021815265796 0.5280678506503671 2.326161576922457e-17
    outer loop
      vertex 20.314696123025453 -5.555702330196022 -0.40000000000000013
      vertex 20.660254037844386 -5 -0.40000000000000013
      vertex 20.660254037844386 -5 -1.2
    endloop
  endfacet
  facet normal -0.8819212643483552 0.4713967368259976 -1.7246342946613727e-17
    outer loop
      vertex 20.660254037844386 -5 -0.40000000000000013
      vertex 20.96872741532688 -4.4228869021900135 -0.40000000000000013
      vertex 20.96872741532688 -4.4228869021900135 -1.2
    endloop
  endfacet
  facet normal -0.9108638249211751 0.4127070298043966 -2.155009047980356e-17
    outer loop
      vertex 20.96872741532688 -4.4228869021900135 -0.40000000000000013
      vertex 21.238795325112868 -3.826834323650898 -0.40000000000000013
      vertex 21.238795325112868 -3.826834323650898 -1.2
    endloop
  endfacet
  facet normal -0.9359059267573248 0.35225004792123604 0
    outer loop
      vertex 21.238795325112868 -3.826834323650898 -0.40000000000000013
      vertex 21.46930129495106 -3.214394653031616 -1.2
      vertex 21.238795325112868 -3.826834323650898 -1.2
    endloop
  endfacet
  facet normal -0.9569403357322107 0.2902846772544567 0
    outer loop
      vertex 21.46930129495106 -3.214394653031616 -0.40000000000000013
      vertex 21.65925826289068 -2.5881904510252074 -1.2
      vertex 21.46930129495106 -3.214394653031616 -1.2
    endloop
  endfacet
  facet normal -0.9738769792773332 0.22707626303437542 0
    outer loop
      vertex 21.65925826289068 -2.5881904510252074 -0.40000000000000013
      vertex 21.807852804032304 -1.9509032201612824 -1.2
      vertex 21.65925826289068 -2.5881904510252074 -1.2
    endloop
  endfacet
  facet normal -0.9866433320848793 0.1628954733945863 0
    outer loop
      vertex 21.807852804032304 -1.9509032201612824 -0.40000000000000013
      vertex 21.914448613738102 -1.3052619222005157 -1.2
      vertex 21.807852804032304 -1.9509032201612824 -1.2
    endloop
  endfacet
  facet normal -0.9951847266721966 0.09801714032956367 0
    outer loop
      vertex 21.914448613738102 -1.3052619222005157 -0.40000000000000013
      vertex 21.978589232386035 -0.6540312923014306 -1.2
      vertex 21.914448613738102 -1.3052619222005157 -1.2
    endloop
  endfacet
  facet normal -0.9994645874763657 0.032719082821775894 0
    outer loop
      vertex 21.978589232386035 -0.6540312923014306 -0.40000000000000013
      vertex 22 0 -1.2
      vertex 21.978589232386035 -0.6540312923014306 -1.2
    endloop
  endfacet
  facet normal -0.9359059267573248 0.35225004792123604 -3.748706106397945e-18
    outer loop
      vertex 21.238795325112868 -3.826834323650898 -0.40000000000000013
      vertex 21.46930129495106 -3.214394653031616 -0.40000000000000013
      vertex 21.46930129495106 -3.214394653031616 -1.2
    endloop
  endfacet
  facet normal -0.9569403357322107 0.2902846772544567 2.107084642023931e-18
    outer loop
      vertex 21.46930129495106 -3.214394653031616 -0.40000000000000013
      vertex 21.65925826289068 -2.5881904510252074 -0.40000000000000013
      vertex 21.65925826289068 -2.5881904510252074 -1.2
    endloop
  endfacet
  facet normal -0.9738769792773332 0.22707626303437542 -1.0845175536898573e-17
    outer loop
      vertex 21.65925826289068 -2.5881904510252074 -0.40000000000000013
      vertex 21.807852804032304 -1.9509032201612824 -0.40000000000000013
      vertex 21.807852804032304 -1.9509032201612824 -1.2
    endloop
  endfacet
  facet normal -0.9866433320848793 0.1628954733945863 8.017944299925095e-18
    outer loop
      vertex 21.807852804032304 -1.9509032201612824 -0.40000000000000013
      vertex 21.914448613738102 -1.3052619222005157 -0.40000000000000013
      vertex 21.914448613738102 -1.3052619222005157 -1.2
    endloop
  endfacet
  facet normal -0.9951847266721966 0.09801714032956367 -5.350910461781238e-18
    outer loop
      vertex 21.914448613738102 -1.3052619222005157 -0.40000000000000013
      vertex 21.978589232386035 -0.6540312923014306 -0.40000000000000013
      vertex 21.978589232386035 -0.6540312923014306 -1.2
    endloop
  endfacet
  facet normal -0.9994645874763657 0.032719082821775894 -1.3550717930444394e-18
    outer loop
      vertex 21.978589232386035 -0.6540312923014306 -0.40000000000000013
      vertex 22 0 -0.40000000000000013
      vertex 22 0 -1.2
    endloop
  endfacet
  facet normal 0 0 -1
    outer loop
      vertex 4.9289321881345245 -7.0710678118654755 -0.40000000000000013
      vertex 4.481601925210225 -6.593458151000688 -0.40000000000000013
      vertex 4.481601925210225 6.593458151000688 -0.40000000000000013
    endloop
  endfacet
  facet normal 0 0 -1
    outer loop
      vertex 4.481601925210225 -6.593458151000688 -0.40000000000000013
      vertex 4.066466597087649 -6.087614290087206 -0.40000000000000013
      vertex 4.066466597087649 6.087614290087206 -0.40000000000000013
    endloop
  endfacet
  facet normal 0 0 -1
    outer loop
      vertex 4.066466597087649 -6.087614290087206 -0.40000000000000013
      vertex 3.6853038769745474 -5.555702330196022 -0.40000000000000013
      vertex 3.6853038769745474 5.555702330196022 -0.40000000000000013
    endloop
  endfacet
  facet normal 0 0 -1
    outer loop
      vertex 7 -8.660254037844386 -0.40000000000000013
      vertex 6.444297669803978 -8.314696123025453 -0.40000000000000013
      vertex 6.444297669803978 8.314696123025453 -0.40000000000000013
    endloop
  endfacet
  facet normal 0 0 -1
    outer loop
      vertex 7.5771130978099865 -8.968727415326882 -0.40000000000000013
      vertex 7 -8.660254037844386 -0.40000000000000013
      vertex 7 8.660254037844386 -0.40000000000000013
    endloop
  endfacet
  facet normal 0 0 -1
    outer loop
      vertex 7.5771130978099865 -8.968727415326882 -0.40000000000000013
      vertex 7.5771130978099865 8.968727415326882 -0.40000000000000013
      vertex 8.173165676349102 -9.238795325112868 -0.40000000000000013
    endloop
  endfacet
  facet normal 0 0 -1
    outer loop
      vertex 8.785605346968385 -9.469301294951057 -0.40000000000000013
      vertex 8.173165676349102 -9.238795325112868 -0.40000000000000013
      vertex 8.173165676349102 9.238795325112868 -0.40000000000000013
    endloop
  endfacet
  facet normal 0 0 -1
    outer loop
      vertex 9.411809548974793 -9.659258262890683 -0.40000000000000013
      vertex 8.785605346968385 -9.469301294951057 -0.40000000000000013
      vertex 8.785605346968385 9.469301294951057 -0.40000000000000013
    endloop
  endfacet
  facet normal 0 0 -1
    outer loop
      vertex 9.411809548974793 -9.659258262890683 -0.40000000000000013
      vertex 9.411809548974793 9.659258262890683 -0.40000000000000013
      vertex 10.049096779838717 -9.807852804032304 -0.40000000000000013
    endloop
  endfacet
  facet normal 0 0 -1
    outer loop
      vertex 6.444297669803978 -8.314696123025453 -0.40000000000000013
      vertex 5.912385709912794 -7.933533402912351 -0.40000000000000013
      vertex 5.912385709912794 7.933533402912351 -0.40000000000000013
    endloop
  endfacet
  facet normal 0 0 -1
    outer loop
      vertex 5.406541848999312 -7.518398074789775 -0.40000000000000013
      vertex 5.406541848999312 7.518398074789775 -0.40000000000000013
      vertex 5.912385709912794 -7.933533402912351 -0.40000000000000013
    endloop
  endfacet
  facet normal 0 0 -1
    outer loop
      vertex 5.406541848999312 -7.518398074789775 -0.40000000000000013
      vertex 4.9289321881345245 -7.0710678118654755 -0.40000000000000013
      vertex 4.9289321881345245 7.0710678118654755 -0.40000000000000013
    endloop
  endfacet
  facet normal 0 0 -1
    outer loop
      vertex 2.530698705048943 -3.214394653031616 -0.40000000000000013
      vertex 2.340741737109317 -2.5881904510252074 -0.40000000000000013
      vertex 2.340741737109317 2.5881904510252074 -0.40000000000000013
    endloop
  endfacet
  facet normal 0 0 -1
    outer loop
      vertex 3.6853038769745474 -5.555702330196022 -0.40000000000000013
      vertex 3.3397459621556145 -5 -0.40000000000000013
      vertex 3.3397459621556145 5 -0.40000000000000013
    endloop
  endfacet
  facet normal 0 0 -1
    outer loop
      vertex 3.3397459621556145 -5 -0.40000000000000013
      vertex 3.0312725846731183 -4.4228869021900135 -0.40000000000000013
      vertex 3.0312725846731183 4.4228869021900135 -0.40000000000000013
    endloop
  endfacet
  facet normal 0 0 -1
    outer loop
      vertex 3.0312725846731183 -4.4228869021900135 -0.40000000000000013
      vertex 2.761204674887132 -3.826834323650898 -0.40000000000000013
      vertex 2.761204674887132 3.826834323650898 -0.40000000000000013
    endloop
  endfacet
  facet normal 0 0 -1
    outer loop
      vertex 2.761204674887132 -3.826834323650898 -0.40000000000000013
      vertex 2.530698705048943 -3.214394653031616 -0.40000000000000013
      vertex 2.530698705048943 3.214394653031616 -0.40000000000000013
    endloop
  endfacet
  facet normal 0 0 -1
    outer loop
      vertex 2.340741737109317 -2.5881904510252074 -0.40000000000000013
      vertex 2.1921471959676957 -1.9509032201612824 -0.40000000000000013
      vertex 2.1921471959676957 1.9509032201612824 -0.40000000000000013
    endloop
  endfacet
  facet normal 0 0 -1
    outer loop
      vertex 2.1921471959676957 -1.9509032201612824 -0.40000000000000013
      vertex 2.085551386261896 -1.3052619222005157 -0.40000000000000013
      vertex 2.085551386261896 1.3052619222005157 -0.40000000000000013
    endloop
  endfacet
  facet normal 0 0 -1
    outer loop
      vertex 2.085551386261896 -1.3052619222005157 -0.40000000000000013
      vertex 2.0214107676139648 -0.6540312923014306 -0.40000000000000013
      vertex 2.0214107676139648 0.6540312923014306 -0.40000000000000013
    endloop
  endfacet
  facet normal 0 0 -1
    outer loop
      vertex 10.049096779838717 -9.807852804032304 -0.40000000000000013
      vertex 10.049096779838717 9.807852804032304 -0.40000000000000013
      vertex 10.694738077799485 -9.914448613738104 -0.40000000000000013
    endloop
  endfacet
  facet normal 0 0 -1
    outer loop
      vertex 10.694738077799485 -9.914448613738104 -0.40000000000000013
      vertex 10.694738077799485 9.914448613738104 -0.40000000000000013
      vertex 11.34596870769857 -9.978589232386035 -0.40000000000000013
    endloop
  endfacet
  facet normal 0 0 -1
    outer loop
      vertex 11.34596870769857 -9.978589232386035 -0.40000000000000013
      vertex 11.34596870769857 9.978589232386035 -0.40000000000000013
      vertex 12 -10 -0.40000000000000013
    endloop
  endfacet
  facet normal 0 0 -1
    outer loop
      vertex 12 -10 -0.40000000000000013
      vertex 12 10 -0.40000000000000013
      vertex 12.65403129230143 -9.978589232386035 -0.40000000000000013
    endloop
  endfacet
  facet normal 0 0 -1
    outer loop
      vertex 12.65403129230143 -9.978589232386035 -0.40000000000000013
      vertex 12.65403129230143 9.978589232386035 -0.40000000000000013
      vertex 13.305261922200515 -9.914448613738104 -0.40000000000000013
    endloop
  endfacet
  facet normal 0 0 -1
    outer loop
      vertex 13.305261922200515 -9.914448613738104 -0.40000000000000013
      vertex 13.305261922200515 9.914448613738104 -0.40000000000000013
      vertex 13.950903220161283 -9.807852804032304 -0.40000000000000013
    endloop
  endfacet
  facet normal 0 0 -1
    outer loop
      vertex 13.950903220161283 -9.807852804032304 -0.40000000000000013
      vertex 13.950903220161283 9.807852804032304 -0.40000000000000013
      vertex 14.588190451025207 -9.659258262890683 -0.40000000000000013
    endloop
  endfacet
  facet normal 0 0 -1
    outer loop
      vertex 14.588190451025207 -9.659258262890683 -0.40000000000000013
      vertex 14.588190451025207 9.659258262890683 -0.40000000000000013
      vertex 15.214394653031615 -9.469301294951057 -0.40000000000000013
    endloop
  endfacet
  facet normal 0 0 -1
    outer loop
      vertex 15.214394653031615 -9.469301294951057 -0.40000000000000013
      vertex 15.214394653031615 9.469301294951057 -0.40000000000000013
      vertex 15.826834323650898 -9.238795325112868 -0.40000000000000013
    endloop
  endfacet
  facet normal 0 0 -1
    outer loop
      vertex 15.826834323650898 -9.238795325112868 -0.40000000000000013
      vertex 15.826834323650898 9.238795325112868 -0.40000000000000013
      vertex 16.422886902190015 -8.968727415326882 -0.40000000000000013
    endloop
  endfacet
  facet normal 0 0 -1
    outer loop
      vertex 16.422886902190015 -8.968727415326882 -0.40000000000000013
      vertex 16.422886902190015 8.968727415326882 -0.40000000000000013
      vertex 17 -8.660254037844386 -0.40000000000000013
    endloop
  endfacet
  facet normal 0 0 -1
    outer loop
      vertex 17 -8.660254037844386 -0.40000000000000013
      vertex 17 8.660254037844386 -0.40000000000000013
      vertex 17.55570233019602 -8.314696123025453 -0.40000000000000013
    endloop
  endfacet
  facet normal 0 0 -1
    outer loop
      vertex 17.55570233019602 -8.314696123025453 -0.40000000000000013
      vertex 17.55570233019602 8.314696123025453 -0.40000000000000013
      vertex 18.087614290087206 -7.933533402912351 -0.40000000000000013
    endloop
  endfacet
  facet normal 0 0 -1
    outer loop
      vertex 18.087614290087206 -7.933533402912351 -0.40000000000000013
      vertex 18.087614290087206 7.933533402912351 -0.40000000000000013
      vertex 18.59345815100069 -7.518398074789775 -0.40000000000000013
    endloop
  endfacet
  facet normal 0 0 -1
    outer loop
      vertex 18.59345815100069 -7.518398074789775 -0.40000000000000013
      vertex 18.59345815100069 7.518398074789775 -0.40000000000000013
      vertex 19.071067811865476 -7.0710678118654755 -0.40000000000000013
    endloop
  endfacet
  facet normal 0 0 -1
    outer loop
      vertex 19.071067811865476 -7.0710678118654755 -0.40000000000000013
      vertex 19.071067811865476 7.0710678118654755 -0.40000000000000013
      vertex 19.518398074789776 -6.593458151000688 -0.40000000000000013
    endloop
  endfacet
  facet normal 0 0 -1
    outer loop
      vertex 19.518398074789776 -6.593458151000688 -0.40000000000000013
      vertex 19.518398074789776 6.593458151000688 -0.40000000000000013
      vertex 19.933533402912353 -6.087614290087206 -0.40000000000000013
    endloop
  endfacet
  facet normal 0 0 -1
    outer loop
      vertex 19.933533402912353 -6.087614290087206 -0.40000000000000013
      vertex 19.933533402912353 6.087614290087206 -0.40000000000000013
      vertex 20.314696123025453 -5.555702330196022 -0.40000000000000013
    endloop
  endfacet
  facet normal 0 0 -1
    outer loop
      vertex 20.314696123025453 -5.555702330196022 -0.40000000000000013
      vertex 20.314696123025453 5.555702330196022 -0.40000000000000013
      vertex 20.660254037844386 -5 -0.40000000000000013
    endloop
  endfacet
  facet normal 0 0 -1
    outer loop
      vertex 20.660254037844386 -5 -0.40000000000000013
      vertex 20.660254037844386 5 -0.40000000000000013
      vertex 20.96872741532688 -4.4228869021900135 -0.40000000000000013
    endloop
  endfacet
  facet normal 0 0 -1
    outer loop
      vertex 20.96872741532688 -4.4228869021900135 -0.40000000000000013
      vertex 20.96872741532688 4.4228869021900135 -0.40000000000000013
      vertex 21.238795325112868 -3.826834323650898 -0.40000000000000013
    endloop
  endfacet
  facet normal 0 0 -1
    outer loop
      vertex 21.238795325112868 -3.826834323650898 -0.40000000000000013
      vertex 21.238795325112868 3.826834323650898 -0.40000000000000013
      vertex 21.46930129495106 -3.214394653031616 -0.40000000000000013
    endloop
  endfacet
  facet normal 0 0 -1
    outer loop
      vertex 21.46930129495106 -3.214394653031616 -0.40000000000000013
      vertex 21.46930129495106 3.214394653031616 -0.40000000000000013
      vertex 21.65925826289068 -2.5881904510252074 -0.40000000000000013
    endloop
  endfacet
  facet normal 0 0 -1
    outer loop
      vertex 21.65925826289068 -2.5881904510252074 -0.40000000000000013
      vertex 21.65925826289068 2.5881904510252074 -0.40000000000000013
      vertex 21.807852804032304 -1.9509032201612824 -0.40000000000000013
    endloop
  endfacet
  facet normal 0 0 -1
    outer loop
      vertex 21.807852804032304 -1.9509032201612824 -0.40000000000000013
      vertex 21.807852804032304 1.9509032201612824 -0.40000000000000013
      vertex 21.914448613738102 -1.3052619222005157 -0.40000000000000013
    endloop
  endfacet
  facet normal 0 0 -1
    outer loop
      vertex 21.914448613738102 -1.3052619222005157 -0.40000000000000013
      vertex 21.914448613738102 1.3052619222005157 -0.40000000000000013
      vertex 21.978589232386035 -0.6540312923014306 -0.40000000000000013
    endloop
  endfacet
  facet normal 0.9994645874763657 -0.032719082821775894 0
    outer loop
      vertex 2.0214107676139648 0.6540312923014306 -0.40000000000000013
      vertex 2 0 -1.2
      vertex 2.0214107676139648 0.6540312923014306 -1.2
    endloop
  endfacet
  facet normal 0.9951847266721968 -0.09801714032956098 0
    outer loop
      vertex 2.085551386261896 1.3052619222005157 -0.40000000000000013
      vertex 2.0214107676139648 0.6540312923014306 -1.2
      vertex 2.085551386261896 1.3052619222005157 -1.2
    endloop
  endfacet
  facet normal 0.986643332084879 -0.16289547339458893 0
    outer loop
      vertex 2.1921471959676957 1.9509032201612824 -0.40000000000000013
      vertex 2.085551386261896 1.3052619222005157 -1.2
      vertex 2.1921471959676957 1.9509032201612824 -1.2
    endloop
  endfacet
  facet normal 0.9738769792773337 -0.22707626303437287 0
    outer loop
      vertex 2.340741737109317 2.5881904510252074 -0.40000000000000013
      vertex 2.1921471959676957 1.9509032201612824 -1.2
      vertex 2.340741737109317 2.5881904510252074 -1.2
    endloop
  endfacet
  facet normal 0.956940335732209 -0.29028467725446166 0
    outer loop
      vertex 2.530698705048943 3.214394653031616 -0.40000000000000013
      vertex 2.340741737109317 2.5881904510252074 -1.2
      vertex 2.530698705048943 3.214394653031616 -1.2
    endloop
  endfacet
  facet normal 0.9359059267573258 -0.3522500479212337 0
    outer loop
      vertex 2.761204674887132 3.826834323650898 -0.40000000000000013
      vertex 2.530698705048943 3.214394653031616 -1.2
      vertex 2.761204674887132 3.826834323650898 -1.2
    endloop
  endfacet
  facet normal 0.9994645874763657 -0.032719082821775894 0
    outer loop
      vertex 2 0 -0.40000000000000013
      vertex 2 0 -1.2
      vertex 2.0214107676139648 0.6540312923014306 -0.40000000000000013
    endloop
  endfacet
  facet normal 0.9951847266721968 -0.09801714032956098 0
    outer loop
      vertex 2.0214107676139648 0.6540312923014306 -0.40000000000000013
      vertex 2.0214107676139648 0.6540312923014306 -1.2
      vertex 2.085551386261896 1.3052619222005157 -0.40000000000000013
    endloop
  endfacet
  facet normal 0.986643332084879 -0.16289547339458893 0
    outer loop
      vertex 2.085551386261896 1.3052619222005157 -0.40000000000000013
      vertex 2.085551386261896 1.3052619222005157 -1.2
      vertex 2.1921471959676957 1.9509032201612824 -0.40000000000000013
    endloop
  endfacet
  facet normal 0.9738769792773337 -0.22707626303437287 0
    outer loop
      vertex 2.1921471959676957 1.9509032201612824 -0.40000000000000013
      vertex 2.1921471959676957 1.9509032201612824 -1.2
      vertex 2.340741737109317 2.5881904510252074 -0.40000000000000013
    endloop
  endfacet
  facet normal 0.956940335732209 -0.29028467725446166 0
    outer loop
      vertex 2.340741737109317 2.5881904510252074 -0.40000000000000013
      vertex 2.340741737109317 2.5881904510252074 -1.2
      vertex 2.530698705048943 3.214394653031616 -0.40000000000000013
    endloop
  endfacet
  facet normal 0.9359059267573258 -0.3522500479212337 0
    outer loop
      vertex 2.530698705048943 3.214394653031616 -0.40000000000000013
      vertex 2.530698705048943 3.214394653031616 -1.2
      vertex 2.761204674887132 3.826834323650898 -0.40000000000000013
    endloop
  endfacet
  facet normal 0.9108638249211751 -0.4127070298043966 0
    outer loop
      vertex 3.0312725846731183 4.4228869021900135 -0.40000000000000013
      vertex 2.761204674887132 3.826834323650898 -1.2
      vertex 3.0312725846731183 4.4228869021900135 -1.2
    endloop
  endfacet
  facet normal 0.8819212643483552 -0.4713967368259976 0
    outer loop
      vertex 3.3397459621556145 5 -0.40000000000000013
      vertex 3.0312725846731183 4.4228869021900135 -1.2
      vertex 3.3397459621556145 5 -1.2
    endloop
  endfacet
  facet normal 0.8492021815265796 -0.5280678506503671 0
    outer loop
      vertex 3.6853038769745474 5.555702330196022 -0.40000000000000013
      vertex 3.3397459621556145 5 -1.2
      vertex 3.6853038769745474 5.555702330196022 -1.2
    endloop
  endfacet
  facet normal 0.8128466845916148 -0.5824776968678026 0
    outer loop
      vertex 4.066466597087649 6.087614290087206 -0.40000000000000013
      vertex 3.6853038769745474 5.555702330196022 -1.2
      vertex 4.066466597087649 6.087614290087206 -1.2
    endloop
  endfacet
  facet normal 0.773010453362738 -0.6343932841636444 0
    outer loop
      vertex 4.481601925210225 6.593458151000688 -0.40000000000000013
      vertex 4.066466597087649 6.087614290087206 -1.2
      vertex 4.481601925210225 6.593458151000688 -1.2
    endloop
  endfacet
  facet normal 0.7298640726978356 -0.6835923020228714 0
    outer loop
      vertex 4.9289321881345245 7.0710678118654755 -0.40000000000000013
      vertex 4.481601925210225 6.593458151000688 -1.2
      vertex 4.9289321881345245 7.0710678118654755 -1.2
    endloop
  endfacet
  facet normal 0.6835923020228714 -0.7298640726978356 0
    outer loop
      vertex 5.406541848999312 7.518398074789775 -0.40000000000000013
      vertex 4.9289321881345245 7.0710678118654755 -1.2
      vertex 5.406541848999312 7.518398074789775 -1.2
    endloop
  endfacet
  facet normal -0.7298640726978349 -0.683592302022872 0
    outer loop
      vertex 19.518398074789776 6.593458151000688 -0.40000000000000013
      vertex 19.071067811865476 7.0710678118654755 -1.2
      vertex 19.518398074789776 6.593458151000688 -1.2
    endloop
  endfacet
  facet normal -0.683592302022872 -0.7298640726978349 0
    outer loop
      vertex 19.071067811865476 7.0710678118654755 -0.40000000000000013
      vertex 18.59345815100069 7.518398074789775 -1.2
      vertex 19.071067811865476 7.0710678118654755 -1.2
    endloop
  endfacet
  facet normal 0.9108638249211751 -0.4127070298043966 0
    outer loop
      vertex 2.761204674887132 3.826834323650898 -0.40000000000000013
      vertex 2.761204674887132 3.826834323650898 -1.2
      vertex 3.0312725846731183 4.4228869021900135 -0.40000000000000013
    endloop
  endfacet
  facet normal 0.8819212643483552 -0.4713967368259976 0
    outer loop
      vertex 3.0312725846731183 4.4228869021900135 -0.40000000000000013
      vertex 3.0312725846731183 4.4228869021900135 -1.2
      vertex 3.3397459621556145 5 -0.40000000000000013
    endloop
  endfacet
  facet normal 0.8492021815265796 -0.5280678506503671 0
    outer loop
      vertex 3.3397459621556145 5 -0.40000000000000013
      vertex 3.3397459621556145 5 -1.2
      vertex 3.6853038769745474 5.555702330196022 -0.40000000000000013
    endloop
  endfacet
  facet normal 0.8128466845916148 -0.5824776968678026 0
    outer loop
      vertex 3.6853038769745474 5.555702330196022 -0.40000000000000013
      vertex 3.6853038769745474 5.555702330196022 -1.2
      vertex 4.066466597087649 6.087614290087206 -0.40000000000000013
    endloop
  endfacet
  facet normal 0.773010453362738 -0.6343932841636444 0
    outer loop
      vertex 4.066466597087649 6.087614290087206 -0.40000000000000013
      vertex 4.066466597087649 6.087614290087206 -1.2
      vertex 4.481601925210225 6.593458151000688 -0.40000000000000013
    endloop
  endfacet
  facet normal 0.7298640726978356 -0.6835923020228714 0
    outer loop
      vertex 4.481601925210225 6.593458151000688 -0.40000000000000013
      vertex 4.481601925210225 6.593458151000688 -1.2
      vertex 4.9289321881345245 7.0710678118654755 -0.40000000000000013
    endloop
  endfacet
  facet normal 0.6835923020228714 -0.7298640726978356 0
    outer loop
      vertex 4.9289321881345245 7.0710678118654755 -0.40000000000000013
      vertex 4.9289321881345245 7.0710678118654755 -1.2
      vertex 5.406541848999312 7.518398074789775 -0.40000000000000013
    endloop
  endfacet
  facet normal -0.7298640726978349 -0.683592302022872 2.0881044153057996e-17
    outer loop
      vertex 19.518398074789776 6.593458151000688 -0.40000000000000013
      vertex 19.071067811865476 7.0710678118654755 -0.40000000000000013
      vertex 19.071067811865476 7.0710678118654755 -1.2
    endloop
  endfacet
  facet normal -0.683592302022872 -0.7298640726978349 0
    outer loop
      vertex 18.59345815100069 7.518398074789775 -0.40000000000000013
      vertex 18.59345815100069 7.518398074789775 -1.2
      vertex 19.071067811865476 7.0710678118654755 -0.40000000000000013
    endloop
  endfacet
  facet normal -0.9994645874763657 -0.032719082821775894 0
    outer loop
      vertex 22 0 -0.40000000000000013
      vertex 21.978589232386035 0.6540312923014306 -1.2
      vertex 22 0 -1.2
    endloop
  endfacet
  facet normal -0.9951847266721966 -0.09801714032956367 0
    outer loop
      vertex 21.978589232386035 0.6540312923014306 -0.40000000000000013
      vertex 21.914448613738102 1.3052619222005157 -1.2
      vertex 21.978589232386035 0.6540312923014306 -1.2
    endloop
  endfacet
  facet normal -0.9866433320848793 -0.1628954733945863 0
    outer loop
      vertex 21.914448613738102 1.3052619222005157 -0.40000000000000013
      vertex 21.807852804032304 1.9509032201612824 -1.2
      vertex 21.914448613738102 1.3052619222005157 -1.2
    endloop
  endfacet
  facet normal -0.9738769792773332 -0.22707626303437542 0
    outer loop
      vertex 21.807852804032304 1.9509032201612824 -0.40000000000000013
      vertex 21.65925826289068 2.5881904510252074 -1.2
      vertex 21.807852804032304 1.9509032201612824 -1.2
    endloop
  endfacet
  facet normal -0.9569403357322107 -0.2902846772544567 0
    outer loop
      vertex 21.65925826289068 2.5881904510252074 -0.40000000000000013
      vertex 21.46930129495106 3.214394653031616 -1.2
      vertex 21.65925826289068 2.5881904510252074 -1.2
    endloop
  endfacet
  facet normal -0.9359059267573248 -0.35225004792123604 0
    outer loop
      vertex 21.46930129495106 3.214394653031616 -0.40000000000000013
      vertex 21.238795325112868 3.826834323650898 -1.2
      vertex 21.46930129495106 3.214394653031616 -1.2
    endloop
  endfacet
  facet normal -0.9994645874763657 -0.032719082821775894 1.3550717930444394e-18
    outer loop
      vertex 22 0 -0.40000000000000013
      vertex 21.978589232386035 0.6540312923014306 -0.40000000000000013
      vertex 21.978589232386035 0.6540312923014306 -1.2
    endloop
  endfacet
  facet normal -0.9951847266721966 -0.09801714032956367 5.350910461781238e-18
    outer loop
      vertex 21.978589232386035 0.6540312923014306 -0.40000000000000013
      vertex 21.914448613738102 1.3052619222005157 -0.40000000000000013
      vertex 21.914448613738102 1.3052619222005157 -1.2
    endloop
  endfacet
  facet normal -0.9866433320848793 -0.1628954733945863 -8.017944299925095e-18
    outer loop
      vertex 21.914448613738102 1.3052619222005157 -0.40000000000000013
      vertex 21.807852804032304 1.9509032201612824 -0.40000000000000013
      vertex 21.807852804032304 1.9509032201612824 -1.2
    endloop
  endfacet
  facet normal -0.9738769792773332 -0.22707626303437542 1.0845175536898573e-17
    outer loop
      vertex 21.807852804032304 1.9509032201612824 -0.40000000000000013
      vertex 21.65925826289068 2.5881904510252074 -0.40000000000000013
      vertex 21.65925826289068 2.5881904510252074 -1.2
    endloop
  endfacet
  facet normal -0.9569403357322107 -0.2902846772544567 -2.107084642023931e-18
    outer loop
      vertex 21.65925826289068 2.5881904510252074 -0.40000000000000013
      vertex 21.46930129495106 3.214394653031616 -0.40000000000000013
      vertex 21.46930129495106 3.214394653031616 -1.2
    endloop
  endfacet
  facet normal -0.9359059267573248 -0.35225004792123604 3.748706106397945e-18
    outer loop
      vertex 21.46930129495106 3.214394653031616 -0.40000000000000013
      vertex 21.238795325112868 3.826834323650898 -0.40000000000000013
      vertex 21.238795325112868 3.826834323650898 -1.2
    endloop
  endfacet
  facet normal -0.9108638249211751 -0.4127070298043966 0
    outer loop
      vertex 21.238795325112868 3.826834323650898 -0.40000000000000013
      vertex 20.96872741532688 4.4228869021900135 -1.2
      vertex 21.238795325112868 3.826834323650898 -1.2
    endloop
  endfacet
  facet normal -0.8819212643483552 -0.4713967368259976 0
    outer loop
      vertex 20.96872741532688 4.4228869021900135 -0.40000000000000013
      vertex 20.660254037844386 5 -1.2
      vertex 20.96872741532688 4.4228869021900135 -1.2
    endloop
  endfacet
  facet normal -0.8492021815265796 -0.5280678506503671 0
    outer loop
      vertex 20.660254037844386 5 -0.40000000000000013
      vertex 20.314696123025453 5.555702330196022 -1.2
      vertex 20.660254037844386 5 -1.2
    endloop
  endfacet
  facet normal -0.8128466845916161 -0.5824776968678009 0
    outer loop
      vertex 20.314696123025453 5.555702330196022 -0.40000000000000013
      vertex 19.933533402912353 6.087614290087206 -1.2
      vertex 20.314696123025453 5.555702330196022 -1.2
    endloop
  endfacet
  facet normal -0.7730104533627373 -0.6343932841636453 0
    outer loop
      vertex 19.933533402912353 6.087614290087206 -0.40000000000000013
      vertex 19.518398074789776 6.593458151000688 -1.2
      vertex 19.933533402912353 6.087614290087206 -1.2
    endloop
  endfacet
  facet normal -0.9108638249211751 -0.4127070298043966 2.155009047980356e-17
    outer loop
      vertex 21.238795325112868 3.826834323650898 -0.40000000000000013
      vertex 20.96872741532688 4.4228869021900135 -0.40000000000000013
      vertex 20.96872741532688 4.4228869021900135 -1.2
    endloop
  endfacet
  facet normal -0.8819212643483552 -0.4713967368259976 1.7246342946613727e-17
    outer loop
      vertex 20.96872741532688 4.4228869021900135 -0.40000000000000013
      vertex 20.660254037844386 5 -0.40000000000000013
      vertex 20.660254037844386 5 -1.2
    endloop
  endfacet
  facet normal -0.8492021815265796 -0.5280678506503671 -2.326161576922457e-17
    outer loop
      vertex 20.660254037844386 5 -0.40000000000000013
      vertex 20.314696123025453 5.555702330196022 -0.40000000000000013
      vertex 20.314696123025453 5.555702330196022 -1.2
    endloop
  endfacet
  facet normal -0.8128466845916161 -0.5824776968678009 2.2600074817694866e-17
    outer loop
      vertex 20.314696123025453 5.555702330196022 -0.40000000000000013
      vertex 19.933533402912353 6.087614290087206 -0.40000000000000013
      vertex 19.933533402912353 6.087614290087206 -1.2
    endloop
  endfacet
  facet normal -0.7730104533627373 -0.6343932841636453 -8.663783655724381e-18
    outer loop
      vertex 19.933533402912353 6.087614290087206 -0.40000000000000013
      vertex 19.518398074789776 6.593458151000688 -0.40000000000000013
      vertex 19.518398074789776 6.593458151000688 -1.2
    endloop
  endfacet
  facet normal 0 0 -1
    outer loop
      vertex 2.0214107676139648 -0.6540312923014306 -0.40000000000000013
      vertex 2 0 -0.40000000000000013
      vertex 2.0214107676139648 0.6540312923014306 -0.40000000000000013
    endloop
  endfacet
  facet normal 0 0 -1
    outer loop
      vertex 2.085551386261896 -1.3052619222005157 -0.40000000000000013
      vertex 2.0214107676139648 0.6540312923014306 -0.40000000000000013
      vertex 2.085551386261896 1.3052619222005157 -0.40000000000000013
    endloop
  endfacet
  facet normal 0 0 -1
    outer loop
      vertex 2.1921471959676957 -1.9509032201612824 -0.40000000000000013
      vertex 2.085551386261896 1.3052619222005157 -0.40000000000000013
      vertex 2.1921471959676957 1.9509032201612824 -0.40000000000000013
    endloop
  endfacet
  facet normal 0 0 -1
    outer loop
      vertex 2.340741737109317 -2.5881904510252074 -0.40000000000000013
      vertex 2.1921471959676957 1.9509032201612824 -0.40000000000000013
      vertex 2.340741737109317 2.5881904510252074 -0.40000000000000013
    endloop
  endfacet
  facet normal 0 0 -1
    outer loop
      vertex 2.530698705048943 -3.214394653031616 -0.40000000000000013
      vertex 2.340741737109317 2.5881904510252074 -0.40000000000000013
      vertex 2.530698705048943 3.214394653031616 -0.40000000000000013
    endloop
  endfacet
  facet normal 0 0 -1
    outer loop
      vertex 2.761204674887132 -3.826834323650898 -0.40000000000000013
      vertex 2.530698705048943 3.214394653031616 -0.40000000000000013
      vertex 2.761204674887132 3.826834323650898 -0.40000000000000013
    endloop
  endfacet
  facet normal 0 0 -1
    outer loop
      vertex 3.0312725846731183 -4.4228869021900135 -0.40000000000000013
      vertex 2.761204674887132 3.826834323650898 -0.40000000000000013
      vertex 3.0312725846731183 4.4228869021900135 -0.40000000000000013
    endloop
  endfacet
  facet normal 0 0 -1
    outer loop
      vertex 3.3397459621556145 -5 -0.40000000000000013
      vertex 3.0312725846731183 4.4228869021900135 -0.40000000000000013
      vertex 3.3397459621556145 5 -0.40000000000000013
    endloop
  endfacet
  facet normal 0 0 -1
    outer loop
      vertex 3.6853038769745474 -5.555702330196022 -0.40000000000000013
      vertex 3.3397459621556145 5 -0.40000000000000013
      vertex 3.6853038769745474 5.555702330196022 -0.40000000000000013
    endloop
  endfacet
  facet normal 0 0 -1
    outer loop
      vertex 4.066466597087649 -6.087614290087206 -0.40000000000000013
      vertex 3.6853038769745474 5.555702330196022 -0.40000000000000013
      vertex 4.066466597087649 6.087614290087206 -0.40000000000000013
    endloop
  endfacet
  facet normal 0 0 -1
    outer loop
      vertex 4.481601925210225 -6.593458151000688 -0.40000000000000013
      vertex 4.066466597087649 6.087614290087206 -0.40000000000000013
      vertex 4.481601925210225 6.593458151000688 -0.40000000000000013
    endloop
  endfacet
  facet normal 0 0 -1
    outer loop
      vertex 4.9289321881345245 -7.0710678118654755 -0.40000000000000013
      vertex 4.481601925210225 6.593458151000688 -0.40000000000000013
      vertex 4.9289321881345245 7.0710678118654755 -0.40000000000000013
    endloop
  endfacet
  facet normal 0 0 -1
    outer loop
      vertex 5.406541848999312 -7.518398074789775 -0.40000000000000013
      vertex 4.9289321881345245 7.0710678118654755 -0.40000000000000013
      vertex 5.406541848999312 7.518398074789775 -0.40000000000000013
    endloop
  endfacet
  facet normal 0 0 -1
    outer loop
      vertex 5.912385709912794 -7.933533402912351 -0.40000000000000013
      vertex 5.406541848999312 7.518398074789775 -0.40000000000000013
      vertex 5.912385709912794 7.933533402912351 -0.40000000000000013
    endloop
  endfacet
  facet normal 0 0 -1
    outer loop
      vertex 6.444297669803978 -8.314696123025453 -0.40000000000000013
      vertex 5.912385709912794 7.933533402912351 -0.40000000000000013
      vertex 6.444297669803978 8.314696123025453 -0.40000000000000013
    endloop
  endfacet
  facet normal 0 0 -1
    outer loop
      vertex 7 -8.660254037844386 -0.40000000000000013
      vertex 6.444297669803978 8.314696123025453 -0.40000000000000013
      vertex 7 8.660254037844386 -0.40000000000000013
    endloop
  endfacet
  facet normal 0 0 -1
    outer loop
      vertex 7.5771130978099865 -8.968727415326882 -0.40000000000000013
      vertex 7 8.660254037844386 -0.40000000000000013
      vertex 7.5771130978099865 8.968727415326882 -0.40000000000000013
    endloop
  endfacet
  facet normal 0 0 -1
    outer loop
      vertex 8.173165676349102 -9.238795325112868 -0.40000000000000013
      vertex 7.5771130978099865 8.968727415326882 -0.40000000000000013
      vertex 8.173165676349102 9.238795325112868 -0.40000000000000013
    endloop
  endfacet
  facet normal 0 0 -1
    outer loop
      vertex 8.785605346968385 -9.469301294951057 -0.40000000000000013
      vertex 8.173165676349102 9.238795325112868 -0.40000000000000013
      vertex 8.785605346968385 9.469301294951057 -0.40000000000000013
    endloop
  endfacet
  facet normal 0 0 -1
    outer loop
      vertex 9.411809548974793 -9.659258262890683 -0.40000000000000013
      vertex 8.785605346968385 9.469301294951057 -0.40000000000000013
      vertex 9.411809548974793 9.659258262890683 -0.40000000000000013
    endloop
  endfacet
  facet normal 0 0 -1
    outer loop
      vertex 10.049096779838717 -9.807852804032304 -0.40000000000000013
      vertex 9.411809548974793 9.659258262890683 -0.40000000000000013
      vertex 10.049096779838717 9.807852804032304 -0.40000000000000013
    endloop
  endfacet
  facet normal 0 0 -1
    outer loop
      vertex 10.694738077799485 -9.914448613738104 -0.40000000000000013
      vertex 10.049096779838717 9.807852804032304 -0.40000000000000013
      vertex 10.694738077799485 9.914448613738104 -0.40000000000000013
    endloop
  endfacet
  facet normal 0 0 -1
    outer loop
      vertex 11.34596870769857 -9.978589232386035 -0.40000000000000013
      vertex 10.694738077799485 9.914448613738104 -0.40000000000000013
      vertex 11.34596870769857 9.978589232386035 -0.40000000000000013
    endloop
  endfacet
  facet normal 0 0 -1
    outer loop
      vertex 12 -10 -0.40000000000000013
      vertex 11.34596870769857 9.978589232386035 -0.40000000000000013
      vertex 12 10 -0.40000000000000013
    endloop
  endfacet
  facet normal 0 0 -1
    outer loop
      vertex 14.588190451025207 -9.659258262890683 -0.40000000000000013
      vertex 13.950903220161283 9.807852804032304 -0.40000000000000013
      vertex 14.588190451025207 9.659258262890683 -0.40000000000000013
    endloop
  endfacet
  facet normal 0 0 -1
    outer loop
      vertex 12.65403129230143 -9.978589232386035 -0.40000000000000013
      vertex 12 10 -0.40000000000000013
      vertex 12.65403129230143 9.978589232386035 -0.40000000000000013
    endloop
  endfacet
  facet normal 0 0 -1
    outer loop
      vertex 13.305261922200515 -9.914448613738104 -0.40000000000000013
      vertex 12.65403129230143 9.978589232386035 -0.40000000000000013
      vertex 13.305261922200515 9.914448613738104 -0.40000000000000013
    endloop
  endfacet
  facet normal 0 0 -1
    outer loop
      vertex 13.950903220161283 -9.807852804032304 -0.40000000000000013
      vertex 13.305261922200515 9.914448613738104 -0.40000000000000013
      vertex 13.950903220161283 9.807852804032304 -0.40000000000000013
    endloop
  endfacet
  facet normal 0 0 -1
    outer loop
      vertex 18.087614290087206 -7.933533402912351 -0.40000000000000013
      vertex 17.55570233019602 8.314696123025453 -0.40000000000000013
      vertex 18.087614290087206 7.933533402912351 -0.40000000000000013
    endloop
  endfacet
  facet normal 0 0 -1
    outer loop
      vertex 19.518398074789776 -6.593458151000688 -0.40000000000000013
      vertex 19.071067811865476 7.0710678118654755 -0.40000000000000013
      vertex 19.518398074789776 6.593458151000688 -0.40000000000000013
    endloop
  endfacet
  facet normal 0 0 -1
    outer loop
      vertex 19.071067811865476 -7.0710678118654755 -0.40000000000000013
      vertex 18.59345815100069 7.518398074789775 -0.40000000000000013
      vertex 19.071067811865476 7.0710678118654755 -0.40000000000000013
    endloop
  endfacet
  facet normal 0 0 -1
    outer loop
      vertex 18.59345815100069 -7.518398074789775 -0.40000000000000013
      vertex 18.087614290087206 7.933533402912351 -0.40000000000000013
      vertex 18.59345815100069 7.518398074789775 -0.40000000000000013
    endloop
  endfacet
  facet normal 0 0 -1
    outer loop
      vertex 15.214394653031615 -9.469301294951057 -0.40000000000000013
      vertex 14.588190451025207 9.659258262890683 -0.40000000000000013
      vertex 15.214394653031615 9.469301294951057 -0.40000000000000013
    endloop
  endfacet
  facet normal 0 0 -1
    outer loop
      vertex 15.826834323650898 -9.238795325112868 -0.40000000000000013
      vertex 15.214394653031615 9.469301294951057 -0.40000000000000013
      vertex 15.826834323650898 9.238795325112868 -0.40000000000000013
    endloop
  endfacet
  facet normal 0 0 -1
    outer loop
      vertex 17 -8.660254037844386 -0.40000000000000013
      vertex 16.422886902190015 8.968727415326882 -0.40000000000000013
      vertex 17 8.660254037844386 -0.40000000000000013
    endloop
  endfacet
  facet normal 0 0 -1
    outer loop
      vertex 16.422886902190015 -8.968727415326882 -0.40000000000000013
      vertex 15.826834323650898 9.238795325112868 -0.40000000000000013
      vertex 16.422886902190015 8.968727415326882 -0.40000000000000013
    endloop
  endfacet
  facet normal 0 0 -1
    outer loop
      vertex 17.55570233019602 -8.314696123025453 -0.40000000000000013
      vertex 17 8.660254037844386 -0.40000000000000013
      vertex 17.55570233019602 8.314696123025453 -0.40000000000000013
    endloop
  endfacet
  facet normal 0 0 -1
    outer loop
      vertex 21.914448613738102 -1.3052619222005157 -0.40000000000000013
      vertex 21.807852804032304 1.9509032201612824 -0.40000000000000013
      vertex 21.914448613738102 1.3052619222005157 -0.40000000000000013
    endloop
  endfacet
  facet normal 0 0 -1
    outer loop
      vertex 21.807852804032304 -1.9509032201612824 -0.40000000000000013
      vertex 21.65925826289068 2.5881904510252074 -0.40000000000000013
      vertex 21.807852804032304 1.9509032201612824 -0.40000000000000013
    endloop
  endfacet
  facet normal 0 0 -1
    outer loop
      vertex 21.978589232386035 -0.6540312923014306 -0.40000000000000013
      vertex 21.978589232386035 0.6540312923014306 -0.40000000000000013
      vertex 22 0 -0.40000000000000013
    endloop
  endfacet
  facet normal 0 0 -1
    outer loop
      vertex 21.978589232386035 -0.6540312923014306 -0.40000000000000013
      vertex 21.914448613738102 1.3052619222005157 -0.40000000000000013
      vertex 21.978589232386035 0.6540312923014306 -0.40000000000000013
    endloop
  endfacet
  facet normal 0 0 -1
    outer loop
      vertex 21.65925826289068 -2.5881904510252074 -0.40000000000000013
      vertex 21.46930129495106 3.214394653031616 -0.40000000000000013
      vertex 21.65925826289068 2.5881904510252074 -0.40000000000000013
    endloop
  endfacet
  facet normal 0 0 -1
    outer loop
      vertex 21.46930129495106 -3.214394653031616 -0.40000000000000013
      vertex 21.238795325112868 3.826834323650898 -0.40000000000000013
      vertex 21.46930129495106 3.214394653031616 -0.40000000000000013
    endloop
  endfacet
  facet normal 0 0 -1
    outer loop
      vertex 20.660254037844386 -5 -0.40000000000000013
      vertex 20.314696123025453 5.555702330196022 -0.40000000000000013
      vertex 20.660254037844386 5 -0.40000000000000013
    endloop
  endfacet
  facet normal 0 0 -1
    outer loop
      vertex 21.238795325112868 -3.826834323650898 -0.40000000000000013
      vertex 20.96872741532688 4.4228869021900135 -0.40000000000000013
      vertex 21.238795325112868 3.826834323650898 -0.40000000000000013
    endloop
  endfacet
  facet normal 0 0 -1
    outer loop
      vertex 20.96872741532688 -4.4228869021900135 -0.40000000000000013
      vertex 20.660254037844386 5 -0.40000000000000013
      vertex 20.96872741532688 4.4228869021900135 -0.40000000000000013
    endloop
  endfacet
  facet normal 0 0 -1
    outer loop
      vertex 20.314696123025453 -5.555702330196022 -0.40000000000000013
      vertex 19.933533402912353 6.087614290087206 -0.40000000000000013
      vertex 20.314696123025453 5.555702330196022 -0.40000000000000013
    endloop
  endfacet
  facet normal 0 0 -1
    outer loop
      vertex 19.933533402912353 -6.087614290087206 -0.40000000000000013
      vertex 19.518398074789776 6.593458151000688 -0.40000000000000013
      vertex 19.933533402912353 6.087614290087206 -0.40000000000000013
    endloop
  endfacet
  facet normal 0.6343932841636444 -0.773010453362738 0
    outer loop
      vertex 5.912385709912794 7.933533402912351 -0.40000000000000013
      vertex 5.406541848999312 7.518398074789775 -1.2
      vertex 5.912385709912794 7.933533402912351 -1.2
    endloop
  endfacet
  facet normal 0.5824776968678026 -0.8128466845916148 0
    outer loop
      vertex 6.444297669803978 8.314696123025453 -0.40000000000000013
      vertex 5.912385709912794 7.933533402912351 -1.2
      vertex 6.444297669803978 8.314696123025453 -1.2
    endloop
  endfacet
  facet normal 0.5280678506503671 -0.8492021815265796 0
    outer loop
      vertex 7 8.660254037844386 -0.40000000000000013
      vertex 6.444297669803978 8.314696123025453 -1.2
      vertex 7 8.660254037844386 -1.2
    endloop
  endfacet
  facet normal 0.4713967368259976 -0.8819212643483552 0
    outer loop
      vertex 7.5771130978099865 8.968727415326882 -0.40000000000000013
      vertex 7 8.660254037844386 -1.2
      vertex 7.5771130978099865 8.968727415326882 -1.2
    endloop
  endfacet
  facet normal 0.4127070298043966 -0.9108638249211751 0
    outer loop
      vertex 8.173165676349102 9.238795325112868 -0.40000000000000013
      vertex 7.5771130978099865 8.968727415326882 -1.2
      vertex 8.173165676349102 9.238795325112868 -1.2
    endloop
  endfacet
  facet normal 0.35225004792123327 -0.9359059267573258 0
    outer loop
      vertex 8.785605346968385 9.469301294951057 -0.40000000000000013
      vertex 8.173165676349102 9.238795325112868 -1.2
      vertex 8.785605346968385 9.469301294951057 -1.2
    endloop
  endfacet
  facet normal 0.290284677254462 -0.956940335732209 0
    outer loop
      vertex 9.411809548974793 9.659258262890683 -0.40000000000000013
      vertex 8.785605346968385 9.469301294951057 -1.2
      vertex 9.411809548974793 9.659258262890683 -1.2
    endloop
  endfacet
  facet normal -0.6343932841636437 -0.7730104533627385 0
    outer loop
      vertex 18.59345815100069 7.518398074789775 -0.40000000000000013
      vertex 18.087614290087206 7.933533402912351 -1.2
      vertex 18.59345815100069 7.518398074789775 -1.2
    endloop
  endfacet
  facet normal -0.5824776968678014 -0.8128466845916157 0
    outer loop
      vertex 18.087614290087206 7.933533402912351 -0.40000000000000013
      vertex 17.55570233019602 8.314696123025453 -1.2
      vertex 18.087614290087206 7.933533402912351 -1.2
    endloop
  endfacet
  facet normal -0.5280678506503682 -0.8492021815265787 0
    outer loop
      vertex 17.55570233019602 8.314696123025453 -0.40000000000000013
      vertex 17 8.660254037844386 -1.2
      vertex 17.55570233019602 8.314696123025453 -1.2
    endloop
  endfacet
  facet normal -0.47139673682599864 -0.8819212643483545 0
    outer loop
      vertex 17 8.660254037844386 -0.40000000000000013
      vertex 16.422886902190015 8.968727415326882 -1.2
      vertex 17 8.660254037844386 -1.2
    endloop
  endfacet
  facet normal -0.35225004792123327 -0.9359059267573258 0
    outer loop
      vertex 15.826834323650898 9.238795325112868 -0.40000000000000013
      vertex 15.214394653031615 9.469301294951057 -1.2
      vertex 15.826834323650898 9.238795325112868 -1.2
    endloop
  endfacet
  facet normal -0.41270702980439555 -0.9108638249211755 0
    outer loop
      vertex 16.422886902190015 8.968727415326882 -0.40000000000000013
      vertex 15.826834323650898 9.238795325112868 -1.2
      vertex 16.422886902190015 8.968727415326882 -1.2
    endloop
  endfacet
  facet normal 0.2270762630343732 -0.9738769792773337 0
    outer loop
      vertex 10.049096779838717 9.807852804032304 -0.40000000000000013
      vertex 9.411809548974793 9.659258262890683 -1.2
      vertex 10.049096779838717 9.807852804032304 -1.2
    endloop
  endfacet
  facet normal 0.16289547339458849 -0.986643332084879 0
    outer loop
      vertex 10.694738077799485 9.914448613738104 -0.40000000000000013
      vertex 10.049096779838717 9.807852804032304 -1.2
      vertex 10.694738077799485 9.914448613738104 -1.2
    endloop
  endfacet
  facet normal 0.09801714032956114 -0.9951847266721968 0
    outer loop
      vertex 11.34596870769857 9.978589232386035 -0.40000000000000013
      vertex 10.694738077799485 9.914448613738104 -1.2
      vertex 11.34596870769857 9.978589232386035 -1.2
    endloop
  endfacet
  facet normal 0.03271908282177587 -0.9994645874763655 0
    outer loop
      vertex 12 10 -0.40000000000000013
      vertex 11.34596870769857 9.978589232386035 -1.2
      vertex 12 10 -1.2
    endloop
  endfacet
  facet normal -0.16289547339458849 -0.986643332084879 0
    outer loop
      vertex 13.950903220161283 9.807852804032304 -0.40000000000000013
      vertex 13.305261922200515 9.914448613738104 -1.2
      vertex 13.950903220161283 9.807852804032304 -1.2
    endloop
  endfacet
  facet normal -0.2270762630343732 -0.9738769792773337 0
    outer loop
      vertex 14.588190451025207 9.659258262890683 -0.40000000000000013
      vertex 13.950903220161283 9.807852804032304 -1.2
      vertex 14.588190451025207 9.659258262890683 -1.2
    endloop
  endfacet
  facet normal -0.03271908282177587 -0.9994645874763655 0
    outer loop
      vertex 12.65403129230143 9.978589232386035 -0.40000000000000013
      vertex 12 10 -1.2
      vertex 12.65403129230143 9.978589232386035 -1.2
    endloop
  endfacet
  facet normal -0.09801714032956114 -0.9951847266721968 0
    outer loop
      vertex 13.305261922200515 9.914448613738104 -0.40000000000000013
      vertex 12.65403129230143 9.978589232386035 -1.2
      vertex 13.305261922200515 9.914448613738104 -1.2
    endloop
  endfacet
  facet normal -0.290284677254462 -0.956940335732209 0
    outer loop
      vertex 15.214394653031615 9.469301294951057 -0.40000000000000013
      vertex 14.588190451025207 9.659258262890683 -1.2
      vertex 15.214394653031615 9.469301294951057 -1.2
    endloop
  endfacet
  facet normal 0.6343932841636444 -0.773010453362738 0
    outer loop
      vertex 5.406541848999312 7.518398074789775 -0.40000000000000013
      vertex 5.406541848999312 7.518398074789775 -1.2
      vertex 5.912385709912794 7.933533402912351 -0.40000000000000013
    endloop
  endfacet
  facet normal 0.5824776968678026 -0.8128466845916148 0
    outer loop
      vertex 5.912385709912794 7.933533402912351 -0.40000000000000013
      vertex 5.912385709912794 7.933533402912351 -1.2
      vertex 6.444297669803978 8.314696123025453 -0.40000000000000013
    endloop
  endfacet
  facet normal 0.5280678506503671 -0.8492021815265796 0
    outer loop
      vertex 6.444297669803978 8.314696123025453 -0.40000000000000013
      vertex 6.444297669803978 8.314696123025453 -1.2
      vertex 7 8.660254037844386 -0.40000000000000013
    endloop
  endfacet
  facet normal 0.4713967368259976 -0.8819212643483552 0
    outer loop
      vertex 7 8.660254037844386 -0.40000000000000013
      vertex 7 8.660254037844386 -1.2
      vertex 7.5771130978099865 8.968727415326882 -0.40000000000000013
    endloop
  endfacet
  facet normal 0.4127070298043966 -0.9108638249211751 0
    outer loop
      vertex 7.5771130978099865 8.968727415326882 -0.40000000000000013
      vertex 7.5771130978099865 8.968727415326882 -1.2
      vertex 8.173165676349102 9.238795325112868 -0.40000000000000013
    endloop
  endfacet
  facet normal 0.35225004792123327 -0.9359059267573258 0
    outer loop
      vertex 8.173165676349102 9.238795325112868 -0.40000000000000013
      vertex 8.173165676349102 9.238795325112868 -1.2
      vertex 8.785605346968385 9.469301294951057 -0.40000000000000013
    endloop
  endfacet
  facet normal 0.290284677254462 -0.956940335732209 0
    outer loop
      vertex 8.785605346968385 9.469301294951057 -0.40000000000000013
      vertex 8.785605346968385 9.469301294951057 -1.2
      vertex 9.411809548974793 9.659258262890683 -0.40000000000000013
    endloop
  endfacet
  facet normal 0.2270762630343732 -0.9738769792773337 0
    outer loop
      vertex 9.411809548974793 9.659258262890683 -0.40000000000000013
      vertex 9.411809548974793 9.659258262890683 -1.2
      vertex 10.049096779838717 9.807852804032304 -0.40000000000000013
    endloop
  endfacet
  facet normal -0.6343932841636437 -0.7730104533627385 -1.3823932768968134e-17
    outer loop
      vertex 18.59345815100069 7.518398074789775 -0.40000000000000013
      vertex 18.087614290087206 7.933533402912351 -0.40000000000000013
      vertex 18.087614290087206 7.933533402912351 -1.2
    endloop
  endfacet
  facet normal -0.5824776968678014 -0.8128466845916157 -5.574107320348705e-19
    outer loop
      vertex 18.087614290087206 7.933533402912351 -0.40000000000000013
      vertex 17.55570233019602 8.314696123025453 -0.40000000000000013
      vertex 17.55570233019602 8.314696123025453 -1.2
    endloop
  endfacet
  facet normal -0.47139673682599864 -0.8819212643483545 0
    outer loop
      vertex 16.422886902190015 8.968727415326882 -0.40000000000000013
      vertex 16.422886902190015 8.968727415326882 -1.2
      vertex 17 8.660254037844386 -0.40000000000000013
    endloop
  endfacet
  facet normal -0.41270702980439555 -0.9108638249211755 6.474421129282034e-18
    outer loop
      vertex 16.422886902190015 8.968727415326882 -0.40000000000000013
      vertex 15.826834323650898 9.238795325112868 -0.40000000000000013
      vertex 15.826834323650898 9.238795325112868 -1.2
    endloop
  endfacet
  facet normal -0.5280678506503682 -0.8492021815265787 -1.7127004143728503e-17
    outer loop
      vertex 17.55570233019602 8.314696123025453 -0.40000000000000013
      vertex 17 8.660254037844386 -0.40000000000000013
      vertex 17 8.660254037844386 -1.2
    endloop
  endfacet
  facet normal 0.16289547339458849 -0.986643332084879 0
    outer loop
      vertex 10.049096779838717 9.807852804032304 -0.40000000000000013
      vertex 10.049096779838717 9.807852804032304 -1.2
      vertex 10.694738077799485 9.914448613738104 -0.40000000000000013
    endloop
  endfacet
  facet normal 0.09801714032956114 -0.9951847266721968 0
    outer loop
      vertex 10.694738077799485 9.914448613738104 -0.40000000000000013
      vertex 10.694738077799485 9.914448613738104 -1.2
      vertex 11.34596870769857 9.978589232386035 -0.40000000000000013
    endloop
  endfacet
  facet normal 0.03271908282177587 -0.9994645874763655 0
    outer loop
      vertex 11.34596870769857 9.978589232386035 -0.40000000000000013
      vertex 11.34596870769857 9.978589232386035 -1.2
      vertex 12 10 -0.40000000000000013
    endloop
  endfacet
  facet normal -0.2270762630343732 -0.9738769792773337 0
    outer loop
      vertex 13.950903220161283 9.807852804032304 -0.40000000000000013
      vertex 13.950903220161283 9.807852804032304 -1.2
      vertex 14.588190451025207 9.659258262890683 -0.40000000000000013
    endloop
  endfacet
  facet normal -0.03271908282177587 -0.9994645874763655 0
    outer loop
      vertex 12 10 -0.40000000000000013
      vertex 12 10 -1.2
      vertex 12.65403129230143 9.978589232386035 -0.40000000000000013
    endloop
  endfacet
  facet normal -0.09801714032956114 -0.9951847266721968 0
    outer loop
      vertex 12.65403129230143 9.978589232386035 -0.40000000000000013
      vertex 12.65403129230143 9.978589232386035 -1.2
      vertex 13.305261922200515 9.914448613738104 -0.40000000000000013
    endloop
  endfacet
  facet normal -0.16289547339458849 -0.986643332084879 0
    outer loop
      vertex 13.305261922200515 9.914448613738104 -0.40000000000000013
      vertex 13.305261922200515 9.914448613738104 -1.2
      vertex 13.950903220161283 9.807852804032304 -0.40000000000000013
    endloop
  endfacet
  facet normal -0.290284677254462 -0.956940335732209 -6.110786109132129e-18
    outer loop
      vertex 15.214394653031615 9.469301294951057 -0.40000000000000013
      vertex 14.588190451025207 9.659258262890683 -0.40000000000000013
      vertex 14.588190451025207 9.659258262890683 -1.2
    endloop
  endfacet
  facet normal -0.35225004792123327 -0.9359059267573258 0
    outer loop
      vertex 15.214394653031615 9.469301294951057 -0.40000000000000013
      vertex 15.214394653031615 9.469301294951057 -1.2
      vertex 15.826834323650898 9.238795325112868 -0.40000000000000013
    endloop
  endfacet
  facet normal 0.22707626303437256 0.9738769792773337 0
    outer loop
      vertex 33.411809548974794 -9.659258262890683 -0.8
      vertex 34.04909677983872 -9.807852804032304 -1.2
      vertex 33.411809548974794 -9.659258262890683 -1.2
    endloop
  endfacet
  facet normal 0.2902846772544598 0.9569403357322097 0
    outer loop
      vertex 32.78560534696838 -9.469301294951057 -0.8
      vertex 33.411809548974794 -9.659258262890683 -1.2
      vertex 32.78560534696838 -9.469301294951057 -1.2
    endloop
  endfacet
  facet normal 0.09801714032956141 0.9951847266721968 0
    outer loop
      vertex 34.694738077799485 -9.914448613738104 -0.8
      vertex 35.34596870769857 -9.978589232386035 -1.2
      vertex 34.694738077799485 -9.914448613738104 -1.2
    endloop
  endfacet
  facet normal 0.03271908282177578 0.9994645874763655 0
    outer loop
      vertex 35.34596870769857 -9.978589232386035 -0.8
      vertex 36 -10 -1.2
      vertex 35.34596870769857 -9.978589232386035 -1.2
    endloop
  endfacet
  facet normal -0.03271908282177578 0.9994645874763655 0
    outer loop
      vertex 36 -10 -0.8
      vertex 36.65403129230143 -9.978589232386035 -1.2
      vertex 36 -10 -1.2
    endloop
  endfacet
  facet normal 0.16289547339458937 0.9866433320848789 0
    outer loop
      vertex 34.04909677983872 -9.807852804032304 -0.8
      vertex 34.694738077799485 -9.914448613738104 -1.2
      vertex 34.04909677983872 -9.807852804032304 -1.2
    endloop
  endfacet
  facet normal -0.09801714032956141 0.9951847266721968 0
    outer loop
      vertex 36.65403129230143 -9.978589232386035 -0.8
      vertex 37.305261922200515 -9.914448613738104 -1.2
      vertex 36.65403129230143 -9.978589232386035 -1.2
    endloop
  endfacet
  facet normal -0.16289547339458937 0.9866433320848789 0
    outer loop
      vertex 37.305261922200515 -9.914448613738104 -0.8
      vertex 37.95090322016128 -9.807852804032304 -1.2
      vertex 37.305261922200515 -9.914448613738104 -1.2
    endloop
  endfacet
  facet normal -0.22707626303437256 0.9738769792773337 0
    outer loop
      vertex 37.95090322016128 -9.807852804032304 -0.8
      vertex 38.588190451025206 -9.659258262890683 -1.2
      vertex 37.95090322016128 -9.807852804032304 -1.2
    endloop
  endfacet
  facet normal -0.2902846772544598 0.9569403357322097 0
    outer loop
      vertex 38.588190451025206 -9.659258262890683 -0.8
      vertex 39.21439465303162 -9.469301294951057 -1.2
      vertex 38.588190451025206 -9.659258262890683 -1.2
    endloop
  endfacet
  facet normal 0.35225004792123416 0.9359059267573255 -3.7851613737485073e-17
    outer loop
      vertex 32.1731656763491 -9.238795325112868 -0.8
      vertex 32.78560534696838 -9.469301294951057 -0.8
      vertex 32.78560534696838 -9.469301294951057 -1.2
    endloop
  endfacet
  facet normal 0.22707626303437256 0.9738769792773337 2.5015414930450076e-17
    outer loop
      vertex 33.411809548974794 -9.659258262890683 -0.8
      vertex 34.04909677983872 -9.807852804032304 -0.8
      vertex 34.04909677983872 -9.807852804032304 -1.2
    endloop
  endfacet
  facet normal 0.2902846772544598 0.9569403357322097 0
    outer loop
      vertex 33.411809548974794 -9.659258262890683 -0.8
      vertex 33.411809548974794 -9.659258262890683 -1.2
      vertex 32.78560534696838 -9.469301294951057 -0.8
    endloop
  endfacet
  facet normal 0.16289547339458937 0.9866433320848789 -1.5920440186288753e-17
    outer loop
      vertex 34.04909677983872 -9.807852804032304 -0.8
      vertex 34.694738077799485 -9.914448613738104 -0.8
      vertex 34.694738077799485 -9.914448613738104 -1.2
    endloop
  endfacet
  facet normal 0.09801714032956141 0.9951847266721968 0
    outer loop
      vertex 35.34596870769857 -9.978589232386035 -0.8
      vertex 35.34596870769857 -9.978589232386035 -1.2
      vertex 34.694738077799485 -9.914448613738104 -0.8
    endloop
  endfacet
  facet normal 0.03271908282177578 0.9994645874763655 -1.6983903675614639e-18
    outer loop
      vertex 35.34596870769857 -9.978589232386035 -0.8
      vertex 36 -10 -0.8
      vertex 36 -10 -1.2
    endloop
  endfacet
  facet normal -0.03271908282177578 0.9994645874763655 1.6983903675614639e-18
    outer loop
      vertex 36 -10 -0.8
      vertex 36.65403129230143 -9.978589232386035 -0.8
      vertex 36.65403129230143 -9.978589232386035 -1.2
    endloop
  endfacet
  facet normal -0.09801714032956141 0.9951847266721968 5.269041085886559e-18
    outer loop
      vertex 36.65403129230143 -9.978589232386035 -0.8
      vertex 37.305261922200515 -9.914448613738104 -0.8
      vertex 37.305261922200515 -9.914448613738104 -1.2
    endloop
  endfacet
  facet normal -0.16289547339458937 0.9866433320848789 1.5920440186288753e-17
    outer loop
      vertex 37.305261922200515 -9.914448613738104 -0.8
      vertex 37.95090322016128 -9.807852804032304 -0.8
      vertex 37.95090322016128 -9.807852804032304 -1.2
    endloop
  endfacet
  facet normal -0.22707626303437256 0.9738769792773337 -2.5015414930450076e-17
    outer loop
      vertex 37.95090322016128 -9.807852804032304 -0.8
      vertex 38.588190451025206 -9.659258262890683 -0.8
      vertex 38.588190451025206 -9.659258262890683 -1.2
    endloop
  endfacet
  facet normal 0.47139673682599864 0.8819212643483545 0
    outer loop
      vertex 31 -8.660254037844386 -0.8
      vertex 31.577113097809985 -8.968727415326882 -1.2
      vertex 31 -8.660254037844386 -1.2
    endloop
  endfacet
  facet normal 0.35225004792123416 0.9359059267573255 0
    outer loop
      vertex 32.1731656763491 -9.238795325112868 -0.8
      vertex 32.78560534696838 -9.469301294951057 -1.2
      vertex 32.1731656763491 -9.238795325112868 -1.2
    endloop
  endfacet
  facet normal 0.4127070298043966 0.9108638249211751 0
    outer loop
      vertex 31.577113097809985 -8.968727415326882 -0.8
      vertex 32.1731656763491 -9.238795325112868 -1.2
      vertex 31.577113097809985 -8.968727415326882 -1.2
    endloop
  endfacet
  facet normal 0.5824776968678014 0.8128466845916157 0
    outer loop
      vertex 29.912385709912794 -7.933533402912351 -0.8
      vertex 30.44429766980398 -8.314696123025453 -1.2
      vertex 29.912385709912794 -7.933533402912351 -1.2
    endloop
  endfacet
  facet normal 0.5280678506503682 0.8492021815265787 0
    outer loop
      vertex 30.44429766980398 -8.314696123025453 -0.8
      vertex 31 -8.660254037844386 -1.2
      vertex 30.44429766980398 -8.314696123025453 -1.2
    endloop
  endfacet
  facet normal 0.6343932841636437 0.7730104533627385 0
    outer loop
      vertex 29.40654184899931 -7.518398074789775 -0.8
      vertex 29.912385709912794 -7.933533402912351 -1.2
      vertex 29.40654184899931 -7.518398074789775 -1.2
    endloop
  endfacet
  facet normal 0.47139673682599864 0.8819212643483545 7.16643683693305e-18
    outer loop
      vertex 31 -8.660254037844386 -0.8
      vertex 31.577113097809985 -8.968727415326882 -0.8
      vertex 31.577113097809985 -8.968727415326882 -1.2
    endloop
  endfacet
  facet normal 0.5280678506503682 0.8492021815265787 0
    outer loop
      vertex 31 -8.660254037844386 -0.8
      vertex 31 -8.660254037844386 -1.2
      vertex 30.44429766980398 -8.314696123025453 -0.8
    endloop
  endfacet
  facet normal 0.4127070298043966 0.9108638249211751 0
    outer loop
      vertex 32.1731656763491 -9.238795325112868 -0.8
      vertex 32.1731656763491 -9.238795325112868 -1.2
      vertex 31.577113097809985 -8.968727415326882 -0.8
    endloop
  endfacet
  facet normal 0.5824776968678014 0.8128466845916157 -1.114821464069741e-18
    outer loop
      vertex 29.912385709912794 -7.933533402912351 -0.8
      vertex 30.44429766980398 -8.314696123025453 -0.8
      vertex 30.44429766980398 -8.314696123025453 -1.2
    endloop
  endfacet
  facet normal 0.6343932841636437 0.7730104533627385 0
    outer loop
      vertex 29.912385709912794 -7.933533402912351 -0.8
      vertex 29.912385709912794 -7.933533402912351 -1.2
      vertex 29.40654184899931 -7.518398074789775 -0.8
    endloop
  endfacet
  facet normal 0.683592302022872 0.7298640726978349 0
    outer loop
      vertex 28.928932188134524 -7.0710678118654755 -0.8
      vertex 29.40654184899931 -7.518398074789775 -1.2
      vertex 28.928932188134524 -7.0710678118654755 -1.2
    endloop
  endfacet
  facet normal 0.7298640726978349 0.683592302022872 0
    outer loop
      vertex 28.481601925210224 -6.593458151000688 -0.8
      vertex 28.928932188134524 -7.0710678118654755 -1.2
      vertex 28.481601925210224 -6.593458151000688 -1.2
    endloop
  endfacet
  facet normal 0.7730104533627373 0.6343932841636453 0
    outer loop
      vertex 28.066466597087647 -6.087614290087206 -0.8
      vertex 28.481601925210224 -6.593458151000688 -1.2
      vertex 28.066466597087647 -6.087614290087206 -1.2
    endloop
  endfacet
  facet normal 0.8128466845916161 0.5824776968678009 0
    outer loop
      vertex 27.685303876974547 -5.555702330196022 -0.8
      vertex 28.066466597087647 -6.087614290087206 -1.2
      vertex 27.685303876974547 -5.555702330196022 -1.2
    endloop
  endfacet
  facet normal 0.683592302022872 0.7298640726978349 0
    outer loop
      vertex 29.40654184899931 -7.518398074789775 -0.8
      vertex 29.40654184899931 -7.518398074789775 -1.2
      vertex 28.928932188134524 -7.0710678118654755 -0.8
    endloop
  endfacet
  facet normal 0.7298640726978349 0.683592302022872 0
    outer loop
      vertex 28.928932188134524 -7.0710678118654755 -0.8
      vertex 28.928932188134524 -7.0710678118654755 -1.2
      vertex 28.481601925210224 -6.593458151000688 -0.8
    endloop
  endfacet
  facet normal 0.7730104533627373 0.6343932841636453 0
    outer loop
      vertex 28.481601925210224 -6.593458151000688 -0.8
      vertex 28.481601925210224 -6.593458151000688 -1.2
      vertex 28.066466597087647 -6.087614290087206 -0.8
    endloop
  endfacet
  facet normal 0.8128466845916161 0.5824776968678009 4.520014963538973e-17
    outer loop
      vertex 27.685303876974547 -5.555702330196022 -0.8
      vertex 28.066466597087647 -6.087614290087206 -0.8
      vertex 28.066466597087647 -6.087614290087206 -1.2
    endloop
  endfacet
  facet normal 0.8492021815265796 0.5280678506503671 0
    outer loop
      vertex 27.339745962155614 -5 -0.8
      vertex 27.685303876974547 -5.555702330196022 -1.2
      vertex 27.339745962155614 -5 -1.2
    endloop
  endfacet
  facet normal 0.8819212643483552 0.4713967368259976 0
    outer loop
      vertex 27.03127258467312 -4.4228869021900135 -0.8
      vertex 27.339745962155614 -5 -1.2
      vertex 27.03127258467312 -4.4228869021900135 -1.2
    endloop
  endfacet
  facet normal 0.9108638249211751 0.4127070298043966 0
    outer loop
      vertex 26.761204674887132 -3.826834323650898 -0.8
      vertex 27.03127258467312 -4.4228869021900135 -1.2
      vertex 26.761204674887132 -3.826834323650898 -1.2
    endloop
  endfacet
  facet normal 0.8492021815265796 0.5280678506503671 0
    outer loop
      vertex 27.685303876974547 -5.555702330196022 -0.8
      vertex 27.685303876974547 -5.555702330196022 -1.2
      vertex 27.339745962155614 -5 -0.8
    endloop
  endfacet
  facet normal 0.8819212643483552 0.4713967368259976 0
    outer loop
      vertex 27.339745962155614 -5 -0.8
      vertex 27.339745962155614 -5 -1.2
      vertex 27.03127258467312 -4.4228869021900135 -0.8
    endloop
  endfacet
  facet normal 0.9108638249211751 0.4127070298043966 0
    outer loop
      vertex 27.03127258467312 -4.4228869021900135 -0.8
      vertex 27.03127258467312 -4.4228869021900135 -1.2
      vertex 26.761204674887132 -3.826834323650898 -0.8
    endloop
  endfacet
  facet normal 0.9359059267573248 0.35225004792123604 0
    outer loop
      vertex 26.53069870504894 -3.214394653031616 -0.8
      vertex 26.761204674887132 -3.826834323650898 -1.2
      vertex 26.53069870504894 -3.214394653031616 -1.2
    endloop
  endfacet
  facet normal 0.9569403357322107 0.2902846772544567 0
    outer loop
      vertex 26.34074173710932 -2.5881904510252074 -0.8
      vertex 26.53069870504894 -3.214394653031616 -1.2
      vertex 26.34074173710932 -2.5881904510252074 -1.2
    endloop
  endfacet
  facet normal 0.9738769792773332 0.22707626303437542 0
    outer loop
      vertex 26.192147195967696 -1.9509032201612824 -0.8
      vertex 26.34074173710932 -2.5881904510252074 -1.2
      vertex 26.192147195967696 -1.9509032201612824 -1.2
    endloop
  endfacet
  facet normal 0.9359059267573248 0.35225004792123604 0
    outer loop
      vertex 26.761204674887132 -3.826834323650898 -0.8
      vertex 26.761204674887132 -3.826834323650898 -1.2
      vertex 26.53069870504894 -3.214394653031616 -0.8
    endloop
  endfacet
  facet normal 0.9569403357322107 0.2902846772544567 0
    outer loop
      vertex 26.53069870504894 -3.214394653031616 -0.8
      vertex 26.53069870504894 -3.214394653031616 -1.2
      vertex 26.34074173710932 -2.5881904510252074 -0.8
    endloop
  endfacet
  facet normal 0.9738769792773332 0.22707626303437542 0
    outer loop
      vertex 26.34074173710932 -2.5881904510252074 -0.8
      vertex 26.34074173710932 -2.5881904510252074 -1.2
      vertex 26.192147195967696 -1.9509032201612824 -0.8
    endloop
  endfacet
  facet normal 0.9866433320848793 0.1628954733945863 0
    outer loop
      vertex 26.085551386261898 -1.3052619222005157 -0.8
      vertex 26.192147195967696 -1.9509032201612824 -1.2
      vertex 26.085551386261898 -1.3052619222005157 -1.2
    endloop
  endfacet
  facet normal 0.9951847266721966 0.09801714032956367 0
    outer loop
      vertex 26.021410767613965 -0.6540312923014306 -0.8
      vertex 26.085551386261898 -1.3052619222005157 -1.2
      vertex 26.021410767613965 -0.6540312923014306 -1.2
    endloop
  endfacet
  facet normal 0.9994645874763657 0.032719082821775894 0
    outer loop
      vertex 26 0 -0.8
      vertex 26.021410767613965 -0.6540312923014306 -1.2
      vertex 26 0 -1.2
    endloop
  endfacet
  facet normal 0.9866433320848793 0.1628954733945863 0
    outer loop
      vertex 26.192147195967696 -1.9509032201612824 -0.8
      vertex 26.192147195967696 -1.9509032201612824 -1.2
      vertex 26.085551386261898 -1.3052619222005157 -0.8
    endloop
  endfacet
  facet normal 0.9951847266721966 0.09801714032956367 0
    outer loop
      vertex 26.085551386261898 -1.3052619222005157 -0.8
      vertex 26.085551386261898 -1.3052619222005157 -1.2
      vertex 26.021410767613965 -0.6540312923014306 -0.8
    endloop
  endfacet
  facet normal 0.9994645874763657 0.032719082821775894 0
    outer loop
      vertex 26.021410767613965 -0.6540312923014306 -0.8
      vertex 26.021410767613965 -0.6540312923014306 -1.2
      vertex 26 0 -0.8
    endloop
  endfacet
  facet normal 0 0 -1
    outer loop
      vertex 28.928932188134524 -7.0710678118654755 -0.8
      vertex 28.481601925210224 -6.593458151000688 -0.8
      vertex 28.481601925210224 6.593458151000688 -0.8
    endloop
  endfacet
  facet normal 0 0 -1
    outer loop
      vertex 29.40654184899931 -7.518398074789775 -0.8
      vertex 28.928932188134524 -7.0710678118654755 -0.8
      vertex 28.928932188134524 7.0710678118654755 -0.8
    endloop
  endfacet
  facet normal 0 0 -1
    outer loop
      vertex 27.685303876974547 -5.555702330196022 -0.8
      vertex 27.685303876974547 5.555702330196022 -0.8
      vertex 28.066466597087647 -6.087614290087206 -0.8
    endloop
  endfacet
  facet normal 0 0 -1
    outer loop
      vertex 28.481601925210224 -6.593458151000688 -0.8
      vertex 28.066466597087647 -6.087614290087206 -0.8
      vertex 28.066466597087647 6.087614290087206 -0.8
    endloop
  endfacet
  facet normal 0 0 -1
    outer loop
      vertex 26.761204674887132 -3.826834323650898 -0.8
      vertex 26.53069870504894 -3.214394653031616 -0.8
      vertex 26.53069870504894 3.214394653031616 -0.8
    endloop
  endfacet
  facet normal 0 0 -1
    outer loop
      vertex 26.53069870504894 -3.214394653031616 -0.8
      vertex 26.34074173710932 -2.5881904510252074 -0.8
      vertex 26.34074173710932 2.5881904510252074 -0.8
    endloop
  endfacet
  facet normal 0 0 -1
    outer loop
      vertex 27.339745962155614 -5 -0.8
      vertex 27.03127258467312 -4.4228869021900135 -0.8
      vertex 27.03127258467312 4.4228869021900135 -0.8
    endloop
  endfacet
  facet normal 0 0 -1
    outer loop
      vertex 27.685303876974547 -5.555702330196022 -0.8
      vertex 27.339745962155614 -5 -0.8
      vertex 27.339745962155614 5 -0.8
    endloop
  endfacet
  facet normal 0 0 -1
    outer loop
      vertex 27.03127258467312 -4.4228869021900135 -0.8
      vertex 26.761204674887132 -3.826834323650898 -0.8
      vertex 26.761204674887132 3.826834323650898 -0.8
    endloop
  endfacet
  facet normal 0 0 -1
    outer loop
      vertex 26.34074173710932 -2.5881904510252074 -0.8
      vertex 26.192147195967696 -1.9509032201612824 -0.8
      vertex 26.192147195967696 1.9509032201612824 -0.8
    endloop
  endfacet
  facet normal 0 0 -1
    outer loop
      vertex 26.192147195967696 -1.9509032201612824 -0.8
      vertex 26.085551386261898 -1.3052619222005157 -0.8
      vertex 26.085551386261898 1.3052619222005157 -0.8
    endloop
  endfacet
  facet normal 0 0 -1
    outer loop
      vertex 26.085551386261898 -1.3052619222005157 -0.8
      vertex 26.021410767613965 -0.6540312923014306 -0.8
      vertex 26.021410767613965 0.6540312923014306 -0.8
    endloop
  endfacet
  facet normal 0 0 -1
    outer loop
      vertex 31 -8.660254037844386 -0.8
      vertex 30.44429766980398 -8.314696123025453 -0.8
      vertex 30.44429766980398 8.314696123025453 -0.8
    endloop
  endfacet
  facet normal 0 0 -1
    outer loop
      vertex 31 -8.660254037844386 -0.8
      vertex 31 8.660254037844386 -0.8
      vertex 31.577113097809985 -8.968727415326882 -0.8
    endloop
  endfacet
  facet normal 0 0 -1
    outer loop
      vertex 32.1731656763491 -9.238795325112868 -0.8
      vertex 31.577113097809985 -8.968727415326882 -0.8
      vertex 31.577113097809985 8.968727415326882 -0.8
    endloop
  endfacet
  facet normal 0 0 -1
    outer loop
      vertex 32.1731656763491 -9.238795325112868 -0.8
      vertex 32.1731656763491 9.238795325112868 -0.8
      vertex 32.78560534696838 -9.469301294951057 -0.8
    endloop
  endfacet
  facet normal 0 0 -1
    outer loop
      vertex 33.411809548974794 -9.659258262890683 -0.8
      vertex 32.78560534696838 -9.469301294951057 -0.8
      vertex 32.78560534696838 9.469301294951057 -0.8
    endloop
  endfacet
  facet normal 0 0 -1
    outer loop
      vertex 33.411809548974794 -9.659258262890683 -0.8
      vertex 33.411809548974794 9.659258262890683 -0.8
      vertex 34.04909677983872 -9.807852804032304 -0.8
    endloop
  endfacet
  facet normal 0 0 -1
    outer loop
      vertex 29.912385709912794 -7.933533402912351 -0.8
      vertex 29.40654184899931 -7.518398074789775 -0.8
      vertex 29.40654184899931 7.518398074789775 -0.8
    endloop
  endfacet
  facet normal 0 0 -1
    outer loop
      vertex 29.912385709912794 -7.933533402912351 -0.8
      vertex 29.912385709912794 7.933533402912351 -0.8
      vertex 30.44429766980398 -8.314696123025453 -0.8
    endloop
  endfacet
  facet normal 0 0 -1
    outer loop
      vertex 34.04909677983872 -9.807852804032304 -0.8
      vertex 34.04909677983872 9.807852804032304 -0.8
      vertex 34.694738077799485 -9.914448613738104 -0.8
    endloop
  endfacet
  facet normal 0 0 -1
    outer loop
      vertex 35.34596870769857 -9.978589232386035 -0.8
      vertex 34.694738077799485 -9.914448613738104 -0.8
      vertex 34.694738077799485 9.914448613738104 -0.8
    endloop
  endfacet
  facet normal 0 0 -1
    outer loop
      vertex 35.34596870769857 -9.978589232386035 -0.8
      vertex 35.34596870769857 9.978589232386035 -0.8
      vertex 36 -10 -0.8
    endloop
  endfacet
  facet normal 0 0 -1
    outer loop
      vertex 36 -10 -0.8
      vertex 36 10 -0.8
      vertex 36.65403129230143 -9.978589232386035 -0.8
    endloop
  endfacet
  facet normal 0 0 -1
    outer loop
      vertex 36.65403129230143 -9.978589232386035 -0.8
      vertex 36.65403129230143 9.978589232386035 -0.8
      vertex 37.305261922200515 -9.914448613738104 -0.8
    endloop
  endfacet
  facet normal 0 0 -1
    outer loop
      vertex 37.305261922200515 -9.914448613738104 -0.8
      vertex 37.305261922200515 9.914448613738104 -0.8
      vertex 37.95090322016128 -9.807852804032304 -0.8
    endloop
  endfacet
  facet normal 0 0 -1
    outer loop
      vertex 37.95090322016128 -9.807852804032304 -0.8
      vertex 37.95090322016128 9.807852804032304 -0.8
      vertex 38.588190451025206 -9.659258262890683 -0.8
    endloop
  endfacet
  facet normal 0 0 -1
    outer loop
      vertex 38.588190451025206 -9.659258262890683 -0.8
      vertex 38.588190451025206 9.659258262890683 -0.8
      vertex 39.21439465303162 -9.469301294951057 -0.8
    endloop
  endfacet
  facet normal -0.35225004792123416 0.9359059267573255 0
    outer loop
      vertex 39.21439465303162 -9.469301294951057 -0.8
      vertex 39.8268343236509 -9.238795325112868 -1.2
      vertex 39.21439465303162 -9.469301294951057 -1.2
    endloop
  endfacet
  facet normal -0.2902846772544598 0.9569403357322097 9.224726307030029e-18
    outer loop
      vertex 38.588190451025206 -9.659258262890683 -0.8
      vertex 39.21439465303162 -9.469301294951057 -0.8
      vertex 39.21439465303162 -9.469301294951057 -1.2
    endloop
  endfacet
  facet normal -0.4127070298043966 0.9108638249211751 0
    outer loop
      vertex 39.8268343236509 -9.238795325112868 -0.8
      vertex 40.422886902190015 -8.968727415326882 -1.2
      vertex 39.8268343236509 -9.238795325112868 -1.2
    endloop
  endfacet
  facet normal -0.47139673682599864 0.8819212643483545 0
    outer loop
      vertex 40.422886902190015 -8.968727415326882 -0.8
      vertex 41 -8.660254037844386 -1.2
      vertex 40.422886902190015 -8.968727415326882 -1.2
    endloop
  endfacet
  facet normal -0.5280678506503682 0.8492021815265787 0
    outer loop
      vertex 41 -8.660254037844386 -0.8
      vertex 41.55570233019602 -8.314696123025453 -1.2
      vertex 41 -8.660254037844386 -1.2
    endloop
  endfacet
  facet normal -0.5824776968678039 0.8128466845916139 0
    outer loop
      vertex 41.55570233019602 -8.314696123025453 -0.8
      vertex 42.0876142900872 -7.933533402912351 -1.2
      vertex 41.55570233019602 -8.314696123025453 -1.2
    endloop
  endfacet
  facet normal -0.634393284163641 0.7730104533627407 0
    outer loop
      vertex 42.0876142900872 -7.933533402912351 -0.8
      vertex 42.59345815100069 -7.518398074789775 -1.2
      vertex 42.0876142900872 -7.933533402912351 -1.2
    endloop
  endfacet
  facet normal -0.35225004792123416 0.9359059267573255 3.7851613737485073e-17
    outer loop
      vertex 39.21439465303162 -9.469301294951057 -0.8
      vertex 39.8268343236509 -9.238795325112868 -0.8
      vertex 39.8268343236509 -9.238795325112868 -1.2
    endloop
  endfacet
  facet normal -0.4127070298043966 0.9108638249211751 -4.310018095960712e-17
    outer loop
      vertex 39.8268343236509 -9.238795325112868 -0.8
      vertex 40.422886902190015 -8.968727415326882 -0.8
      vertex 40.422886902190015 -8.968727415326882 -1.2
    endloop
  endfacet
  facet normal -0.47139673682599864 0.8819212643483545 -7.16643683693305e-18
    outer loop
      vertex 40.422886902190015 -8.968727415326882 -0.8
      vertex 41 -8.660254037844386 -0.8
      vertex 41 -8.660254037844386 -1.2
    endloop
  endfacet
  facet normal -0.5280678506503682 0.8492021815265787 3.4254008287457005e-17
    outer loop
      vertex 41 -8.660254037844386 -0.8
      vertex 41.55570233019602 -8.314696123025453 -0.8
      vertex 41.55570233019602 -8.314696123025453 -1.2
    endloop
  endfacet
  facet normal -0.5824776968678039 0.8128466845916139 2.3506935888246843e-17
    outer loop
      vertex 41.55570233019602 -8.314696123025453 -0.8
      vertex 42.0876142900872 -7.933533402912351 -0.8
      vertex 42.0876142900872 -7.933533402912351 -1.2
    endloop
  endfacet
  facet normal -0.634393284163641 0.7730104533627407 4.2209135358825587e-17
    outer loop
      vertex 42.0876142900872 -7.933533402912351 -0.8
      vertex 42.59345815100069 -7.518398074789775 -0.8
      vertex 42.59345815100069 -7.518398074789775 -1.2
    endloop
  endfacet
  facet normal -0.683592302022872 0.7298640726978349 0
    outer loop
      vertex 42.59345815100069 -7.518398074789775 -0.8
      vertex 43.071067811865476 -7.0710678118654755 -1.2
      vertex 42.59345815100069 -7.518398074789775 -1.2
    endloop
  endfacet
  facet normal -0.7298640726978376 0.6835923020228691 0
    outer loop
      vertex 43.071067811865476 -7.0710678118654755 -0.8
      vertex 43.51839807478977 -6.593458151000688 -1.2
      vertex 43.071067811865476 -7.0710678118654755 -1.2
    endloop
  endfacet
  facet normal -0.7730104533627346 0.6343932841636484 0
    outer loop
      vertex 43.51839807478977 -6.593458151000688 -0.8
      vertex 43.93353340291235 -6.087614290087206 -1.2
      vertex 43.51839807478977 -6.593458151000688 -1.2
    endloop
  endfacet
  facet normal -0.8128466845916136 0.5824776968678045 0
    outer loop
      vertex 43.93353340291235 -6.087614290087206 -0.8
      vertex 44.314696123025456 -5.555702330196022 -1.2
      vertex 43.93353340291235 -6.087614290087206 -1.2
    endloop
  endfacet
  facet normal -0.683592302022872 0.7298640726978349 8.567279863820754e-19
    outer loop
      vertex 42.59345815100069 -7.518398074789775 -0.8
      vertex 43.071067811865476 -7.0710678118654755 -0.8
      vertex 43.071067811865476 -7.0710678118654755 -1.2
    endloop
  endfacet
  facet normal -0.7298640726978376 0.6835923020228691 5.006243279338238e-17
    outer loop
      vertex 43.071067811865476 -7.0710678118654755 -0.8
      vertex 43.51839807478977 -6.593458151000688 -0.8
      vertex 43.51839807478977 -6.593458151000688 -1.2
    endloop
  endfacet
  facet normal -0.7730104533627346 0.6343932841636484 -9.392355773611754e-18
    outer loop
      vertex 43.51839807478977 -6.593458151000688 -0.8
      vertex 43.93353340291235 -6.087614290087206 -0.8
      vertex 43.93353340291235 -6.087614290087206 -1.2
    endloop
  endfacet
  facet normal -0.8128466845916136 0.5824776968678045 -3.621550765658587e-17
    outer loop
      vertex 43.93353340291235 -6.087614290087206 -0.8
      vertex 44.314696123025456 -5.555702330196022 -0.8
      vertex 44.314696123025456 -5.555702330196022 -1.2
    endloop
  endfacet
  facet normal -0.8492021815265844 0.5280678506503593 0
    outer loop
      vertex 44.314696123025456 -5.555702330196022 -0.8
      vertex 44.66025403784438 -5 -1.2
      vertex 44.314696123025456 -5.555702330196022 -1.2
    endloop
  endfacet
  facet normal -0.8819212643483529 0.4713967368260018 0
    outer loop
      vertex 44.66025403784438 -5 -0.8
      vertex 44.96872741532688 -4.4228869021900135 -1.2
      vertex 44.66025403784438 -5 -1.2
    endloop
  endfacet
  facet normal -0.9108638249211751 0.4127070298043966 0
    outer loop
      vertex 44.96872741532688 -4.4228869021900135 -0.8
      vertex 45.23879532511287 -3.826834323650898 -1.2
      vertex 44.96872741532688 -4.4228869021900135 -1.2
    endloop
  endfacet
  facet normal -0.8492021815265844 0.5280678506503593 1.8975079144437186e-17
    outer loop
      vertex 44.314696123025456 -5.555702330196022 -0.8
      vertex 44.66025403784438 -5 -0.8
      vertex 44.66025403784438 -5 -1.2
    endloop
  endfacet
  facet normal -0.8819212643483529 0.4713967368260018 -4.8227020882273675e-17
    outer loop
      vertex 44.66025403784438 -5 -0.8
      vertex 44.96872741532688 -4.4228869021900135 -0.8
      vertex 44.96872741532688 -4.4228869021900135 -1.2
    endloop
  endfacet
  facet normal -0.9108638249211751 0.4127070298043966 -4.310018095960712e-17
    outer loop
      vertex 44.96872741532688 -4.4228869021900135 -0.8
      vertex 45.23879532511287 -3.826834323650898 -0.8
      vertex 45.23879532511287 -3.826834323650898 -1.2
    endloop
  endfacet
  facet normal -0.9359059267573248 0.35225004792123604 0
    outer loop
      vertex 45.23879532511287 -3.826834323650898 -0.8
      vertex 45.46930129495106 -3.214394653031616 -1.2
      vertex 45.23879532511287 -3.826834323650898 -1.2
    endloop
  endfacet
  facet normal -0.9569403357322107 0.2902846772544567 0
    outer loop
      vertex 45.46930129495106 -3.214394653031616 -0.8
      vertex 45.65925826289068 -2.5881904510252074 -1.2
      vertex 45.46930129495106 -3.214394653031616 -1.2
    endloop
  endfacet
  facet normal -0.9738769792773319 0.22707626303438058 0
    outer loop
      vertex 45.65925826289068 -2.5881904510252074 -0.8
      vertex 45.80785280403231 -1.9509032201612824 -1.2
      vertex 45.65925826289068 -2.5881904510252074 -1.2
    endloop
  endfacet
  facet normal -0.9359059267573248 0.35225004792123604 -7.49741221279589e-18
    outer loop
      vertex 45.23879532511287 -3.826834323650898 -0.8
      vertex 45.46930129495106 -3.214394653031616 -0.8
      vertex 45.46930129495106 -3.214394653031616 -1.2
    endloop
  endfacet
  facet normal -0.9569403357322107 0.2902846772544567 4.214169284047862e-18
    outer loop
      vertex 45.46930129495106 -3.214394653031616 -0.8
      vertex 45.65925826289068 -2.5881904510252074 -0.8
      vertex 45.65925826289068 -2.5881904510252074 -1.2
    endloop
  endfacet
  facet normal -0.9738769792773319 0.22707626303438058 -1.397448021487063e-17
    outer loop
      vertex 45.65925826289068 -2.5881904510252074 -0.8
      vertex 45.80785280403231 -1.9509032201612824 -0.8
      vertex 45.80785280403231 -1.9509032201612824 -1.2
    endloop
  endfacet
  facet normal -0.9866433320848802 0.162895473394581 0
    outer loop
      vertex 45.80785280403231 -1.9509032201612824 -0.8
      vertex 45.9144486137381 -1.3052619222005157 -1.2
      vertex 45.80785280403231 -1.9509032201612824 -1.2
    endloop
  endfacet
  facet normal -0.9951847266721966 0.09801714032956367 0
    outer loop
      vertex 45.9144486137381 -1.3052619222005157 -0.8
      vertex 45.978589232386035 -0.6540312923014306 -1.2
      vertex 45.9144486137381 -1.3052619222005157 -1.2
    endloop
  endfacet
  facet normal -0.9994645874763657 0.032719082821775894 0
    outer loop
      vertex 45.978589232386035 -0.6540312923014306 -0.8
      vertex 46 0 -1.2
      vertex 45.978589232386035 -0.6540312923014306 -1.2
    endloop
  endfacet
  facet normal -0.9866433320848802 0.162895473394581 9.694417658197463e-19
    outer loop
      vertex 45.80785280403231 -1.9509032201612824 -0.8
      vertex 45.9144486137381 -1.3052619222005157 -0.8
      vertex 45.9144486137381 -1.3052619222005157 -1.2
    endloop
  endfacet
  facet normal -0.9951847266721966 0.09801714032956367 -1.0701820923562475e-17
    outer loop
      vertex 45.9144486137381 -1.3052619222005157 -0.8
      vertex 45.978589232386035 -0.6540312923014306 -0.8
      vertex 45.978589232386035 -0.6540312923014306 -1.2
    endloop
  endfacet
  facet normal -0.9994645874763657 0.032719082821775894 -2.710143586088879e-18
    outer loop
      vertex 45.978589232386035 -0.6540312923014306 -0.8
      vertex 46 0 -0.8
      vertex 46 0 -1.2
    endloop
  endfacet
  facet normal 0 0 -1
    outer loop
      vertex 39.21439465303162 -9.469301294951057 -0.8
      vertex 39.21439465303162 9.469301294951057 -0.8
      vertex 39.8268343236509 -9.238795325112868 -0.8
    endloop
  endfacet
  facet normal 0 0 -1
    outer loop
      vertex 39.8268343236509 -9.238795325112868 -0.8
      vertex 39.8268343236509 9.238795325112868 -0.8
      vertex 40.422886902190015 -8.968727415326882 -0.8
    endloop
  endfacet
  facet normal 0 0 -1
    outer loop
      vertex 40.422886902190015 -8.968727415326882 -0.8
      vertex 40.422886902190015 8.968727415326882 -0.8
      vertex 41 -8.660254037844386 -0.8
    endloop
  endfacet
  facet normal 0 0 -1
    outer loop
      vertex 41 -8.660254037844386 -0.8
      vertex 41 8.660254037844386 -0.8
      vertex 41.55570233019602 -8.314696123025453 -0.8
    endloop
  endfacet
  facet normal 0 0 -1
    outer loop
      vertex 41.55570233019602 -8.314696123025453 -0.8
      vertex 41.55570233019602 8.314696123025453 -0.8
      vertex 42.0876142900872 -7.933533402912351 -0.8
    endloop
  endfacet
  facet normal 0 0 -1
    outer loop
      vertex 42.0876142900872 -7.933533402912351 -0.8
      vertex 42.0876142900872 7.933533402912351 -0.8
      vertex 42.59345815100069 -7.518398074789775 -0.8
    endloop
  endfacet
  facet normal 0 0 -1
    outer loop
      vertex 42.59345815100069 -7.518398074789775 -0.8
      vertex 42.59345815100069 7.518398074789775 -0.8
      vertex 43.071067811865476 -7.0710678118654755 -0.8
    endloop
  endfacet
  facet normal 0 0 -1
    outer loop
      vertex 43.071067811865476 -7.0710678118654755 -0.8
      vertex 43.071067811865476 7.0710678118654755 -0.8
      vertex 43.51839807478977 -6.593458151000688 -0.8
    endloop
  endfacet
  facet normal 0 0 -1
    outer loop
      vertex 43.51839807478977 -6.593458151000688 -0.8
      vertex 43.51839807478977 6.593458151000688 -0.8
      vertex 43.93353340291235 -6.087614290087206 -0.8
    endloop
  endfacet
  facet normal 0 0 -1
    outer loop
      vertex 43.93353340291235 -6.087614290087206 -0.8
      vertex 43.93353340291235 6.087614290087206 -0.8
      vertex 44.314696123025456 -5.555702330196022 -0.8
    endloop
  endfacet
  facet normal 0 0 -1
    outer loop
      vertex 44.314696123025456 -5.555702330196022 -0.8
      vertex 44.314696123025456 5.555702330196022 -0.8
      vertex 44.66025403784438 -5 -0.8
    endloop
  endfacet
  facet normal 0 0 -1
    outer loop
      vertex 44.66025403784438 -5 -0.8
      vertex 44.66025403784438 5 -0.8
      vertex 44.96872741532688 -4.4228869021900135 -0.8
    endloop
  endfacet
  facet normal 0 0 -1
    outer loop
      vertex 44.96872741532688 -4.4228869021900135 -0.8
      vertex 44.96872741532688 4.4228869021900135 -0.8
      vertex 45.23879532511287 -3.826834323650898 -0.8
    endloop
  endfacet
  facet normal 0 0 -1
    outer loop
      vertex 45.23879532511287 -3.826834323650898 -0.8
      vertex 45.23879532511287 3.826834323650898 -0.8
      vertex 45.46930129495106 -3.214394653031616 -0.8
    endloop
  endfacet
  facet normal 0 0 -1
    outer loop
      vertex 45.46930129495106 -3.214394653031616 -0.8
      vertex 45.46930129495106 3.214394653031616 -0.8
      vertex 45.65925826289068 -2.5881904510252074 -0.8
    endloop
  endfacet
  facet normal 0 0 -1
    outer loop
      vertex 45.65925826289068 -2.5881904510252074 -0.8
      vertex 45.65925826289068 2.5881904510252074 -0.8
      vertex 45.80785280403231 -1.9509032201612824 -0.8
    endloop
  endfacet
  facet normal 0 0 -1
    outer loop
      vertex 45.80785280403231 -1.9509032201612824 -0.8
      vertex 45.80785280403231 1.9509032201612824 -0.8
      vertex 45.9144486137381 -1.3052619222005157 -0.8
    endloop
  endfacet
  facet normal 0 0 -1
    outer loop
      vertex 45.9144486137381 -1.3052619222005157 -0.8
      vertex 45.9144486137381 1.3052619222005157 -0.8
      vertex 45.978589232386035 -0.6540312923014306 -0.8
    endloop
  endfacet
  facet normal 0.9994645874763657 -0.032719082821775894 0
    outer loop
      vertex 26.021410767613965 0.6540312923014306 -0.8
      vertex 26 0 -1.2
      vertex 26.021410767613965 0.6540312923014306 -1.2
    endloop
  endfacet
  facet normal 0.9951847266721966 -0.09801714032956367 0
    outer loop
      vertex 26.085551386261898 1.3052619222005157 -0.8
      vertex 26.021410767613965 0.6540312923014306 -1.2
      vertex 26.085551386261898 1.3052619222005157 -1.2
    endloop
  endfacet
  facet normal 0.9866433320848793 -0.1628954733945863 0
    outer loop
      vertex 26.192147195967696 1.9509032201612824 -0.8
      vertex 26.085551386261898 1.3052619222005157 -1.2
      vertex 26.192147195967696 1.9509032201612824 -1.2
    endloop
  endfacet
  facet normal 0.9994645874763657 -0.032719082821775894 0
    outer loop
      vertex 26 0 -0.8
      vertex 26 0 -1.2
      vertex 26.021410767613965 0.6540312923014306 -0.8
    endloop
  endfacet
  facet normal 0.9951847266721966 -0.09801714032956367 0
    outer loop
      vertex 26.021410767613965 0.6540312923014306 -0.8
      vertex 26.021410767613965 0.6540312923014306 -1.2
      vertex 26.085551386261898 1.3052619222005157 -0.8
    endloop
  endfacet
  facet normal 0.9866433320848793 -0.1628954733945863 0
    outer loop
      vertex 26.085551386261898 1.3052619222005157 -0.8
      vertex 26.085551386261898 1.3052619222005157 -1.2
      vertex 26.192147195967696 1.9509032201612824 -0.8
    endloop
  endfacet
  facet normal 0.9738769792773332 -0.22707626303437542 0
    outer loop
      vertex 26.34074173710932 2.5881904510252074 -0.8
      vertex 26.192147195967696 1.9509032201612824 -1.2
      vertex 26.34074173710932 2.5881904510252074 -1.2
    endloop
  endfacet
  facet normal 0.9569403357322107 -0.2902846772544567 0
    outer loop
      vertex 26.53069870504894 3.214394653031616 -0.8
      vertex 26.34074173710932 2.5881904510252074 -1.2
      vertex 26.53069870504894 3.214394653031616 -1.2
    endloop
  endfacet
  facet normal 0.9359059267573248 -0.35225004792123604 0
    outer loop
      vertex 26.761204674887132 3.826834323650898 -0.8
      vertex 26.53069870504894 3.214394653031616 -1.2
      vertex 26.761204674887132 3.826834323650898 -1.2
    endloop
  endfacet
  facet normal 0.9738769792773332 -0.22707626303437542 0
    outer loop
      vertex 26.192147195967696 1.9509032201612824 -0.8
      vertex 26.192147195967696 1.9509032201612824 -1.2
      vertex 26.34074173710932 2.5881904510252074 -0.8
    endloop
  endfacet
  facet normal 0.9569403357322107 -0.2902846772544567 0
    outer loop
      vertex 26.34074173710932 2.5881904510252074 -0.8
      vertex 26.34074173710932 2.5881904510252074 -1.2
      vertex 26.53069870504894 3.214394653031616 -0.8
    endloop
  endfacet
  facet normal 0.9359059267573248 -0.35225004792123604 0
    outer loop
      vertex 26.53069870504894 3.214394653031616 -0.8
      vertex 26.53069870504894 3.214394653031616 -1.2
      vertex 26.761204674887132 3.826834323650898 -0.8
    endloop
  endfacet
  facet normal 0 0 -1
    outer loop
      vertex 26.021410767613965 -0.6540312923014306 -0.8
      vertex 26 0 -0.8
      vertex 26.021410767613965 0.6540312923014306 -0.8
    endloop
  endfacet
  facet normal 0 0 -1
    outer loop
      vertex 26.085551386261898 -1.3052619222005157 -0.8
      vertex 26.021410767613965 0.6540312923014306 -0.8
      vertex 26.085551386261898 1.3052619222005157 -0.8
    endloop
  endfacet
  facet normal 0 0 -1
    outer loop
      vertex 26.192147195967696 -1.9509032201612824 -0.8
      vertex 26.085551386261898 1.3052619222005157 -0.8
      vertex 26.192147195967696 1.9509032201612824 -0.8
    endloop
  endfacet
  facet normal 0 0 -1
    outer loop
      vertex 26.34074173710932 -2.5881904510252074 -0.8
      vertex 26.192147195967696 1.9509032201612824 -0.8
      vertex 26.34074173710932 2.5881904510252074 -0.8
    endloop
  endfacet
  facet normal 0 0 -1
    outer loop
      vertex 26.53069870504894 -3.214394653031616 -0.8
      vertex 26.34074173710932 2.5881904510252074 -0.8
      vertex 26.53069870504894 3.214394653031616 -0.8
    endloop
  endfacet
  facet normal 0 0 -1
    outer loop
      vertex 26.761204674887132 -3.826834323650898 -0.8
      vertex 26.53069870504894 3.214394653031616 -0.8
      vertex 26.761204674887132 3.826834323650898 -0.8
    endloop
  endfacet
  facet normal 0 0 -1
    outer loop
      vertex 27.03127258467312 -4.4228869021900135 -0.8
      vertex 26.761204674887132 3.826834323650898 -0.8
      vertex 27.03127258467312 4.4228869021900135 -0.8
    endloop
  endfacet
  facet normal 0 0 -1
    outer loop
      vertex 27.339745962155614 -5 -0.8
      vertex 27.03127258467312 4.4228869021900135 -0.8
      vertex 27.339745962155614 5 -0.8
    endloop
  endfacet
  facet normal 0 0 -1
    outer loop
      vertex 27.685303876974547 -5.555702330196022 -0.8
      vertex 27.339745962155614 5 -0.8
      vertex 27.685303876974547 5.555702330196022 -0.8
    endloop
  endfacet
  facet normal 0 0 -1
    outer loop
      vertex 28.066466597087647 -6.087614290087206 -0.8
      vertex 27.685303876974547 5.555702330196022 -0.8
      vertex 28.066466597087647 6.087614290087206 -0.8
    endloop
  endfacet
  facet normal 0 0 -1
    outer loop
      vertex 28.481601925210224 -6.593458151000688 -0.8
      vertex 28.066466597087647 6.087614290087206 -0.8
      vertex 28.481601925210224 6.593458151000688 -0.8
    endloop
  endfacet
  facet normal 0 0 -1
    outer loop
      vertex 28.928932188134524 -7.0710678118654755 -0.8
      vertex 28.481601925210224 6.593458151000688 -0.8
      vertex 28.928932188134524 7.0710678118654755 -0.8
    endloop
  endfacet
  facet normal 0 0 -1
    outer loop
      vertex 29.40654184899931 -7.518398074789775 -0.8
      vertex 28.928932188134524 7.0710678118654755 -0.8
      vertex 29.40654184899931 7.518398074789775 -0.8
    endloop
  endfacet
  facet normal 0 0 -1
    outer loop
      vertex 29.912385709912794 -7.933533402912351 -0.8
      vertex 29.40654184899931 7.518398074789775 -0.8
      vertex 29.912385709912794 7.933533402912351 -0.8
    endloop
  endfacet
  facet normal 0 0 -1
    outer loop
      vertex 30.44429766980398 -8.314696123025453 -0.8
      vertex 29.912385709912794 7.933533402912351 -0.8
      vertex 30.44429766980398 8.314696123025453 -0.8
    endloop
  endfacet
  facet normal 0 0 -1
    outer loop
      vertex 31 -8.660254037844386 -0.8
      vertex 30.44429766980398 8.314696123025453 -0.8
      vertex 31 8.660254037844386 -0.8
    endloop
  endfacet
  facet normal 0 0 -1
    outer loop
      vertex 31.577113097809985 -8.968727415326882 -0.8
      vertex 31 8.660254037844386 -0.8
      vertex 31.577113097809985 8.968727415326882 -0.8
    endloop
  endfacet
  facet normal 0 0 -1
    outer loop
      vertex 32.1731656763491 -9.238795325112868 -0.8
      vertex 31.577113097809985 8.968727415326882 -0.8
      vertex 32.1731656763491 9.238795325112868 -0.8
    endloop
  endfacet
  facet normal 0 0 -1
    outer loop
      vertex 32.78560534696838 -9.469301294951057 -0.8
      vertex 32.1731656763491 9.238795325112868 -0.8
      vertex 32.78560534696838 9.469301294951057 -0.8
    endloop
  endfacet
  facet normal 0 0 -1
    outer loop
      vertex 33.411809548974794 -9.659258262890683 -0.8
      vertex 32.78560534696838 9.469301294951057 -0.8
      vertex 33.411809548974794 9.659258262890683 -0.8
    endloop
  endfacet
  facet normal 0 0 -1
    outer loop
      vertex 34.04909677983872 -9.807852804032304 -0.8
      vertex 33.411809548974794 9.659258262890683 -0.8
      vertex 34.04909677983872 9.807852804032304 -0.8
    endloop
  endfacet
  facet normal 0 0 -1
    outer loop
      vertex 34.694738077799485 -9.914448613738104 -0.8
      vertex 34.04909677983872 9.807852804032304 -0.8
      vertex 34.694738077799485 9.914448613738104 -0.8
    endloop
  endfacet
  facet normal 0 0 -1
    outer loop
      vertex 35.34596870769857 -9.978589232386035 -0.8
      vertex 34.694738077799485 9.914448613738104 -0.8
      vertex 35.34596870769857 9.978589232386035 -0.8
    endloop
  endfacet
  facet normal 0 0 -1
    outer loop
      vertex 36 -10 -0.8
      vertex 35.34596870769857 9.978589232386035 -0.8
      vertex 36 10 -0.8
    endloop
  endfacet
  facet normal 0 0 -1
    outer loop
      vertex 36.65403129230143 -9.978589232386035 -0.8
      vertex 36 10 -0.8
      vertex 36.65403129230143 9.978589232386035 -0.8
    endloop
  endfacet
  facet normal 0 0 -1
    outer loop
      vertex 38.588190451025206 -9.659258262890683 -0.8
      vertex 37.95090322016128 9.807852804032304 -0.8
      vertex 38.588190451025206 9.659258262890683 -0.8
    endloop
  endfacet
  facet normal 0 0 -1
    outer loop
      vertex 37.305261922200515 -9.914448613738104 -0.8
      vertex 36.65403129230143 9.978589232386035 -0.8
      vertex 37.305261922200515 9.914448613738104 -0.8
    endloop
  endfacet
  facet normal 0 0 -1
    outer loop
      vertex 37.95090322016128 -9.807852804032304 -0.8
      vertex 37.305261922200515 9.914448613738104 -0.8
      vertex 37.95090322016128 9.807852804032304 -0.8
    endloop
  endfacet
  facet normal 0.9108638249211751 -0.4127070298043966 0
    outer loop
      vertex 27.03127258467312 4.4228869021900135 -0.8
      vertex 26.761204674887132 3.826834323650898 -1.2
      vertex 27.03127258467312 4.4228869021900135 -1.2
    endloop
  endfacet
  facet normal 0.8819212643483552 -0.4713967368259976 0
    outer loop
      vertex 27.339745962155614 5 -0.8
      vertex 27.03127258467312 4.4228869021900135 -1.2
      vertex 27.339745962155614 5 -1.2
    endloop
  endfacet
  facet normal 0.8492021815265796 -0.5280678506503671 0
    outer loop
      vertex 27.685303876974547 5.555702330196022 -0.8
      vertex 27.339745962155614 5 -1.2
      vertex 27.685303876974547 5.555702330196022 -1.2
    endloop
  endfacet
  facet normal 0.9108638249211751 -0.4127070298043966 0
    outer loop
      vertex 26.761204674887132 3.826834323650898 -0.8
      vertex 26.761204674887132 3.826834323650898 -1.2
      vertex 27.03127258467312 4.4228869021900135 -0.8
    endloop
  endfacet
  facet normal 0.8819212643483552 -0.4713967368259976 0
    outer loop
      vertex 27.03127258467312 4.4228869021900135 -0.8
      vertex 27.03127258467312 4.4228869021900135 -1.2
      vertex 27.339745962155614 5 -0.8
    endloop
  endfacet
  facet normal 0.8492021815265796 -0.5280678506503671 0
    outer loop
      vertex 27.339745962155614 5 -0.8
      vertex 27.339745962155614 5 -1.2
      vertex 27.685303876974547 5.555702330196022 -0.8
    endloop
  endfacet
  facet normal 0.8128466845916161 -0.5824776968678009 0
    outer loop
      vertex 28.066466597087647 6.087614290087206 -0.8
      vertex 27.685303876974547 5.555702330196022 -1.2
      vertex 28.066466597087647 6.087614290087206 -1.2
    endloop
  endfacet
  facet normal 0.7730104533627373 -0.6343932841636453 0
    outer loop
      vertex 28.481601925210224 6.593458151000688 -0.8
      vertex 28.066466597087647 6.087614290087206 -1.2
      vertex 28.481601925210224 6.593458151000688 -1.2
    endloop
  endfacet
  facet normal 0.7298640726978349 -0.683592302022872 0
    outer loop
      vertex 28.928932188134524 7.0710678118654755 -0.8
      vertex 28.481601925210224 6.593458151000688 -1.2
      vertex 28.928932188134524 7.0710678118654755 -1.2
    endloop
  endfacet
  facet normal 0.683592302022872 -0.7298640726978349 0
    outer loop
      vertex 29.40654184899931 7.518398074789775 -0.8
      vertex 28.928932188134524 7.0710678118654755 -1.2
      vertex 29.40654184899931 7.518398074789775 -1.2
    endloop
  endfacet
  facet normal 0.8128466845916161 -0.5824776968678009 0
    outer loop
      vertex 27.685303876974547 5.555702330196022 -0.8
      vertex 27.685303876974547 5.555702330196022 -1.2
      vertex 28.066466597087647 6.087614290087206 -0.8
    endloop
  endfacet
  facet normal 0.7730104533627373 -0.6343932841636453 0
    outer loop
      vertex 28.066466597087647 6.087614290087206 -0.8
      vertex 28.066466597087647 6.087614290087206 -1.2
      vertex 28.481601925210224 6.593458151000688 -0.8
    endloop
  endfacet
  facet normal 0.7298640726978349 -0.683592302022872 0
    outer loop
      vertex 28.481601925210224 6.593458151000688 -0.8
      vertex 28.481601925210224 6.593458151000688 -1.2
      vertex 28.928932188134524 7.0710678118654755 -0.8
    endloop
  endfacet
  facet normal 0.683592302022872 -0.7298640726978349 0
    outer loop
      vertex 28.928932188134524 7.0710678118654755 -0.8
      vertex 28.928932188134524 7.0710678118654755 -1.2
      vertex 29.40654184899931 7.518398074789775 -0.8
    endloop
  endfacet
  facet normal 0.6343932841636437 -0.7730104533627385 0
    outer loop
      vertex 29.912385709912794 7.933533402912351 -0.8
      vertex 29.40654184899931 7.518398074789775 -1.2
      vertex 29.912385709912794 7.933533402912351 -1.2
    endloop
  endfacet
  facet normal 0.5824776968678014 -0.8128466845916157 0
    outer loop
      vertex 30.44429766980398 8.314696123025453 -0.8
      vertex 29.912385709912794 7.933533402912351 -1.2
      vertex 30.44429766980398 8.314696123025453 -1.2
    endloop
  endfacet
  facet normal 0.5280678506503682 -0.8492021815265787 0
    outer loop
      vertex 31 8.660254037844386 -0.8
      vertex 30.44429766980398 8.314696123025453 -1.2
      vertex 31 8.660254037844386 -1.2
    endloop
  endfacet
  facet normal 0.47139673682599864 -0.8819212643483545 0
    outer loop
      vertex 31.577113097809985 8.968727415326882 -0.8
      vertex 31 8.660254037844386 -1.2
      vertex 31.577113097809985 8.968727415326882 -1.2
    endloop
  endfacet
  facet normal 0.4127070298043966 -0.9108638249211751 0
    outer loop
      vertex 32.1731656763491 9.238795325112868 -0.8
      vertex 31.577113097809985 8.968727415326882 -1.2
      vertex 32.1731656763491 9.238795325112868 -1.2
    endloop
  endfacet
  facet normal 0.6343932841636437 -0.7730104533627385 0
    outer loop
      vertex 29.40654184899931 7.518398074789775 -0.8
      vertex 29.40654184899931 7.518398074789775 -1.2
      vertex 29.912385709912794 7.933533402912351 -0.8
    endloop
  endfacet
  facet normal 0.5824776968678014 -0.8128466845916157 0
    outer loop
      vertex 29.912385709912794 7.933533402912351 -0.8
      vertex 29.912385709912794 7.933533402912351 -1.2
      vertex 30.44429766980398 8.314696123025453 -0.8
    endloop
  endfacet
  facet normal 0.5280678506503682 -0.8492021815265787 0
    outer loop
      vertex 30.44429766980398 8.314696123025453 -0.8
      vertex 30.44429766980398 8.314696123025453 -1.2
      vertex 31 8.660254037844386 -0.8
    endloop
  endfacet
  facet normal 0.47139673682599864 -0.8819212643483545 0
    outer loop
      vertex 31 8.660254037844386 -0.8
      vertex 31 8.660254037844386 -1.2
      vertex 31.577113097809985 8.968727415326882 -0.8
    endloop
  endfacet
  facet normal 0.4127070298043966 -0.9108638249211751 0
    outer loop
      vertex 31.577113097809985 8.968727415326882 -0.8
      vertex 31.577113097809985 8.968727415326882 -1.2
      vertex 32.1731656763491 9.238795325112868 -0.8
    endloop
  endfacet
  facet normal 0.35225004792123416 -0.9359059267573255 0
    outer loop
      vertex 32.1731656763491 9.238795325112868 -0.8
      vertex 32.1731656763491 9.238795325112868 -1.2
      vertex 32.78560534696838 9.469301294951057 -0.8
    endloop
  endfacet
  facet normal 0.35225004792123416 -0.9359059267573255 0
    outer loop
      vertex 32.78560534696838 9.469301294951057 -0.8
      vertex 32.1731656763491 9.238795325112868 -1.2
      vertex 32.78560534696838 9.469301294951057 -1.2
    endloop
  endfacet
  facet normal 0.2902846772544598 -0.9569403357322097 0
    outer loop
      vertex 33.411809548974794 9.659258262890683 -0.8
      vertex 32.78560534696838 9.469301294951057 -1.2
      vertex 33.411809548974794 9.659258262890683 -1.2
    endloop
  endfacet
  facet normal 0.22707626303437256 -0.9738769792773337 0
    outer loop
      vertex 34.04909677983872 9.807852804032304 -0.8
      vertex 33.411809548974794 9.659258262890683 -1.2
      vertex 34.04909677983872 9.807852804032304 -1.2
    endloop
  endfacet
  facet normal 0.16289547339458937 -0.9866433320848789 0
    outer loop
      vertex 34.694738077799485 9.914448613738104 -0.8
      vertex 34.04909677983872 9.807852804032304 -1.2
      vertex 34.694738077799485 9.914448613738104 -1.2
    endloop
  endfacet
  facet normal 0.09801714032956141 -0.9951847266721968 0
    outer loop
      vertex 35.34596870769857 9.978589232386035 -0.8
      vertex 34.694738077799485 9.914448613738104 -1.2
      vertex 35.34596870769857 9.978589232386035 -1.2
    endloop
  endfacet
  facet normal 0.03271908282177578 -0.9994645874763655 0
    outer loop
      vertex 36 10 -0.8
      vertex 35.34596870769857 9.978589232386035 -1.2
      vertex 36 10 -1.2
    endloop
  endfacet
  facet normal -0.03271908282177578 -0.9994645874763655 0
    outer loop
      vertex 36.65403129230143 9.978589232386035 -0.8
      vertex 36 10 -1.2
      vertex 36.65403129230143 9.978589232386035 -1.2
    endloop
  endfacet
  facet normal -0.16289547339458937 -0.9866433320848789 0
    outer loop
      vertex 37.95090322016128 9.807852804032304 -0.8
      vertex 37.305261922200515 9.914448613738104 -1.2
      vertex 37.95090322016128 9.807852804032304 -1.2
    endloop
  endfacet
  facet normal -0.22707626303437256 -0.9738769792773337 0
    outer loop
      vertex 38.588190451025206 9.659258262890683 -0.8
      vertex 37.95090322016128 9.807852804032304 -1.2
      vertex 38.588190451025206 9.659258262890683 -1.2
    endloop
  endfacet
  facet normal -0.09801714032956141 -0.9951847266721968 0
    outer loop
      vertex 37.305261922200515 9.914448613738104 -0.8
      vertex 36.65403129230143 9.978589232386035 -1.2
      vertex 37.305261922200515 9.914448613738104 -1.2
    endloop
  endfacet
  facet normal 0.2902846772544598 -0.9569403357322097 0
    outer loop
      vertex 32.78560534696838 9.469301294951057 -0.8
      vertex 32.78560534696838 9.469301294951057 -1.2
      vertex 33.411809548974794 9.659258262890683 -0.8
    endloop
  endfacet
  facet normal 0.22707626303437256 -0.9738769792773337 0
    outer loop
      vertex 33.411809548974794 9.659258262890683 -0.8
      vertex 33.411809548974794 9.659258262890683 -1.2
      vertex 34.04909677983872 9.807852804032304 -0.8
    endloop
  endfacet
  facet normal 0.16289547339458937 -0.9866433320848789 0
    outer loop
      vertex 34.04909677983872 9.807852804032304 -0.8
      vertex 34.04909677983872 9.807852804032304 -1.2
      vertex 34.694738077799485 9.914448613738104 -0.8
    endloop
  endfacet
  facet normal 0.09801714032956141 -0.9951847266721968 0
    outer loop
      vertex 34.694738077799485 9.914448613738104 -0.8
      vertex 34.694738077799485 9.914448613738104 -1.2
      vertex 35.34596870769857 9.978589232386035 -0.8
    endloop
  endfacet
  facet normal 0.03271908282177578 -0.9994645874763655 0
    outer loop
      vertex 35.34596870769857 9.978589232386035 -0.8
      vertex 35.34596870769857 9.978589232386035 -1.2
      vertex 36 10 -0.8
    endloop
  endfacet
  facet normal -0.03271908282177578 -0.9994645874763655 0
    outer loop
      vertex 36 10 -0.8
      vertex 36 10 -1.2
      vertex 36.65403129230143 9.978589232386035 -0.8
    endloop
  endfacet
  facet normal -0.2902846772544598 -0.9569403357322097 0
    outer loop
      vertex 38.588190451025206 9.659258262890683 -0.8
      vertex 38.588190451025206 9.659258262890683 -1.2
      vertex 39.21439465303162 9.469301294951057 -0.8
    endloop
  endfacet
  facet normal -0.22707626303437256 -0.9738769792773337 2.5015414930450076e-17
    outer loop
      vertex 38.588190451025206 9.659258262890683 -0.8
      vertex 37.95090322016128 9.807852804032304 -0.8
      vertex 37.95090322016128 9.807852804032304 -1.2
    endloop
  endfacet
  facet normal -0.09801714032956141 -0.9951847266721968 0
    outer loop
      vertex 36.65403129230143 9.978589232386035 -0.8
      vertex 36.65403129230143 9.978589232386035 -1.2
      vertex 37.305261922200515 9.914448613738104 -0.8
    endloop
  endfacet
  facet normal -0.16289547339458937 -0.9866433320848789 0
    outer loop
      vertex 37.305261922200515 9.914448613738104 -0.8
      vertex 37.305261922200515 9.914448613738104 -1.2
      vertex 37.95090322016128 9.807852804032304 -0.8
    endloop
  endfacet
  facet normal -0.9994645874763657 -0.032719082821775894 0
    outer loop
      vertex 46 0 -0.8
      vertex 45.978589232386035 0.6540312923014306 -1.2
      vertex 46 0 -1.2
    endloop
  endfacet
  facet normal -0.9951847266721966 -0.09801714032956367 0
    outer loop
      vertex 45.978589232386035 0.6540312923014306 -0.8
      vertex 45.9144486137381 1.3052619222005157 -1.2
      vertex 45.978589232386035 0.6540312923014306 -1.2
    endloop
  endfacet
  facet normal -0.9866433320848802 -0.162895473394581 0
    outer loop
      vertex 45.9144486137381 1.3052619222005157 -0.8
      vertex 45.80785280403231 1.9509032201612824 -1.2
      vertex 45.9144486137381 1.3052619222005157 -1.2
    endloop
  endfacet
  facet normal -0.9994645874763657 -0.032719082821775894 2.710143586088879e-18
    outer loop
      vertex 46 0 -0.8
      vertex 45.978589232386035 0.6540312923014306 -0.8
      vertex 45.978589232386035 0.6540312923014306 -1.2
    endloop
  endfacet
  facet normal -0.9951847266721966 -0.09801714032956367 1.0701820923562475e-17
    outer loop
      vertex 45.978589232386035 0.6540312923014306 -0.8
      vertex 45.9144486137381 1.3052619222005157 -0.8
      vertex 45.9144486137381 1.3052619222005157 -1.2
    endloop
  endfacet
  facet normal -0.9866433320848802 -0.162895473394581 -9.694417658197463e-19
    outer loop
      vertex 45.9144486137381 1.3052619222005157 -0.8
      vertex 45.80785280403231 1.9509032201612824 -0.8
      vertex 45.80785280403231 1.9509032201612824 -1.2
    endloop
  endfacet
  facet normal -0.9738769792773319 -0.22707626303438058 0
    outer loop
      vertex 45.80785280403231 1.9509032201612824 -0.8
      vertex 45.65925826289068 2.5881904510252074 -1.2
      vertex 45.80785280403231 1.9509032201612824 -1.2
    endloop
  endfacet
  facet normal -0.9569403357322107 -0.2902846772544567 0
    outer loop
      vertex 45.65925826289068 2.5881904510252074 -0.8
      vertex 45.46930129495106 3.214394653031616 -1.2
      vertex 45.65925826289068 2.5881904510252074 -1.2
    endloop
  endfacet
  facet normal -0.9359059267573248 -0.35225004792123604 0
    outer loop
      vertex 45.46930129495106 3.214394653031616 -0.8
      vertex 45.23879532511287 3.826834323650898 -1.2
      vertex 45.46930129495106 3.214394653031616 -1.2
    endloop
  endfacet
  facet normal -0.9738769792773319 -0.22707626303438058 1.397448021487063e-17
    outer loop
      vertex 45.80785280403231 1.9509032201612824 -0.8
      vertex 45.65925826289068 2.5881904510252074 -0.8
      vertex 45.65925826289068 2.5881904510252074 -1.2
    endloop
  endfacet
  facet normal -0.9569403357322107 -0.2902846772544567 -4.214169284047862e-18
    outer loop
      vertex 45.65925826289068 2.5881904510252074 -0.8
      vertex 45.46930129495106 3.214394653031616 -0.8
      vertex 45.46930129495106 3.214394653031616 -1.2
    endloop
  endfacet
  facet normal -0.9359059267573248 -0.35225004792123604 7.49741221279589e-18
    outer loop
      vertex 45.46930129495106 3.214394653031616 -0.8
      vertex 45.23879532511287 3.826834323650898 -0.8
      vertex 45.23879532511287 3.826834323650898 -1.2
    endloop
  endfacet
  facet normal 0 0 -1
    outer loop
      vertex 45.978589232386035 -0.6540312923014306 -0.8
      vertex 45.978589232386035 0.6540312923014306 -0.8
      vertex 46 0 -0.8
    endloop
  endfacet
  facet normal 0 0 -1
    outer loop
      vertex 45.978589232386035 -0.6540312923014306 -0.8
      vertex 45.9144486137381 1.3052619222005157 -0.8
      vertex 45.978589232386035 0.6540312923014306 -0.8
    endloop
  endfacet
  facet normal 0 0 -1
    outer loop
      vertex 45.9144486137381 -1.3052619222005157 -0.8
      vertex 45.80785280403231 1.9509032201612824 -0.8
      vertex 45.9144486137381 1.3052619222005157 -0.8
    endloop
  endfacet
  facet normal 0 0 -1
    outer loop
      vertex 45.80785280403231 -1.9509032201612824 -0.8
      vertex 45.65925826289068 2.5881904510252074 -0.8
      vertex 45.80785280403231 1.9509032201612824 -0.8
    endloop
  endfacet
  facet normal 0 0 -1
    outer loop
      vertex 45.65925826289068 -2.5881904510252074 -0.8
      vertex 45.46930129495106 3.214394653031616 -0.8
      vertex 45.65925826289068 2.5881904510252074 -0.8
    endloop
  endfacet
  facet normal 0 0 -1
    outer loop
      vertex 45.46930129495106 -3.214394653031616 -0.8
      vertex 45.23879532511287 3.826834323650898 -0.8
      vertex 45.46930129495106 3.214394653031616 -0.8
    endloop
  endfacet
  facet normal 0 0 -1
    outer loop
      vertex 44.96872741532688 -4.4228869021900135 -0.8
      vertex 44.66025403784438 5 -0.8
      vertex 44.96872741532688 4.4228869021900135 -0.8
    endloop
  endfacet
  facet normal 0 0 -1
    outer loop
      vertex 44.66025403784438 -5 -0.8
      vertex 44.314696123025456 5.555702330196022 -0.8
      vertex 44.66025403784438 5 -0.8
    endloop
  endfacet
  facet normal 0 0 -1
    outer loop
      vertex 45.23879532511287 -3.826834323650898 -0.8
      vertex 44.96872741532688 4.4228869021900135 -0.8
      vertex 45.23879532511287 3.826834323650898 -0.8
    endloop
  endfacet
  facet normal 0 0 -1
    outer loop
      vertex 43.93353340291235 -6.087614290087206 -0.8
      vertex 43.51839807478977 6.593458151000688 -0.8
      vertex 43.93353340291235 6.087614290087206 -0.8
    endloop
  endfacet
  facet normal 0 0 -1
    outer loop
      vertex 42.0876142900872 -7.933533402912351 -0.8
      vertex 41.55570233019602 8.314696123025453 -0.8
      vertex 42.0876142900872 7.933533402912351 -0.8
    endloop
  endfacet
  facet normal 0 0 -1
    outer loop
      vertex 42.59345815100069 -7.518398074789775 -0.8
      vertex 42.0876142900872 7.933533402912351 -0.8
      vertex 42.59345815100069 7.518398074789775 -0.8
    endloop
  endfacet
  facet normal 0 0 -1
    outer loop
      vertex 43.071067811865476 -7.0710678118654755 -0.8
      vertex 42.59345815100069 7.518398074789775 -0.8
      vertex 43.071067811865476 7.0710678118654755 -0.8
    endloop
  endfacet
  facet normal 0 0 -1
    outer loop
      vertex 43.51839807478977 -6.593458151000688 -0.8
      vertex 43.071067811865476 7.0710678118654755 -0.8
      vertex 43.51839807478977 6.593458151000688 -0.8
    endloop
  endfacet
  facet normal 0 0 -1
    outer loop
      vertex 39.21439465303162 -9.469301294951057 -0.8
      vertex 38.588190451025206 9.659258262890683 -0.8
      vertex 39.21439465303162 9.469301294951057 -0.8
    endloop
  endfacet
  facet normal 0 0 -1
    outer loop
      vertex 39.8268343236509 -9.238795325112868 -0.8
      vertex 39.21439465303162 9.469301294951057 -0.8
      vertex 39.8268343236509 9.238795325112868 -0.8
    endloop
  endfacet
  facet normal 0 0 -1
    outer loop
      vertex 41 -8.660254037844386 -0.8
      vertex 40.422886902190015 8.968727415326882 -0.8
      vertex 41 8.660254037844386 -0.8
    endloop
  endfacet
  facet normal 0 0 -1
    outer loop
      vertex 41.55570233019602 -8.314696123025453 -0.8
      vertex 41 8.660254037844386 -0.8
      vertex 41.55570233019602 8.314696123025453 -0.8
    endloop
  endfacet
  facet normal 0 0 -1
    outer loop
      vertex 40.422886902190015 -8.968727415326882 -0.8
      vertex 39.8268343236509 9.238795325112868 -0.8
      vertex 40.422886902190015 8.968727415326882 -0.8
    endloop
  endfacet
  facet normal 0 0 -1
    outer loop
      vertex 44.314696123025456 -5.555702330196022 -0.8
      vertex 43.93353340291235 6.087614290087206 -0.8
      vertex 44.314696123025456 5.555702330196022 -0.8
    endloop
  endfacet
  facet normal -0.9108638249211751 -0.4127070298043966 0
    outer loop
      vertex 45.23879532511287 3.826834323650898 -0.8
      vertex 44.96872741532688 4.4228869021900135 -1.2
      vertex 45.23879532511287 3.826834323650898 -1.2
    endloop
  endfacet
  facet normal -0.8819212643483529 -0.4713967368260018 0
    outer loop
      vertex 44.96872741532688 4.4228869021900135 -0.8
      vertex 44.66025403784438 5 -1.2
      vertex 44.96872741532688 4.4228869021900135 -1.2
    endloop
  endfacet
  facet normal -0.8492021815265844 -0.5280678506503593 0
    outer loop
      vertex 44.66025403784438 5 -0.8
      vertex 44.314696123025456 5.555702330196022 -1.2
      vertex 44.66025403784438 5 -1.2
    endloop
  endfacet
  facet normal -0.9108638249211751 -0.4127070298043966 4.310018095960712e-17
    outer loop
      vertex 45.23879532511287 3.826834323650898 -0.8
      vertex 44.96872741532688 4.4228869021900135 -0.8
      vertex 44.96872741532688 4.4228869021900135 -1.2
    endloop
  endfacet
  facet normal -0.8819212643483529 -0.4713967368260018 4.8227020882273675e-17
    outer loop
      vertex 44.96872741532688 4.4228869021900135 -0.8
      vertex 44.66025403784438 5 -0.8
      vertex 44.66025403784438 5 -1.2
    endloop
  endfacet
  facet normal -0.8492021815265844 -0.5280678506503593 -1.8975079144437186e-17
    outer loop
      vertex 44.66025403784438 5 -0.8
      vertex 44.314696123025456 5.555702330196022 -0.8
      vertex 44.314696123025456 5.555702330196022 -1.2
    endloop
  endfacet
  facet normal -0.7730104533627346 -0.6343932841636484 0
    outer loop
      vertex 43.93353340291235 6.087614290087206 -0.8
      vertex 43.51839807478977 6.593458151000688 -1.2
      vertex 43.93353340291235 6.087614290087206 -1.2
    endloop
  endfacet
  facet normal -0.7298640726978376 -0.6835923020228691 0
    outer loop
      vertex 43.51839807478977 6.593458151000688 -0.8
      vertex 43.071067811865476 7.0710678118654755 -1.2
      vertex 43.51839807478977 6.593458151000688 -1.2
    endloop
  endfacet
  facet normal -0.683592302022872 -0.7298640726978349 0
    outer loop
      vertex 43.071067811865476 7.0710678118654755 -0.8
      vertex 42.59345815100069 7.518398074789775 -1.2
      vertex 43.071067811865476 7.0710678118654755 -1.2
    endloop
  endfacet
  facet normal -0.8128466845916136 -0.5824776968678045 0
    outer loop
      vertex 44.314696123025456 5.555702330196022 -0.8
      vertex 43.93353340291235 6.087614290087206 -1.2
      vertex 44.314696123025456 5.555702330196022 -1.2
    endloop
  endfacet
  facet normal -0.7730104533627346 -0.6343932841636484 0
    outer loop
      vertex 43.51839807478977 6.593458151000688 -0.8
      vertex 43.51839807478977 6.593458151000688 -1.2
      vertex 43.93353340291235 6.087614290087206 -0.8
    endloop
  endfacet
  facet normal -0.7298640726978376 -0.6835923020228691 -5.006243279338238e-17
    outer loop
      vertex 43.51839807478977 6.593458151000688 -0.8
      vertex 43.071067811865476 7.0710678118654755 -0.8
      vertex 43.071067811865476 7.0710678118654755 -1.2
    endloop
  endfacet
  facet normal -0.683592302022872 -0.7298640726978349 -8.567279863820754e-19
    outer loop
      vertex 43.071067811865476 7.0710678118654755 -0.8
      vertex 42.59345815100069 7.518398074789775 -0.8
      vertex 42.59345815100069 7.518398074789775 -1.2
    endloop
  endfacet
  facet normal -0.8128466845916136 -0.5824776968678045 3.621550765658587e-17
    outer loop
      vertex 44.314696123025456 5.555702330196022 -0.8
      vertex 43.93353340291235 6.087614290087206 -0.8
      vertex 43.93353340291235 6.087614290087206 -1.2
    endloop
  endfacet
  facet normal -0.5280678506503682 -0.8492021815265787 0
    outer loop
      vertex 41.55570233019602 8.314696123025453 -0.8
      vertex 41 8.660254037844386 -1.2
      vertex 41.55570233019602 8.314696123025453 -1.2
    endloop
  endfacet
  facet normal -0.634393284163641 -0.7730104533627407 0
    outer loop
      vertex 42.59345815100069 7.518398074789775 -0.8
      vertex 42.0876142900872 7.933533402912351 -1.2
      vertex 42.59345815100069 7.518398074789775 -1.2
    endloop
  endfacet
  facet normal -0.5824776968678039 -0.8128466845916139 0
    outer loop
      vertex 42.0876142900872 7.933533402912351 -0.8
      vertex 41.55570233019602 8.314696123025453 -1.2
      vertex 42.0876142900872 7.933533402912351 -1.2
    endloop
  endfacet
  facet normal -0.47139673682599864 -0.8819212643483545 0
    outer loop
      vertex 41 8.660254037844386 -0.8
      vertex 40.422886902190015 8.968727415326882 -1.2
      vertex 41 8.660254037844386 -1.2
    endloop
  endfacet
  facet normal -0.35225004792123416 -0.9359059267573255 0
    outer loop
      vertex 39.8268343236509 9.238795325112868 -0.8
      vertex 39.21439465303162 9.469301294951057 -1.2
      vertex 39.8268343236509 9.238795325112868 -1.2
    endloop
  endfacet
  facet normal -0.4127070298043966 -0.9108638249211751 0
    outer loop
      vertex 40.422886902190015 8.968727415326882 -0.8
      vertex 39.8268343236509 9.238795325112868 -1.2
      vertex 40.422886902190015 8.968727415326882 -1.2
    endloop
  endfacet
  facet normal -0.634393284163641 -0.7730104533627407 -4.2209135358825587e-17
    outer loop
      vertex 42.59345815100069 7.518398074789775 -0.8
      vertex 42.0876142900872 7.933533402912351 -0.8
      vertex 42.0876142900872 7.933533402912351 -1.2
    endloop
  endfacet
  facet normal -0.5824776968678039 -0.8128466845916139 -2.3506935888246843e-17
    outer loop
      vertex 42.0876142900872 7.933533402912351 -0.8
      vertex 41.55570233019602 8.314696123025453 -0.8
      vertex 41.55570233019602 8.314696123025453 -1.2
    endloop
  endfacet
  facet normal -0.5280678506503682 -0.8492021815265787 0
    outer loop
      vertex 41 8.660254037844386 -0.8
      vertex 41 8.660254037844386 -1.2
      vertex 41.55570233019602 8.314696123025453 -0.8
    endloop
  endfacet
  facet normal -0.47139673682599864 -0.8819212643483545 7.16643683693305e-18
    outer loop
      vertex 41 8.660254037844386 -0.8
      vertex 40.422886902190015 8.968727415326882 -0.8
      vertex 40.422886902190015 8.968727415326882 -1.2
    endloop
  endfacet
  facet normal -0.4127070298043966 -0.9108638249211751 4.310018095960712e-17
    outer loop
      vertex 40.422886902190015 8.968727415326882 -0.8
      vertex 39.8268343236509 9.238795325112868 -0.8
      vertex 39.8268343236509 9.238795325112868 -1.2
    endloop
  endfacet
  facet normal -0.2902846772544598 -0.9569403357322097 0
    outer loop
      vertex 39.21439465303162 9.469301294951057 -0.8
      vertex 38.588190451025206 9.659258262890683 -1.2
      vertex 39.21439465303162 9.469301294951057 -1.2
    endloop
  endfacet
  facet normal -0.35225004792123416 -0.9359059267573255 0
    outer loop
      vertex 39.21439465303162 9.469301294951057 -0.8
      vertex 39.21439465303162 9.469301294951057 -1.2
      vertex 39.8268343236509 9.238795325112868 -0.8
    endloop
  endfacet
  facet normal 0 0 -1
    outer loop
      vertex -74.46446609406726 -15 -1.2
      vertex -62.588190451025206 -9.659258262890683 -1.2
      vertex -61.95090322016128 -9.807852804032304 -1.2
    endloop
  endfacet
  facet normal 0 0 -1
    outer loop
      vertex -74.46446609406726 -15 -1.2
      vertex -61.95090322016128 -9.807852804032304 -1.2
      vertex -61.305261922200515 -9.914448613738104 -1.2
    endloop
  endfacet
  facet normal 0 0 -1
    outer loop
      vertex -74.46446609406726 -15 -1.2
      vertex -63.21439465303162 -9.469301294951057 -1.2
      vertex -62.588190451025206 -9.659258262890683 -1.2
    endloop
  endfacet
  facet normal 0 0 -1
    outer loop
      vertex -74.46446609406726 -15 -1.2
      vertex -61.305261922200515 -9.914448613738104 -1.2
      vertex -60.65403129230143 -9.978589232386035 -1.2
    endloop
  endfacet
  facet normal 0 0 -1
    outer loop
      vertex -74.46446609406726 -15 -1.2
      vertex -60.65403129230143 -9.978589232386035 -1.2
      vertex -60 -10 -1.2
    endloop
  endfacet
  facet normal 0 0 -1
    outer loop
      vertex -74.46446609406726 -15 -1.2
      vertex -60 -10 -1.2
      vertex -59.34596870769857 -9.978589232386035 -1.2
    endloop
  endfacet
  facet normal 0 0 -1
    outer loop
      vertex -74.46446609406726 -15 -1.2
      vertex -59.34596870769857 -9.978589232386035 -1.2
      vertex -58.694738077799485 -9.914448613738104 -1.2
    endloop
  endfacet
  facet normal 0 0 -1
    outer loop
      vertex -74.46446609406726 -15 -1.2
      vertex -78 -11.464466094067262 -1.2
      vertex -67.51839807478977 -6.593458151000688 -1.2
    endloop
  endfacet
  facet normal 0 0 -1
    outer loop
      vertex -74.46446609406726 -15 -1.2
      vertex -65.55570233019603 -8.314696123025453 -1.2
      vertex -65 -8.660254037844386 -1.2
    endloop
  endfacet
  facet normal 0 0 -1
    outer loop
      vertex -74.46446609406726 -15 -1.2
      vertex -66.0876142900872 -7.933533402912351 -1.2
      vertex -65.55570233019603 -8.314696123025453 -1.2
    endloop
  endfacet
  facet normal 0 0 -1
    outer loop
      vertex -74.46446609406726 -15 -1.2
      vertex -66.59345815100069 -7.518398074789775 -1.2
      vertex -66.0876142900872 -7.933533402912351 -1.2
    endloop
  endfacet
  facet normal 0 0 -1
    outer loop
      vertex -74.46446609406726 -15 -1.2
      vertex -67.07106781186548 -7.0710678118654755 -1.2
      vertex -66.59345815100069 -7.518398074789775 -1.2
    endloop
  endfacet
  facet normal 0 0 -1
    outer loop
      vertex -74.46446609406726 -15 -1.2
      vertex -67.51839807478977 -6.593458151000688 -1.2
      vertex -67.07106781186548 -7.0710678118654755 -1.2
    endloop
  endfacet
  facet normal 0 0 -1
    outer loop
      vertex -67.51839807478977 -6.593458151000688 -1.2
      vertex -78 -11.464466094067262 -1.2
      vertex -67.93353340291235 -6.087614290087206 -1.2
    endloop
  endfacet
  facet normal 0 0 -1
    outer loop
      vertex -67.93353340291235 -6.087614290087206 -1.2
      vertex -78 -11.464466094067262 -1.2
      vertex -68.31469612302546 -5.555702330196022 -1.2
    endloop
  endfacet
  facet normal 0 0 -1
    outer loop
      vertex -74.46446609406726 -15 -1.2
      vertex -63.8268343236509 -9.238795325112868 -1.2
      vertex -63.21439465303162 -9.469301294951057 -1.2
    endloop
  endfacet
  facet normal 0 0 -1
    outer loop
      vertex -74.46446609406726 -15 -1.2
      vertex -64.42288690219002 -8.968727415326882 -1.2
      vertex -63.8268343236509 -9.238795325112868 -1.2
    endloop
  endfacet
  facet normal 0 0 -1
    outer loop
      vertex -74.46446609406726 -15 -1.2
      vertex -65 -8.660254037844386 -1.2
      vertex -64.42288690219002 -8.968727415326882 -1.2
    endloop
  endfacet
  facet normal 0 0 -1
    outer loop
      vertex -74.46446609406726 -15 -1.2
      vertex -38.588190451025206 -9.659258262890683 -1.2
      vertex -37.95090322016128 -9.807852804032304 -1.2
    endloop
  endfacet
  facet normal 0 0 -1
    outer loop
      vertex -74.46446609406726 -15 -1.2
      vertex -39.21439465303162 -9.469301294951057 -1.2
      vertex -38.588190451025206 -9.659258262890683 -1.2
    endloop
  endfacet
  facet normal 0 0 -1
    outer loop
      vertex -74.46446609406726 -15 -1.2
      vertex -37.305261922200515 -9.914448613738104 -1.2
      vertex -36.65403129230143 -9.978589232386035 -1.2
    endloop
  endfacet
  facet normal 0 0 -1
    outer loop
      vertex -74.46446609406726 -15 -1.2
      vertex -37.95090322016128 -9.807852804032304 -1.2
      vertex -37.305261922200515 -9.914448613738104 -1.2
    endloop
  endfacet
  facet normal 0 0 -1
    outer loop
      vertex -74.46446609406726 -15 -1.2
      vertex -36.65403129230143 -9.978589232386035 -1.2
      vertex -36 -10 -1.2
    endloop
  endfacet
  facet normal 0 0 -1
    outer loop
      vertex -74.46446609406726 -15 -1.2
      vertex -36 -10 -1.2
      vertex -35.34596870769857 -9.978589232386035 -1.2
    endloop
  endfacet
  facet normal 0 0 -1
    outer loop
      vertex -74.46446609406726 -15 -1.2
      vertex -35.34596870769857 -9.978589232386035 -1.2
      vertex -12.65403129230143 -9.978589232386035 -1.2
    endloop
  endfacet
  facet normal 0 0 -1
    outer loop
      vertex -41.55570233019602 -8.314696123025453 -1.2
      vertex -74.46446609406726 -15 -1.2
      vertex -58.694738077799485 -9.914448613738104 -1.2
    endloop
  endfacet
  facet normal 0 0 -1
    outer loop
      vertex -74.46446609406726 -15 -1.2
      vertex -40.422886902190015 -8.968727415326882 -1.2
      vertex -39.8268343236509 -9.238795325112868 -1.2
    endloop
  endfacet
  facet normal 0 0 -1
    outer loop
      vertex -74.46446609406726 -15 -1.2
      vertex -41 -8.660254037844386 -1.2
      vertex -40.422886902190015 -8.968727415326882 -1.2
    endloop
  endfacet
  facet normal 0 0 -1
    outer loop
      vertex -74.46446609406726 -15 -1.2
      vertex -41.55570233019602 -8.314696123025453 -1.2
      vertex -41 -8.660254037844386 -1.2
    endloop
  endfacet
  facet normal 0 0 -1
    outer loop
      vertex -74.46446609406726 -15 -1.2
      vertex -39.8268343236509 -9.238795325112868 -1.2
      vertex -39.21439465303162 -9.469301294951057 -1.2
    endloop
  endfacet
  facet normal 0 0 -1
    outer loop
      vertex -41.55570233019602 -8.314696123025453 -1.2
      vertex -58.694738077799485 -9.914448613738104 -1.2
      vertex -58.04909677983872 -9.807852804032304 -1.2
    endloop
  endfacet
  facet normal 0 0 -1
    outer loop
      vertex -41.55570233019602 -8.314696123025453 -1.2
      vertex -58.04909677983872 -9.807852804032304 -1.2
      vertex -57.411809548974794 -9.659258262890683 -1.2
    endloop
  endfacet
  facet normal 0 0 -1
    outer loop
      vertex -41.55570233019602 -8.314696123025453 -1.2
      vertex -57.411809548974794 -9.659258262890683 -1.2
      vertex -56.78560534696838 -9.469301294951057 -1.2
    endloop
  endfacet
  facet normal 0 0 -1
    outer loop
      vertex -41.55570233019602 -8.314696123025453 -1.2
      vertex -56.78560534696838 -9.469301294951057 -1.2
      vertex -56.1731656763491 -9.238795325112868 -1.2
    endloop
  endfacet
  facet normal 0 0 -1
    outer loop
      vertex -41.55570233019602 -8.314696123025453 -1.2
      vertex -56.1731656763491 -9.238795325112868 -1.2
      vertex -55.577113097809985 -8.968727415326882 -1.2
    endloop
  endfacet
  facet normal 0 0 -1
    outer loop
      vertex -41.55570233019602 -8.314696123025453 -1.2
      vertex -55.577113097809985 -8.968727415326882 -1.2
      vertex -55 -8.660254037844386 -1.2
    endloop
  endfacet
  facet normal 0 0 -1
    outer loop
      vertex -41.55570233019602 -8.314696123025453 -1.2
      vertex -55 -8.660254037844386 -1.2
      vertex -54.44429766980398 -8.314696123025453 -1.2
    endloop
  endfacet
  facet normal 0 0 -1
    outer loop
      vertex -41.55570233019602 -8.314696123025453 -1.2
      vertex -54.44429766980398 -8.314696123025453 -1.2
      vertex -53.9123857099128 -7.933533402912351 -1.2
    endloop
  endfacet
  facet normal 0 0 -1
    outer loop
      vertex -53.9123857099128 -7.933533402912351 -1.2
      vertex -53.40654184899931 -7.518398074789775 -1.2
      vertex -42.0876142900872 -7.933533402912351 -1.2
    endloop
  endfacet
  facet normal 0 0 -1
    outer loop
      vertex -53.9123857099128 -7.933533402912351 -1.2
      vertex -42.0876142900872 -7.933533402912351 -1.2
      vertex -41.55570233019602 -8.314696123025453 -1.2
    endloop
  endfacet
  facet normal 0 0 -1
    outer loop
      vertex -53.40654184899931 -7.518398074789775 -1.2
      vertex -42.59345815100069 -7.518398074789775 -1.2
      vertex -42.0876142900872 -7.933533402912351 -1.2
    endloop
  endfacet
  facet normal 0 0 -1
    outer loop
      vertex -78 -11.464466094067262 -1.2
      vertex -68.66025403784438 -5 -1.2
      vertex -68.31469612302546 -5.555702330196022 -1.2
    endloop
  endfacet
  facet normal 0 0 -1
    outer loop
      vertex -78 -11.464466094067262 -1.2
      vertex -69.23879532511287 -3.826834323650898 -1.2
      vertex -68.96872741532688 -4.4228869021900135 -1.2
    endloop
  endfacet
  facet normal 0 0 -1
    outer loop
      vertex -78 -11.464466094067262 -1.2
      vertex -68.96872741532688 -4.4228869021900135 -1.2
      vertex -68.66025403784438 -5 -1.2
    endloop
  endfacet
  facet normal 0 0 -1
    outer loop
      vertex -78 -11.464466094067262 -1.2
      vertex -69.46930129495105 -3.214394653031616 -1.2
      vertex -69.23879532511287 -3.826834323650898 -1.2
    endloop
  endfacet
  facet normal 0 0 -1
    outer loop
      vertex -78 -11.464466094067262 -1.2
      vertex -69.65925826289069 -2.5881904510252074 -1.2
      vertex -69.46930129495105 -3.214394653031616 -1.2
    endloop
  endfacet
  facet normal 0 0 -1
    outer loop
      vertex -78 -11.464466094067262 -1.2
      vertex -69.80785280403231 -1.9509032201612824 -1.2
      vertex -69.65925826289069 -2.5881904510252074 -1.2
    endloop
  endfacet
  facet normal 0 0 -1
    outer loop
      vertex -78 -11.464466094067262 -1.2
      vertex -69.9144486137381 -1.3052619222005157 -1.2
      vertex -69.80785280403231 -1.9509032201612824 -1.2
    endloop
  endfacet
  facet normal 0 0 -1
    outer loop
      vertex -78 -11.464466094067262 -1.2
      vertex -69.97858923238604 -0.6540312923014306 -1.2
      vertex -69.9144486137381 -1.3052619222005157 -1.2
    endloop
  endfacet
  facet normal 0 0 -1
    outer loop
      vertex -78 -11.464466094067262 -1.2
      vertex -70 0 -1.2
      vertex -69.97858923238604 -0.6540312923014306 -1.2
    endloop
  endfacet
  facet normal 0 0 -1
    outer loop
      vertex -53.40654184899931 -7.518398074789775 -1.2
      vertex -52.928932188134524 -7.0710678118654755 -1.2
      vertex -42.59345815100069 -7.518398074789775 -1.2
    endloop
  endfacet
  facet normal 0 0 -1
    outer loop
      vertex -52.928932188134524 -7.0710678118654755 -1.2
      vertex -52.48160192521023 -6.593458151000688 -1.2
      vertex -43.071067811865476 -7.0710678118654755 -1.2
    endloop
  endfacet
  facet normal 0 0 -1
    outer loop
      vertex -52.06646659708765 -6.087614290087206 -1.2
      vertex -43.51839807478977 -6.593458151000688 -1.2
      vertex -52.48160192521023 -6.593458151000688 -1.2
    endloop
  endfacet
  facet normal 0 0 -1
    outer loop
      vertex -51.685303876974544 -5.555702330196022 -1.2
      vertex -43.93353340291235 -6.087614290087206 -1.2
      vertex -52.06646659708765 -6.087614290087206 -1.2
    endloop
  endfacet
  facet normal 0 0 -1
    outer loop
      vertex -51.33974596215562 -5 -1.2
      vertex -44.314696123025456 -5.555702330196022 -1.2
      vertex -51.685303876974544 -5.555702330196022 -1.2
    endloop
  endfacet
  facet normal 0 0 -1
    outer loop
      vertex -51.03127258467312 -4.4228869021900135 -1.2
      vertex -44.66025403784438 -5 -1.2
      vertex -51.33974596215562 -5 -1.2
    endloop
  endfacet
  facet normal 0 0 -1
    outer loop
      vertex -50.76120467488713 -3.826834323650898 -1.2
      vertex -44.96872741532688 -4.4228869021900135 -1.2
      vertex -51.03127258467312 -4.4228869021900135 -1.2
    endloop
  endfacet
  facet normal 0 0 -1
    outer loop
      vertex -52.48160192521023 -6.593458151000688 -1.2
      vertex -43.51839807478977 -6.593458151000688 -1.2
      vertex -43.071067811865476 -7.0710678118654755 -1.2
    endloop
  endfacet
  facet normal 0 0 -1
    outer loop
      vertex -52.928932188134524 -7.0710678118654755 -1.2
      vertex -43.071067811865476 -7.0710678118654755 -1.2
      vertex -42.59345815100069 -7.518398074789775 -1.2
    endloop
  endfacet
  facet normal 0 0 -1
    outer loop
      vertex -52.06646659708765 -6.087614290087206 -1.2
      vertex -43.93353340291235 -6.087614290087206 -1.2
      vertex -43.51839807478977 -6.593458151000688 -1.2
    endloop
  endfacet
  facet normal 0 0 -1
    outer loop
      vertex -51.685303876974544 -5.555702330196022 -1.2
      vertex -44.314696123025456 -5.555702330196022 -1.2
      vertex -43.93353340291235 -6.087614290087206 -1.2
    endloop
  endfacet
  facet normal 0 0 -1
    outer loop
      vertex -51.33974596215562 -5 -1.2
      vertex -44.66025403784438 -5 -1.2
      vertex -44.314696123025456 -5.555702330196022 -1.2
    endloop
  endfacet
  facet normal 0 0 -1
    outer loop
      vertex -51.03127258467312 -4.4228869021900135 -1.2
      vertex -44.96872741532688 -4.4228869021900135 -1.2
      vertex -44.66025403784438 -5 -1.2
    endloop
  endfacet
  facet normal 0 0 -1
    outer loop
      vertex -50.76120467488713 -3.826834323650898 -1.2
      vertex -45.23879532511287 -3.826834323650898 -1.2
      vertex -44.96872741532688 -4.4228869021900135 -1.2
    endloop
  endfacet
  facet normal 0 0 -1
    outer loop
      vertex -50.53069870504894 -3.214394653031616 -1.2
      vertex -45.23879532511287 -3.826834323650898 -1.2
      vertex -50.76120467488713 -3.826834323650898 -1.2
    endloop
  endfacet
  facet normal 0 0 -1
    outer loop
      vertex -50.34074173710932 -2.5881904510252074 -1.2
      vertex -45.46930129495106 -3.214394653031616 -1.2
      vertex -50.53069870504894 -3.214394653031616 -1.2
    endloop
  endfacet
  facet normal 0 0 -1
    outer loop
      vertex -50.53069870504894 -3.214394653031616 -1.2
      vertex -45.46930129495106 -3.214394653031616 -1.2
      vertex -45.23879532511287 -3.826834323650898 -1.2
    endloop
  endfacet
  facet normal 0 0 -1
    outer loop
      vertex -50.19214719596769 -1.9509032201612824 -1.2
      vertex -45.65925826289068 -2.5881904510252074 -1.2
      vertex -50.34074173710932 -2.5881904510252074 -1.2
    endloop
  endfacet
  facet normal 0 0 -1
    outer loop
      vertex -50.34074173710932 -2.5881904510252074 -1.2
      vertex -45.65925826289068 -2.5881904510252074 -1.2
      vertex -45.46930129495106 -3.214394653031616 -1.2
    endloop
  endfacet
  facet normal 0 0 -1
    outer loop
      vertex -50.19214719596769 -1.9509032201612824 -1.2
      vertex -45.80785280403231 -1.9509032201612824 -1.2
      vertex -45.65925826289068 -2.5881904510252074 -1.2
    endloop
  endfacet
  facet normal 0 0 -1
    outer loop
      vertex -45.80785280403231 -1.9509032201612824 -1.2
      vertex -50.19214719596769 -1.9509032201612824 -1.2
      vertex -50.0855513862619 -1.3052619222005157 -1.2
    endloop
  endfacet
  facet normal 0 0 -1
    outer loop
      vertex -45.80785280403231 -1.9509032201612824 -1.2
      vertex -50.0855513862619 -1.3052619222005157 -1.2
      vertex -45.9144486137381 -1.3052619222005157 -1.2
    endloop
  endfacet
  facet normal 0 0 -1
    outer loop
      vertex -45.9144486137381 -1.3052619222005157 -1.2
      vertex -50.0855513862619 -1.3052619222005157 -1.2
      vertex -50.021410767613965 -0.6540312923014306 -1.2
    endloop
  endfacet
  facet normal 0 0 -1
    outer loop
      vertex -45.9144486137381 -1.3052619222005157 -1.2
      vertex -50.021410767613965 -0.6540312923014306 -1.2
      vertex -45.978589232386035 -0.6540312923014306 -1.2
    endloop
  endfacet
  facet normal 0 0 -1
    outer loop
      vertex -50.021410767613965 -0.6540312923014306 -1.2
      vertex -50 0 -1.2
      vertex -45.978589232386035 -0.6540312923014306 -1.2
    endloop
  endfacet
  facet normal 0 0 -1
    outer loop
      vertex -45.978589232386035 -0.6540312923014306 -1.2
      vertex -50 0 -1.2
      vertex -46 0 -1.2
    endloop
  endfacet
  facet normal -1 0 0
    outer loop
      vertex -78 15 -1.2
      vertex -78 -11.464466094067262 -1.2
      vertex -78 -11.464466094067262 1.2
    endloop
  endfacet
  facet normal 0 0 -1
    outer loop
      vertex -74.46446609406726 -15 -1.2
      vertex -12.65403129230143 -9.978589232386035 -1.2
      vertex -12 -10 -1.2
    endloop
  endfacet
  facet normal 0 0 -1
    outer loop
      vertex -74.46446609406726 -15 -1.2
      vertex -12 -10 -1.2
      vertex 12 -10 -1.2
    endloop
  endfacet
  facet normal 0 0 -1
    outer loop
      vertex -35.34596870769857 -9.978589232386035 -1.2
      vertex -34.694738077799485 -9.914448613738104 -1.2
      vertex -12.65403129230143 -9.978589232386035 -1.2
    endloop
  endfacet
  facet normal 0 0 -1
    outer loop
      vertex -34.694738077799485 -9.914448613738104 -1.2
      vertex -34.04909677983872 -9.807852804032304 -1.2
      vertex -13.305261922200515 -9.914448613738104 -1.2
    endloop
  endfacet
  facet normal 0 0 -1
    outer loop
      vertex -34.04909677983872 -9.807852804032304 -1.2
      vertex -33.411809548974794 -9.659258262890683 -1.2
      vertex -13.950903220161283 -9.807852804032304 -1.2
    endloop
  endfacet
  facet normal 0 0 -1
    outer loop
      vertex -33.411809548974794 -9.659258262890683 -1.2
      vertex -32.78560534696838 -9.469301294951057 -1.2
      vertex -14.588190451025207 -9.659258262890683 -1.2
    endloop
  endfacet
  facet normal 0 0 -1
    outer loop
      vertex -32.78560534696838 -9.469301294951057 -1.2
      vertex -32.1731656763491 -9.238795325112868 -1.2
      vertex -15.214394653031615 -9.469301294951057 -1.2
    endloop
  endfacet
  facet normal 0 0 -1
    outer loop
      vertex -34.694738077799485 -9.914448613738104 -1.2
      vertex -13.305261922200515 -9.914448613738104 -1.2
      vertex -12.65403129230143 -9.978589232386035 -1.2
    endloop
  endfacet
  facet normal 0 0 -1
    outer loop
      vertex -32.78560534696838 -9.469301294951057 -1.2
      vertex -15.214394653031615 -9.469301294951057 -1.2
      vertex -14.588190451025207 -9.659258262890683 -1.2
    endloop
  endfacet
  facet normal 0 0 -1
    outer loop
      vertex -34.04909677983872 -9.807852804032304 -1.2
      vertex -13.950903220161283 -9.807852804032304 -1.2
      vertex -13.305261922200515 -9.914448613738104 -1.2
    endloop
  endfacet
  facet normal 0 0 -1
    outer loop
      vertex -33.411809548974794 -9.659258262890683 -1.2
      vertex -14.588190451025207 -9.659258262890683 -1.2
      vertex -13.950903220161283 -9.807852804032304 -1.2
    endloop
  endfacet
  facet normal 0 0 -1
    outer loop
      vertex -32.1731656763491 -9.238795325112868 -1.2
      vertex -31.577113097809985 -8.968727415326882 -1.2
      vertex -15.826834323650898 -9.238795325112868 -1.2
    endloop
  endfacet
  facet normal 0 0 -1
    outer loop
      vertex -31.577113097809985 -8.968727415326882 -1.2
      vertex -31 -8.660254037844386 -1.2
      vertex -16.422886902190015 -8.968727415326882 -1.2
    endloop
  endfacet
  facet normal 0 0 -1
    outer loop
      vertex -31 -8.660254037844386 -1.2
      vertex -30.44429766980398 -8.314696123025453 -1.2
      vertex -17 -8.660254037844386 -1.2
    endloop
  endfacet
  facet normal 0 0 -1
    outer loop
      vertex -30.44429766980398 -8.314696123025453 -1.2
      vertex -29.912385709912794 -7.933533402912351 -1.2
      vertex -17.55570233019602 -8.314696123025453 -1.2
    endloop
  endfacet
  facet normal 0 0 -1
    outer loop
      vertex -29.912385709912794 -7.933533402912351 -1.2
      vertex -29.40654184899931 -7.518398074789775 -1.2
      vertex -18.087614290087206 -7.933533402912351 -1.2
    endloop
  endfacet
  facet normal 0 0 -1
    outer loop
      vertex -32.1731656763491 -9.238795325112868 -1.2
      vertex -15.826834323650898 -9.238795325112868 -1.2
      vertex -15.214394653031615 -9.469301294951057 -1.2
    endloop
  endfacet
  facet normal 0 0 -1
    outer loop
      vertex -31.577113097809985 -8.968727415326882 -1.2
      vertex -16.422886902190015 -8.968727415326882 -1.2
      vertex -15.826834323650898 -9.238795325112868 -1.2
    endloop
  endfacet
  facet normal 0 0 -1
    outer loop
      vertex -31 -8.660254037844386 -1.2
      vertex -17 -8.660254037844386 -1.2
      vertex -16.422886902190015 -8.968727415326882 -1.2
    endloop
  endfacet
  facet normal 0 0 -1
    outer loop
      vertex -29.40654184899931 -7.518398074789775 -1.2
      vertex -18.59345815100069 -7.518398074789775 -1.2
      vertex -18.087614290087206 -7.933533402912351 -1.2
    endloop
  endfacet
  facet normal 0 0 -1
    outer loop
      vertex -30.44429766980398 -8.314696123025453 -1.2
      vertex -17.55570233019602 -8.314696123025453 -1.2
      vertex -17 -8.660254037844386 -1.2
    endloop
  endfacet
  facet normal 0 0 -1
    outer loop
      vertex -29.912385709912794 -7.933533402912351 -1.2
      vertex -18.087614290087206 -7.933533402912351 -1.2
      vertex -17.55570233019602 -8.314696123025453 -1.2
    endloop
  endfacet
  facet normal 0 0 -1
    outer loop
      vertex -74.46446609406726 -15 -1.2
      vertex 12 -10 -1.2
      vertex 12.65403129230143 -9.978589232386035 -1.2
    endloop
  endfacet
  facet normal 0 0 -1
    outer loop
      vertex -74.46446609406726 -15 -1.2
      vertex 12.65403129230143 -9.978589232386035 -1.2
      vertex 34.694738077799485 -9.914448613738104 -1.2
    endloop
  endfacet
  facet normal 0 0 -1
    outer loop
      vertex -74.46446609406726 -15 -1.2
      vertex 34.694738077799485 -9.914448613738104 -1.2
      vertex 35.34596870769857 -9.978589232386035 -1.2
    endloop
  endfacet
  facet normal 0 0 -1
    outer loop
      vertex -12 -10 -1.2
      vertex -11.34596870769857 -9.978589232386035 -1.2
      vertex 12 -10 -1.2
    endloop
  endfacet
  facet normal 0 0 -1
    outer loop
      vertex -11.34596870769857 -9.978589232386035 -1.2
      vertex -10.694738077799485 -9.914448613738104 -1.2
      vertex 11.34596870769857 -9.978589232386035 -1.2
    endloop
  endfacet
  facet normal 0 0 -1
    outer loop
      vertex -10.694738077799485 -9.914448613738104 -1.2
      vertex -10.049096779838717 -9.807852804032304 -1.2
      vertex 10.694738077799485 -9.914448613738104 -1.2
    endloop
  endfacet
  facet normal 0 0 -1
    outer loop
      vertex -10.049096779838717 -9.807852804032304 -1.2
      vertex -9.411809548974793 -9.659258262890683 -1.2
      vertex 10.049096779838717 -9.807852804032304 -1.2
    endloop
  endfacet
  facet normal 0 0 -1
    outer loop
      vertex -9.411809548974793 -9.659258262890683 -1.2
      vertex -8.785605346968385 -9.469301294951057 -1.2
      vertex 9.411809548974793 -9.659258262890683 -1.2
    endloop
  endfacet
  facet normal 0 0 -1
    outer loop
      vertex -8.785605346968385 -9.469301294951057 -1.2
      vertex -8.173165676349102 -9.238795325112868 -1.2
      vertex 8.785605346968385 -9.469301294951057 -1.2
    endloop
  endfacet
  facet normal 0 0 -1
    outer loop
      vertex -8.173165676349102 -9.238795325112868 -1.2
      vertex -7.5771130978099865 -8.968727415326882 -1.2
      vertex 8.173165676349102 -9.238795325112868 -1.2
    endloop
  endfacet
  facet normal 0 0 -1
    outer loop
      vertex -7.5771130978099865 -8.968727415326882 -1.2
      vertex -7 -8.660254037844386 -1.2
      vertex 7.5771130978099865 -8.968727415326882 -1.2
    endloop
  endfacet
  facet normal 0 0 -1
    outer loop
      vertex -7 -8.660254037844386 -1.2
      vertex -6.444297669803978 -8.314696123025453 -1.2
      vertex 7 -8.660254037844386 -1.2
    endloop
  endfacet
  facet normal 0 0 -1
    outer loop
      vertex -6.444297669803978 -8.314696123025453 -1.2
      vertex -5.912385709912794 -7.933533402912351 -1.2
      vertex 6.444297669803978 -8.314696123025453 -1.2
    endloop
  endfacet
  facet normal 0 0 -1
    outer loop
      vertex -5.912385709912794 -7.933533402912351 -1.2
      vertex -5.406541848999312 -7.518398074789775 -1.2
      vertex 5.912385709912794 -7.933533402912351 -1.2
    endloop
  endfacet
  facet normal 0 0 -1
    outer loop
      vertex -29.40654184899931 -7.518398074789775 -1.2
      vertex -28.928932188134524 -7.0710678118654755 -1.2
      vertex -18.59345815100069 -7.518398074789775 -1.2
    endloop
  endfacet
  facet normal 0 0 -1
    outer loop
      vertex -28.928932188134524 -7.0710678118654755 -1.2
      vertex -28.481601925210224 -6.593458151000688 -1.2
      vertex -19.071067811865476 -7.0710678118654755 -1.2
    endloop
  endfacet
  facet normal 0 0 -1
    outer loop
      vertex -28.066466597087647 -6.087614290087206 -1.2
      vertex -19.518398074789776 -6.593458151000688 -1.2
      vertex -28.481601925210224 -6.593458151000688 -1.2
    endloop
  endfacet
  facet normal 0 0 -1
    outer loop
      vertex -27.685303876974547 -5.555702330196022 -1.2
      vertex -19.933533402912353 -6.087614290087206 -1.2
      vertex -28.066466597087647 -6.087614290087206 -1.2
    endloop
  endfacet
  facet normal 0 0 -1
    outer loop
      vertex -28.928932188134524 -7.0710678118654755 -1.2
      vertex -19.071067811865476 -7.0710678118654755 -1.2
      vertex -18.59345815100069 -7.518398074789775 -1.2
    endloop
  endfacet
  facet normal 0 0 -1
    outer loop
      vertex -28.481601925210224 -6.593458151000688 -1.2
      vertex -19.518398074789776 -6.593458151000688 -1.2
      vertex -19.071067811865476 -7.0710678118654755 -1.2
    endloop
  endfacet
  facet normal 0 0 -1
    outer loop
      vertex -28.066466597087647 -6.087614290087206 -1.2
      vertex -19.933533402912353 -6.087614290087206 -1.2
      vertex -19.518398074789776 -6.593458151000688 -1.2
    endloop
  endfacet
  facet normal 0 0 -1
    outer loop
      vertex -27.685303876974547 -5.555702330196022 -1.2
      vertex -20.314696123025453 -5.555702330196022 -1.2
      vertex -19.933533402912353 -6.087614290087206 -1.2
    endloop
  endfacet
  facet normal 0 0 -1
    outer loop
      vertex -27.339745962155614 -5 -1.2
      vertex -20.314696123025453 -5.555702330196022 -1.2
      vertex -27.685303876974547 -5.555702330196022 -1.2
    endloop
  endfacet
  facet normal 0 0 -1
    outer loop
      vertex -20.96872741532688 -4.4228869021900135 -1.2
      vertex -27.339745962155614 -5 -1.2
      vertex -27.03127258467312 -4.4228869021900135 -1.2
    endloop
  endfacet
  facet normal 0 0 -1
    outer loop
      vertex -20.96872741532688 -4.4228869021900135 -1.2
      vertex -27.03127258467312 -4.4228869021900135 -1.2
      vertex -26.761204674887132 -3.826834323650898 -1.2
    endloop
  endfacet
  facet normal 0 0 -1
    outer loop
      vertex -27.339745962155614 -5 -1.2
      vertex -20.660254037844386 -5 -1.2
      vertex -20.314696123025453 -5.555702330196022 -1.2
    endloop
  endfacet
  facet normal 0 0 -1
    outer loop
      vertex -27.339745962155614 -5 -1.2
      vertex -20.96872741532688 -4.4228869021900135 -1.2
      vertex -20.660254037844386 -5 -1.2
    endloop
  endfacet
  facet normal 0 0 -1
    outer loop
      vertex -20.96872741532688 -4.4228869021900135 -1.2
      vertex -26.761204674887132 -3.826834323650898 -1.2
      vertex -21.238795325112868 -3.826834323650898 -1.2
    endloop
  endfacet
  facet normal 0 0 -1
    outer loop
      vertex -26.53069870504894 -3.214394653031616 -1.2
      vertex -21.238795325112868 -3.826834323650898 -1.2
      vertex -26.761204674887132 -3.826834323650898 -1.2
    endloop
  endfacet
  facet normal 0 0 -1
    outer loop
      vertex -26.34074173710932 -2.5881904510252074 -1.2
      vertex -21.46930129495106 -3.214394653031616 -1.2
      vertex -26.53069870504894 -3.214394653031616 -1.2
    endloop
  endfacet
  facet normal 0 0 -1
    outer loop
      vertex -26.192147195967696 -1.9509032201612824 -1.2
      vertex -21.65925826289068 -2.5881904510252074 -1.2
      vertex -26.34074173710932 -2.5881904510252074 -1.2
    endloop
  endfacet
  facet normal 0 0 -1
    outer loop
      vertex -26.53069870504894 -3.214394653031616 -1.2
      vertex -21.46930129495106 -3.214394653031616 -1.2
      vertex -21.238795325112868 -3.826834323650898 -1.2
    endloop
  endfacet
  facet normal 0 0 -1
    outer loop
      vertex -26.34074173710932 -2.5881904510252074 -1.2
      vertex -21.65925826289068 -2.5881904510252074 -1.2
      vertex -21.46930129495106 -3.214394653031616 -1.2
    endloop
  endfacet
  facet normal 0 0 -1
    outer loop
      vertex -26.192147195967696 -1.9509032201612824 -1.2
      vertex -21.807852804032304 -1.9509032201612824 -1.2
      vertex -21.65925826289068 -2.5881904510252074 -1.2
    endloop
  endfacet
  facet normal 0 0 -1
    outer loop
      vertex -26.085551386261898 -1.3052619222005157 -1.2
      vertex -21.807852804032304 -1.9509032201612824 -1.2
      vertex -26.192147195967696 -1.9509032201612824 -1.2
    endloop
  endfacet
  facet normal 0 0 -1
    outer loop
      vertex -21.914448613738102 -1.3052619222005157 -1.2
      vertex -26.085551386261898 -1.3052619222005157 -1.2
      vertex -26.021410767613965 -0.6540312923014306 -1.2
    endloop
  endfacet
  facet normal 0 0 -1
    outer loop
      vertex -26.021410767613965 -0.6540312923014306 -1.2
      vertex -26 0 -1.2
      vertex -21.978589232386035 -0.6540312923014306 -1.2
    endloop
  endfacet
  facet normal 0 0 -1
    outer loop
      vertex -26.085551386261898 -1.3052619222005157 -1.2
      vertex -21.914448613738102 -1.3052619222005157 -1.2
      vertex -21.807852804032304 -1.9509032201612824 -1.2
    endloop
  endfacet
  facet normal 0 0 -1
    outer loop
      vertex -21.914448613738102 -1.3052619222005157 -1.2
      vertex -26.021410767613965 -0.6540312923014306 -1.2
      vertex -21.978589232386035 -0.6540312923014306 -1.2
    endloop
  endfacet
  facet normal 0 0 -1
    outer loop
      vertex -26 0 -1.2
      vertex -22 0 -1.2
      vertex -21.978589232386035 -0.6540312923014306 -1.2
    endloop
  endfacet
  facet normal 0 0 -1
    outer loop
      vertex -5.406541848999312 -7.518398074789775 -1.2
      vertex -4.9289321881345245 -7.0710678118654755 -1.2
      vertex 5.406541848999312 -7.518398074789775 -1.2
    endloop
  endfacet
  facet normal 0 0 -1
    outer loop
      vertex -4.9289321881345245 -7.0710678118654755 -1.2
      vertex -4.481601925210225 -6.593458151000688 -1.2
      vertex 4.9289321881345245 -7.0710678118654755 -1.2
    endloop
  endfacet
  facet normal 0 0 -1
    outer loop
      vertex -4.066466597087649 -6.087614290087206 -1.2
      vertex 4.481601925210225 -6.593458151000688 -1.2
      vertex -4.481601925210225 -6.593458151000688 -1.2
    endloop
  endfacet
  facet normal 0 0 -1
    outer loop
      vertex -3.6853038769745474 -5.555702330196022 -1.2
      vertex 4.066466597087649 -6.087614290087206 -1.2
      vertex -4.066466597087649 -6.087614290087206 -1.2
    endloop
  endfacet
  facet normal 0 0 -1
    outer loop
      vertex -3.3397459621556145 -5 -1.2
      vertex 3.6853038769745474 -5.555702330196022 -1.2
      vertex -3.6853038769745474 -5.555702330196022 -1.2
    endloop
  endfacet
  facet normal 0 0 -1
    outer loop
      vertex -3.0312725846731183 -4.4228869021900135 -1.2
      vertex 3.3397459621556145 -5 -1.2
      vertex -3.3397459621556145 -5 -1.2
    endloop
  endfacet
  facet normal 0 0 -1
    outer loop
      vertex -2.761204674887132 -3.826834323650898 -1.2
      vertex 3.0312725846731183 -4.4228869021900135 -1.2
      vertex -3.0312725846731183 -4.4228869021900135 -1.2
    endloop
  endfacet
  facet normal 0 0 -1
    outer loop
      vertex -2.530698705048943 -3.214394653031616 -1.2
      vertex 2.761204674887132 -3.826834323650898 -1.2
      vertex -2.761204674887132 -3.826834323650898 -1.2
    endloop
  endfacet
  facet normal 0 0 -1
    outer loop
      vertex -2.340741737109317 -2.5881904510252074 -1.2
      vertex 2.530698705048943 -3.214394653031616 -1.2
      vertex -2.530698705048943 -3.214394653031616 -1.2
    endloop
  endfacet
  facet normal 0 0 -1
    outer loop
      vertex -2.1921471959676957 -1.9509032201612824 -1.2
      vertex 2.340741737109317 -2.5881904510252074 -1.2
      vertex -2.340741737109317 -2.5881904510252074 -1.2
    endloop
  endfacet
  facet normal 0 0 -1
    outer loop
      vertex -2.085551386261896 -1.3052619222005157 -1.2
      vertex 2.1921471959676957 -1.9509032201612824 -1.2
      vertex -2.1921471959676957 -1.9509032201612824 -1.2
    endloop
  endfacet
  facet normal 0 0 -1
    outer loop
      vertex 2.085551386261896 -1.3052619222005157 -1.2
      vertex -2.085551386261896 -1.3052619222005157 -1.2
      vertex -2.0214107676139648 -0.6540312923014306 -1.2
    endloop
  endfacet
  facet normal 0 0 -1
    outer loop
      vertex -2 0 -1.2
      vertex 2.0214107676139648 -0.6540312923014306 -1.2
      vertex -2.0214107676139648 -0.6540312923014306 -1.2
    endloop
  endfacet
  facet normal 0 -1 0
    outer loop
      vertex -74.46446609406726 -15 -1.2
      vertex 58.5 -15 1.2
      vertex -74.46446609406726 -15 1.2
    endloop
  endfacet
  facet normal 0 0 1
    outer loop
      vertex -78 -11.464466094067262 1.2
      vertex -74.46446609406726 -15 1.2
      vertex 58.5 -13 1.2
    endloop
  endfacet
  facet normal 0 0 1
    outer loop
      vertex -78 15 1.2
      vertex -78 -11.464466094067262 1.2
      vertex 58.5 -13 1.2
    endloop
  endfacet
  facet normal 0 0 -1
    outer loop
      vertex -78 15 -1.2
      vertex -70 0 -1.2
      vertex -78 -11.464466094067262 -1.2
    endloop
  endfacet
  facet normal 0 0 -1
    outer loop
      vertex -78 15 -1.2
      vertex -69.97858923238604 0.6540312923014306 -1.2
      vertex -70 0 -1.2
    endloop
  endfacet
  facet normal 0 0 -1
    outer loop
      vertex -78 15 -1.2
      vertex -69.9144486137381 1.3052619222005157 -1.2
      vertex -69.97858923238604 0.6540312923014306 -1.2
    endloop
  endfacet
  facet normal 0 0 -1
    outer loop
      vertex -78 15 -1.2
      vertex -69.80785280403231 1.9509032201612824 -1.2
      vertex -69.9144486137381 1.3052619222005157 -1.2
    endloop
  endfacet
  facet normal 0 0 -1
    outer loop
      vertex -78 15 -1.2
      vertex -69.65925826289069 2.5881904510252074 -1.2
      vertex -69.80785280403231 1.9509032201612824 -1.2
    endloop
  endfacet
  facet normal 0 0 -1
    outer loop
      vertex -78 15 -1.2
      vertex -69.46930129495105 3.214394653031616 -1.2
      vertex -69.65925826289069 2.5881904510252074 -1.2
    endloop
  endfacet
  facet normal 0 0 -1
    outer loop
      vertex -78 15 -1.2
      vertex -69.23879532511287 3.826834323650898 -1.2
      vertex -69.46930129495105 3.214394653031616 -1.2
    endloop
  endfacet
  facet normal 0 0 -1
    outer loop
      vertex -50.34074173710932 2.5881904510252074 -1.2
      vertex -45.80785280403231 1.9509032201612824 -1.2
      vertex -50.19214719596769 1.9509032201612824 -1.2
    endloop
  endfacet
  facet normal 0 0 -1
    outer loop
      vertex -50.53069870504894 3.214394653031616 -1.2
      vertex -45.65925826289068 2.5881904510252074 -1.2
      vertex -50.34074173710932 2.5881904510252074 -1.2
    endloop
  endfacet
  facet normal 0 0 -1
    outer loop
      vertex -50.76120467488713 3.826834323650898 -1.2
      vertex -45.46930129495106 3.214394653031616 -1.2
      vertex -50.53069870504894 3.214394653031616 -1.2
    endloop
  endfacet
  facet normal 0 0 -1
    outer loop
      vertex -46 0 -1.2
      vertex -50 0 -1.2
      vertex -50.021410767613965 0.6540312923014306 -1.2
    endloop
  endfacet
  facet normal 0 0 -1
    outer loop
      vertex -46 0 -1.2
      vertex -50.021410767613965 0.6540312923014306 -1.2
      vertex -45.978589232386035 0.6540312923014306 -1.2
    endloop
  endfacet
  facet normal 0 0 -1
    outer loop
      vertex -50.0855513862619 1.3052619222005157 -1.2
      vertex -45.978589232386035 0.6540312923014306 -1.2
      vertex -50.021410767613965 0.6540312923014306 -1.2
    endloop
  endfacet
  facet normal 0 0 -1
    outer loop
      vertex -45.978589232386035 0.6540312923014306 -1.2
      vertex -50.0855513862619 1.3052619222005157 -1.2
      vertex -45.9144486137381 1.3052619222005157 -1.2
    endloop
  endfacet
  facet normal 0 0 -1
    outer loop
      vertex -45.9144486137381 1.3052619222005157 -1.2
      vertex -50.0855513862619 1.3052619222005157 -1.2
      vertex -50.19214719596769 1.9509032201612824 -1.2
    endloop
  endfacet
  facet normal 0 0 -1
    outer loop
      vertex -45.9144486137381 1.3052619222005157 -1.2
      vertex -50.19214719596769 1.9509032201612824 -1.2
      vertex -45.80785280403231 1.9509032201612824 -1.2
    endloop
  endfacet
  facet normal 0 0 -1
    outer loop
      vertex -50.34074173710932 2.5881904510252074 -1.2
      vertex -45.65925826289068 2.5881904510252074 -1.2
      vertex -45.80785280403231 1.9509032201612824 -1.2
    endloop
  endfacet
  facet normal 0 0 -1
    outer loop
      vertex -50.53069870504894 3.214394653031616 -1.2
      vertex -45.46930129495106 3.214394653031616 -1.2
      vertex -45.65925826289068 2.5881904510252074 -1.2
    endloop
  endfacet
  facet normal 0 0 -1
    outer loop
      vertex -50.76120467488713 3.826834323650898 -1.2
      vertex -45.23879532511287 3.826834323650898 -1.2
      vertex -45.46930129495106 3.214394653031616 -1.2
    endloop
  endfacet
  facet normal 0 0 -1
    outer loop
      vertex -51.03127258467312 4.4228869021900135 -1.2
      vertex -45.23879532511287 3.826834323650898 -1.2
      vertex -50.76120467488713 3.826834323650898 -1.2
    endloop
  endfacet
  facet normal 0 0 -1
    outer loop
      vertex -51.33974596215562 5 -1.2
      vertex -44.96872741532688 4.4228869021900135 -1.2
      vertex -51.03127258467312 4.4228869021900135 -1.2
    endloop
  endfacet
  facet normal 0 0 -1
    outer loop
      vertex -51.685303876974544 5.555702330196022 -1.2
      vertex -44.66025403784438 5 -1.2
      vertex -51.33974596215562 5 -1.2
    endloop
  endfacet
  facet normal 0 0 -1
    outer loop
      vertex -52.06646659708765 6.087614290087206 -1.2
      vertex -44.314696123025456 5.555702330196022 -1.2
      vertex -51.685303876974544 5.555702330196022 -1.2
    endloop
  endfacet
  facet normal 0 0 -1
    outer loop
      vertex -52.48160192521023 6.593458151000688 -1.2
      vertex -43.93353340291235 6.087614290087206 -1.2
      vertex -52.06646659708765 6.087614290087206 -1.2
    endloop
  endfacet
  facet normal 0 0 -1
    outer loop
      vertex -52.928932188134524 7.0710678118654755 -1.2
      vertex -43.51839807478977 6.593458151000688 -1.2
      vertex -52.48160192521023 6.593458151000688 -1.2
    endloop
  endfacet
  facet normal 0 0 -1
    outer loop
      vertex -43.071067811865476 7.0710678118654755 -1.2
      vertex -52.928932188134524 7.0710678118654755 -1.2
      vertex -53.40654184899931 7.518398074789775 -1.2
    endloop
  endfacet
  facet normal 0 0 -1
    outer loop
      vertex -51.03127258467312 4.4228869021900135 -1.2
      vertex -44.96872741532688 4.4228869021900135 -1.2
      vertex -45.23879532511287 3.826834323650898 -1.2
    endloop
  endfacet
  facet normal 0 0 -1
    outer loop
      vertex -51.33974596215562 5 -1.2
      vertex -44.66025403784438 5 -1.2
      vertex -44.96872741532688 4.4228869021900135 -1.2
    endloop
  endfacet
  facet normal 0 0 -1
    outer loop
      vertex -51.685303876974544 5.555702330196022 -1.2
      vertex -44.314696123025456 5.555702330196022 -1.2
      vertex -44.66025403784438 5 -1.2
    endloop
  endfacet
  facet normal 0 0 -1
    outer loop
      vertex -52.06646659708765 6.087614290087206 -1.2
      vertex -43.93353340291235 6.087614290087206 -1.2
      vertex -44.314696123025456 5.555702330196022 -1.2
    endloop
  endfacet
  facet normal 0 0 -1
    outer loop
      vertex -52.48160192521023 6.593458151000688 -1.2
      vertex -43.51839807478977 6.593458151000688 -1.2
      vertex -43.93353340291235 6.087614290087206 -1.2
    endloop
  endfacet
  facet normal 0 0 -1
    outer loop
      vertex -52.928932188134524 7.0710678118654755 -1.2
      vertex -43.071067811865476 7.0710678118654755 -1.2
      vertex -43.51839807478977 6.593458151000688 -1.2
    endloop
  endfacet
  facet normal 0 0 -1
    outer loop
      vertex -53.40654184899931 7.518398074789775 -1.2
      vertex -42.59345815100069 7.518398074789775 -1.2
      vertex -43.071067811865476 7.0710678118654755 -1.2
    endloop
  endfacet
  facet normal 0 0 -1
    outer loop
      vertex -78 15 -1.2
      vertex -68.96872741532688 4.4228869021900135 -1.2
      vertex -69.23879532511287 3.826834323650898 -1.2
    endloop
  endfacet
  facet normal 0 0 -1
    outer loop
      vertex -78 15 -1.2
      vertex -68.66025403784438 5 -1.2
      vertex -68.96872741532688 4.4228869021900135 -1.2
    endloop
  endfacet
  facet normal 0 0 -1
    outer loop
      vertex -78 15 -1.2
      vertex -68.31469612302546 5.555702330196022 -1.2
      vertex -68.66025403784438 5 -1.2
    endloop
  endfacet
  facet normal 0 0 -1
    outer loop
      vertex -78 15 -1.2
      vertex -67.93353340291235 6.087614290087206 -1.2
      vertex -68.31469612302546 5.555702330196022 -1.2
    endloop
  endfacet
  facet normal 0 0 -1
    outer loop
      vertex -78 15 -1.2
      vertex -67.51839807478977 6.593458151000688 -1.2
      vertex -67.93353340291235 6.087614290087206 -1.2
    endloop
  endfacet
  facet normal 0 0 -1
    outer loop
      vertex -78 15 -1.2
      vertex -67.07106781186548 7.0710678118654755 -1.2
      vertex -67.51839807478977 6.593458151000688 -1.2
    endloop
  endfacet
  facet normal 0 0 -1
    outer loop
      vertex -78 15 -1.2
      vertex -66.59345815100069 7.518398074789775 -1.2
      vertex -67.07106781186548 7.0710678118654755 -1.2
    endloop
  endfacet
  facet normal 0 0 -1
    outer loop
      vertex -78 15 -1.2
      vertex -66.0876142900872 7.933533402912351 -1.2
      vertex -66.59345815100069 7.518398074789775 -1.2
    endloop
  endfacet
  facet normal 0 0 -1
    outer loop
      vertex -78 15 -1.2
      vertex -65.55570233019603 8.314696123025453 -1.2
      vertex -66.0876142900872 7.933533402912351 -1.2
    endloop
  endfacet
  facet normal 0 0 -1
    outer loop
      vertex -78 15 -1.2
      vertex -65 8.660254037844386 -1.2
      vertex -65.55570233019603 8.314696123025453 -1.2
    endloop
  endfacet
  facet normal 0 0 -1
    outer loop
      vertex -78 15 -1.2
      vertex -64.42288690219002 8.968727415326882 -1.2
      vertex -65 8.660254037844386 -1.2
    endloop
  endfacet
  facet normal 0 0 -1
    outer loop
      vertex -78 15 -1.2
      vertex -63.8268343236509 9.238795325112868 -1.2
      vertex -64.42288690219002 8.968727415326882 -1.2
    endloop
  endfacet
  facet normal 0 0 -1
    outer loop
      vertex -78 15 -1.2
      vertex -63.21439465303162 9.469301294951057 -1.2
      vertex -63.8268343236509 9.238795325112868 -1.2
    endloop
  endfacet
  facet normal 0 0 -1
    outer loop
      vertex -78 15 -1.2
      vertex -62.588190451025206 9.659258262890683 -1.2
      vertex -63.21439465303162 9.469301294951057 -1.2
    endloop
  endfacet
  facet normal 0 0 -1
    outer loop
      vertex -78 15 -1.2
      vertex -61.95090322016128 9.807852804032304 -1.2
      vertex -62.588190451025206 9.659258262890683 -1.2
    endloop
  endfacet
  facet normal 0 0 -1
    outer loop
      vertex -78 15 -1.2
      vertex -61.305261922200515 9.914448613738104 -1.2
      vertex -61.95090322016128 9.807852804032304 -1.2
    endloop
  endfacet
  facet normal 0 0 -1
    outer loop
      vertex -78 15 -1.2
      vertex -60.65403129230143 9.978589232386035 -1.2
      vertex -61.305261922200515 9.914448613738104 -1.2
    endloop
  endfacet
  facet normal 0 0 -1
    outer loop
      vertex -78 15 -1.2
      vertex -60 10 -1.2
      vertex -60.65403129230143 9.978589232386035 -1.2
    endloop
  endfacet
  facet normal 0 0 -1
    outer loop
      vertex -78 15 -1.2
      vertex -59.34596870769857 9.978589232386035 -1.2
      vertex -60 10 -1.2
    endloop
  endfacet
  facet normal 0 0 -1
    outer loop
      vertex -53.40654184899931 7.518398074789775 -1.2
      vertex -53.9123857099128 7.933533402912351 -1.2
      vertex -42.59345815100069 7.518398074789775 -1.2
    endloop
  endfacet
  facet normal 0 0 -1
    outer loop
      vertex -53.9123857099128 7.933533402912351 -1.2
      vertex -54.44429766980398 8.314696123025453 -1.2
      vertex -42.0876142900872 7.933533402912351 -1.2
    endloop
  endfacet
  facet normal 0 0 -1
    outer loop
      vertex -54.44429766980398 8.314696123025453 -1.2
      vertex -55 8.660254037844386 -1.2
      vertex -41.55570233019602 8.314696123025453 -1.2
    endloop
  endfacet
  facet normal 0 0 -1
    outer loop
      vertex -55 8.660254037844386 -1.2
      vertex -55.577113097809985 8.968727415326882 -1.2
      vertex -41 8.660254037844386 -1.2
    endloop
  endfacet
  facet normal 0 0 -1
    outer loop
      vertex -55.577113097809985 8.968727415326882 -1.2
      vertex -56.1731656763491 9.238795325112868 -1.2
      vertex -40.422886902190015 8.968727415326882 -1.2
    endloop
  endfacet
  facet normal 0 0 -1
    outer loop
      vertex -53.9123857099128 7.933533402912351 -1.2
      vertex -42.0876142900872 7.933533402912351 -1.2
      vertex -42.59345815100069 7.518398074789775 -1.2
    endloop
  endfacet
  facet normal 0 0 -1
    outer loop
      vertex -54.44429766980398 8.314696123025453 -1.2
      vertex -41.55570233019602 8.314696123025453 -1.2
      vertex -42.0876142900872 7.933533402912351 -1.2
    endloop
  endfacet
  facet normal 0 0 -1
    outer loop
      vertex -55 8.660254037844386 -1.2
      vertex -41 8.660254037844386 -1.2
      vertex -41.55570233019602 8.314696123025453 -1.2
    endloop
  endfacet
  facet normal 0 0 -1
    outer loop
      vertex -55.577113097809985 8.968727415326882 -1.2
      vertex -40.422886902190015 8.968727415326882 -1.2
      vertex -41 8.660254037844386 -1.2
    endloop
  endfacet
  facet normal 0 0 -1
    outer loop
      vertex -56.1731656763491 9.238795325112868 -1.2
      vertex -39.8268343236509 9.238795325112868 -1.2
      vertex -40.422886902190015 8.968727415326882 -1.2
    endloop
  endfacet
  facet normal 0 0 -1
    outer loop
      vertex -56.1731656763491 9.238795325112868 -1.2
      vertex -39.21439465303162 9.469301294951057 -1.2
      vertex -39.8268343236509 9.238795325112868 -1.2
    endloop
  endfacet
  facet normal 0 0 -1
    outer loop
      vertex -56.1731656763491 9.238795325112868 -1.2
      vertex -38.588190451025206 9.659258262890683 -1.2
      vertex -39.21439465303162 9.469301294951057 -1.2
    endloop
  endfacet
  facet normal 0 0 -1
    outer loop
      vertex -56.1731656763491 9.238795325112868 -1.2
      vertex -37.95090322016128 9.807852804032304 -1.2
      vertex -38.588190451025206 9.659258262890683 -1.2
    endloop
  endfacet
  facet normal 0 0 -1
    outer loop
      vertex -56.1731656763491 9.238795325112868 -1.2
      vertex -37.305261922200515 9.914448613738104 -1.2
      vertex -37.95090322016128 9.807852804032304 -1.2
    endloop
  endfacet
  facet normal 0 0 -1
    outer loop
      vertex -56.1731656763491 9.238795325112868 -1.2
      vertex -36.65403129230143 9.978589232386035 -1.2
      vertex -37.305261922200515 9.914448613738104 -1.2
    endloop
  endfacet
  facet normal 0 0 -1
    outer loop
      vertex -26.021410767613965 0.6540312923014306 -1.2
      vertex -22 0 -1.2
      vertex -26 0 -1.2
    endloop
  endfacet
  facet normal 0 0 -1
    outer loop
      vertex -26.085551386261898 1.3052619222005157 -1.2
      vertex -21.978589232386035 0.6540312923014306 -1.2
      vertex -26.021410767613965 0.6540312923014306 -1.2
    endloop
  endfacet
  facet normal 0 0 -1
    outer loop
      vertex -26.192147195967696 1.9509032201612824 -1.2
      vertex -21.914448613738102 1.3052619222005157 -1.2
      vertex -26.085551386261898 1.3052619222005157 -1.2
    endloop
  endfacet
  facet normal 0 0 -1
    outer loop
      vertex -26.021410767613965 0.6540312923014306 -1.2
      vertex -21.978589232386035 0.6540312923014306 -1.2
      vertex -22 0 -1.2
    endloop
  endfacet
  facet normal 0 0 -1
    outer loop
      vertex -26.085551386261898 1.3052619222005157 -1.2
      vertex -21.914448613738102 1.3052619222005157 -1.2
      vertex -21.978589232386035 0.6540312923014306 -1.2
    endloop
  endfacet
  facet normal 0 0 -1
    outer loop
      vertex -26.192147195967696 1.9509032201612824 -1.2
      vertex -21.807852804032304 1.9509032201612824 -1.2
      vertex -21.914448613738102 1.3052619222005157 -1.2
    endloop
  endfacet
  facet normal 0 0 -1
    outer loop
      vertex -26.34074173710932 2.5881904510252074 -1.2
      vertex -21.807852804032304 1.9509032201612824 -1.2
      vertex -26.192147195967696 1.9509032201612824 -1.2
    endloop
  endfacet
  facet normal 0 0 -1
    outer loop
      vertex -26.53069870504894 3.214394653031616 -1.2
      vertex -21.65925826289068 2.5881904510252074 -1.2
      vertex -26.34074173710932 2.5881904510252074 -1.2
    endloop
  endfacet
  facet normal 0 0 -1
    outer loop
      vertex -26.761204674887132 3.826834323650898 -1.2
      vertex -21.46930129495106 3.214394653031616 -1.2
      vertex -26.53069870504894 3.214394653031616 -1.2
    endloop
  endfacet
  facet normal 0 0 -1
    outer loop
      vertex -26.34074173710932 2.5881904510252074 -1.2
      vertex -21.65925826289068 2.5881904510252074 -1.2
      vertex -21.807852804032304 1.9509032201612824 -1.2
    endloop
  endfacet
  facet normal 0 0 -1
    outer loop
      vertex -26.53069870504894 3.214394653031616 -1.2
      vertex -21.46930129495106 3.214394653031616 -1.2
      vertex -21.65925826289068 2.5881904510252074 -1.2
    endloop
  endfacet
  facet normal 0 0 -1
    outer loop
      vertex -26.761204674887132 3.826834323650898 -1.2
      vertex -21.238795325112868 3.826834323650898 -1.2
      vertex -21.46930129495106 3.214394653031616 -1.2
    endloop
  endfacet
  facet normal 0 0 -1
    outer loop
      vertex -26.761204674887132 3.826834323650898 -1.2
      vertex -27.03127258467312 4.4228869021900135 -1.2
      vertex -21.238795325112868 3.826834323650898 -1.2
    endloop
  endfacet
  facet normal 0 0 -1
    outer loop
      vertex -27.339745962155614 5 -1.2
      vertex -20.96872741532688 4.4228869021900135 -1.2
      vertex -27.03127258467312 4.4228869021900135 -1.2
    endloop
  endfacet
  facet normal 0 0 -1
    outer loop
      vertex -27.685303876974547 5.555702330196022 -1.2
      vertex -20.660254037844386 5 -1.2
      vertex -27.339745962155614 5 -1.2
    endloop
  endfacet
  facet normal 0 0 -1
    outer loop
      vertex -27.03127258467312 4.4228869021900135 -1.2
      vertex -20.96872741532688 4.4228869021900135 -1.2
      vertex -21.238795325112868 3.826834323650898 -1.2
    endloop
  endfacet
  facet normal 0 0 -1
    outer loop
      vertex -27.339745962155614 5 -1.2
      vertex -20.660254037844386 5 -1.2
      vertex -20.96872741532688 4.4228869021900135 -1.2
    endloop
  endfacet
  facet normal 0 0 -1
    outer loop
      vertex -27.685303876974547 5.555702330196022 -1.2
      vertex -20.314696123025453 5.555702330196022 -1.2
      vertex -20.660254037844386 5 -1.2
    endloop
  endfacet
  facet normal 0 0 -1
    outer loop
      vertex -28.066466597087647 6.087614290087206 -1.2
      vertex -20.314696123025453 5.555702330196022 -1.2
      vertex -27.685303876974547 5.555702330196022 -1.2
    endloop
  endfacet
  facet normal 0 0 -1
    outer loop
      vertex -28.481601925210224 6.593458151000688 -1.2
      vertex -19.933533402912353 6.087614290087206 -1.2
      vertex -28.066466597087647 6.087614290087206 -1.2
    endloop
  endfacet
  facet normal 0 0 -1
    outer loop
      vertex -28.928932188134524 7.0710678118654755 -1.2
      vertex -19.518398074789776 6.593458151000688 -1.2
      vertex -28.481601925210224 6.593458151000688 -1.2
    endloop
  endfacet
  facet normal 0 0 -1
    outer loop
      vertex -28.928932188134524 7.0710678118654755 -1.2
      vertex -29.40654184899931 7.518398074789775 -1.2
      vertex -19.071067811865476 7.0710678118654755 -1.2
    endloop
  endfacet
  facet normal 0 0 -1
    outer loop
      vertex -28.066466597087647 6.087614290087206 -1.2
      vertex -19.933533402912353 6.087614290087206 -1.2
      vertex -20.314696123025453 5.555702330196022 -1.2
    endloop
  endfacet
  facet normal 0 0 -1
    outer loop
      vertex -28.481601925210224 6.593458151000688 -1.2
      vertex -19.518398074789776 6.593458151000688 -1.2
      vertex -19.933533402912353 6.087614290087206 -1.2
    endloop
  endfacet
  facet normal 0 0 -1
    outer loop
      vertex -28.928932188134524 7.0710678118654755 -1.2
      vertex -19.071067811865476 7.0710678118654755 -1.2
      vertex -19.518398074789776 6.593458151000688 -1.2
    endloop
  endfacet
  facet normal 0 0 -1
    outer loop
      vertex -29.40654184899931 7.518398074789775 -1.2
      vertex -18.59345815100069 7.518398074789775 -1.2
      vertex -19.071067811865476 7.0710678118654755 -1.2
    endloop
  endfacet
  facet normal 0 0 -1
    outer loop
      vertex 2 0 -1.2
      vertex -2 0 -1.2
      vertex -2.0214107676139648 0.6540312923014306 -1.2
    endloop
  endfacet
  facet normal 0 0 -1
    outer loop
      vertex -2.085551386261896 1.3052619222005157 -1.2
      vertex 2.0214107676139648 0.6540312923014306 -1.2
      vertex -2.0214107676139648 0.6540312923014306 -1.2
    endloop
  endfacet
  facet normal 0 0 -1
    outer loop
      vertex -2.1921471959676957 1.9509032201612824 -1.2
      vertex 2.085551386261896 1.3052619222005157 -1.2
      vertex -2.085551386261896 1.3052619222005157 -1.2
    endloop
  endfacet
  facet normal 0 0 -1
    outer loop
      vertex -2.340741737109317 2.5881904510252074 -1.2
      vertex 2.1921471959676957 1.9509032201612824 -1.2
      vertex -2.1921471959676957 1.9509032201612824 -1.2
    endloop
  endfacet
  facet normal 0 0 -1
    outer loop
      vertex -2.530698705048943 3.214394653031616 -1.2
      vertex 2.340741737109317 2.5881904510252074 -1.2
      vertex -2.340741737109317 2.5881904510252074 -1.2
    endloop
  endfacet
  facet normal 0 0 -1
    outer loop
      vertex -2.761204674887132 3.826834323650898 -1.2
      vertex 2.530698705048943 3.214394653031616 -1.2
      vertex -2.530698705048943 3.214394653031616 -1.2
    endloop
  endfacet
  facet normal 0 0 -1
    outer loop
      vertex -2.761204674887132 3.826834323650898 -1.2
      vertex -3.0312725846731183 4.4228869021900135 -1.2
      vertex 2.761204674887132 3.826834323650898 -1.2
    endloop
  endfacet
  facet normal 0 0 -1
    outer loop
      vertex -3.3397459621556145 5 -1.2
      vertex 3.0312725846731183 4.4228869021900135 -1.2
      vertex -3.0312725846731183 4.4228869021900135 -1.2
    endloop
  endfacet
  facet normal 0 0 -1
    outer loop
      vertex -3.6853038769745474 5.555702330196022 -1.2
      vertex 3.3397459621556145 5 -1.2
      vertex -3.3397459621556145 5 -1.2
    endloop
  endfacet
  facet normal 0 0 -1
    outer loop
      vertex -4.066466597087649 6.087614290087206 -1.2
      vertex 3.6853038769745474 5.555702330196022 -1.2
      vertex -3.6853038769745474 5.555702330196022 -1.2
    endloop
  endfacet
  facet normal 0 0 -1
    outer loop
      vertex -4.481601925210225 6.593458151000688 -1.2
      vertex 4.066466597087649 6.087614290087206 -1.2
      vertex -4.066466597087649 6.087614290087206 -1.2
    endloop
  endfacet
  facet normal 0 0 -1
    outer loop
      vertex -4.9289321881345245 7.0710678118654755 -1.2
      vertex 4.481601925210225 6.593458151000688 -1.2
      vertex -4.481601925210225 6.593458151000688 -1.2
    endloop
  endfacet
  facet normal 0 0 -1
    outer loop
      vertex 4.9289321881345245 7.0710678118654755 -1.2
      vertex -4.9289321881345245 7.0710678118654755 -1.2
      vertex -5.406541848999312 7.518398074789775 -1.2
    endloop
  endfacet
  facet normal 0 0 -1
    outer loop
      vertex -29.40654184899931 7.518398074789775 -1.2
      vertex -29.912385709912794 7.933533402912351 -1.2
      vertex -18.59345815100069 7.518398074789775 -1.2
    endloop
  endfacet
  facet normal 0 0 -1
    outer loop
      vertex -29.912385709912794 7.933533402912351 -1.2
      vertex -30.44429766980398 8.314696123025453 -1.2
      vertex -18.087614290087206 7.933533402912351 -1.2
    endloop
  endfacet
  facet normal 0 0 -1
    outer loop
      vertex -30.44429766980398 8.314696123025453 -1.2
      vertex -31 8.660254037844386 -1.2
      vertex -17.55570233019602 8.314696123025453 -1.2
    endloop
  endfacet
  facet normal 0 0 -1
    outer loop
      vertex -32.1731656763491 9.238795325112868 -1.2
      vertex -32.78560534696838 9.469301294951057 -1.2
      vertex -15.826834323650898 9.238795325112868 -1.2
    endloop
  endfacet
  facet normal 0 0 -1
    outer loop
      vertex -31 8.660254037844386 -1.2
      vertex -31.577113097809985 8.968727415326882 -1.2
      vertex -17 8.660254037844386 -1.2
    endloop
  endfacet
  facet normal 0 0 -1
    outer loop
      vertex -31.577113097809985 8.968727415326882 -1.2
      vertex -32.1731656763491 9.238795325112868 -1.2
      vertex -16.422886902190015 8.968727415326882 -1.2
    endloop
  endfacet
  facet normal 0 0 -1
    outer loop
      vertex -29.912385709912794 7.933533402912351 -1.2
      vertex -18.087614290087206 7.933533402912351 -1.2
      vertex -18.59345815100069 7.518398074789775 -1.2
    endloop
  endfacet
  facet normal 0 0 -1
    outer loop
      vertex -30.44429766980398 8.314696123025453 -1.2
      vertex -17.55570233019602 8.314696123025453 -1.2
      vertex -18.087614290087206 7.933533402912351 -1.2
    endloop
  endfacet
  facet normal 0 0 -1
    outer loop
      vertex -31 8.660254037844386 -1.2
      vertex -17 8.660254037844386 -1.2
      vertex -17.55570233019602 8.314696123025453 -1.2
    endloop
  endfacet
  facet normal 0 0 -1
    outer loop
      vertex -31.577113097809985 8.968727415326882 -1.2
      vertex -16.422886902190015 8.968727415326882 -1.2
      vertex -17 8.660254037844386 -1.2
    endloop
  endfacet
  facet normal 0 0 -1
    outer loop
      vertex -32.1731656763491 9.238795325112868 -1.2
      vertex -15.826834323650898 9.238795325112868 -1.2
      vertex -16.422886902190015 8.968727415326882 -1.2
    endloop
  endfacet
  facet normal 0 0 -1
    outer loop
      vertex -32.78560534696838 9.469301294951057 -1.2
      vertex -33.411809548974794 9.659258262890683 -1.2
      vertex -15.214394653031615 9.469301294951057 -1.2
    endloop
  endfacet
  facet normal 0 0 -1
    outer loop
      vertex -34.04909677983872 9.807852804032304 -1.2
      vertex -34.694738077799485 9.914448613738104 -1.2
      vertex -13.950903220161283 9.807852804032304 -1.2
    endloop
  endfacet
  facet normal 0 0 -1
    outer loop
      vertex -33.411809548974794 9.659258262890683 -1.2
      vertex -34.04909677983872 9.807852804032304 -1.2
      vertex -14.588190451025207 9.659258262890683 -1.2
    endloop
  endfacet
  facet normal 0 0 -1
    outer loop
      vertex -34.694738077799485 9.914448613738104 -1.2
      vertex -35.34596870769857 9.978589232386035 -1.2
      vertex -13.305261922200515 9.914448613738104 -1.2
    endloop
  endfacet
  facet normal 0 0 -1
    outer loop
      vertex -35.34596870769857 9.978589232386035 -1.2
      vertex -36 10 -1.2
      vertex -12.65403129230143 9.978589232386035 -1.2
    endloop
  endfacet
  facet normal 0 0 -1
    outer loop
      vertex -32.78560534696838 9.469301294951057 -1.2
      vertex -15.214394653031615 9.469301294951057 -1.2
      vertex -15.826834323650898 9.238795325112868 -1.2
    endloop
  endfacet
  facet normal 0 0 -1
    outer loop
      vertex -33.411809548974794 9.659258262890683 -1.2
      vertex -14.588190451025207 9.659258262890683 -1.2
      vertex -15.214394653031615 9.469301294951057 -1.2
    endloop
  endfacet
  facet normal 0 0 -1
    outer loop
      vertex -34.04909677983872 9.807852804032304 -1.2
      vertex -13.950903220161283 9.807852804032304 -1.2
      vertex -14.588190451025207 9.659258262890683 -1.2
    endloop
  endfacet
  facet normal 0 0 -1
    outer loop
      vertex -34.694738077799485 9.914448613738104 -1.2
      vertex -13.305261922200515 9.914448613738104 -1.2
      vertex -13.950903220161283 9.807852804032304 -1.2
    endloop
  endfacet
  facet normal 0 0 -1
    outer loop
      vertex -35.34596870769857 9.978589232386035 -1.2
      vertex -12.65403129230143 9.978589232386035 -1.2
      vertex -13.305261922200515 9.914448613738104 -1.2
    endloop
  endfacet
  facet normal 0 0 -1
    outer loop
      vertex -36 10 -1.2
      vertex -12 10 -1.2
      vertex -12.65403129230143 9.978589232386035 -1.2
    endloop
  endfacet
  facet normal 0 0 -1
    outer loop
      vertex 58.5 15 -1.2
      vertex -58.694738077799485 9.914448613738104 -1.2
      vertex -59.34596870769857 9.978589232386035 -1.2
    endloop
  endfacet
  facet normal 0 0 -1
    outer loop
      vertex -78 15 -1.2
      vertex 58.5 15 -1.2
      vertex -59.34596870769857 9.978589232386035 -1.2
    endloop
  endfacet
  facet normal 0 0 -1
    outer loop
      vertex 58.5 15 -1.2
      vertex -56.1731656763491 9.238795325112868 -1.2
      vertex -56.78560534696838 9.469301294951057 -1.2
    endloop
  endfacet
  facet normal 0 0 -1
    outer loop
      vertex -5.406541848999312 7.518398074789775 -1.2
      vertex -5.912385709912794 7.933533402912351 -1.2
      vertex 5.406541848999312 7.518398074789775 -1.2
    endloop
  endfacet
  facet normal 0 0 -1
    outer loop
      vertex -5.912385709912794 7.933533402912351 -1.2
      vertex -6.444297669803978 8.314696123025453 -1.2
      vertex 5.912385709912794 7.933533402912351 -1.2
    endloop
  endfacet
  facet normal 0 0 -1
    outer loop
      vertex -6.444297669803978 8.314696123025453 -1.2
      vertex -7 8.660254037844386 -1.2
      vertex 6.444297669803978 8.314696123025453 -1.2
    endloop
  endfacet
  facet normal 0 0 -1
    outer loop
      vertex -7 8.660254037844386 -1.2
      vertex -7.5771130978099865 8.968727415326882 -1.2
      vertex 7 8.660254037844386 -1.2
    endloop
  endfacet
  facet normal 0 0 -1
    outer loop
      vertex -7.5771130978099865 8.968727415326882 -1.2
      vertex -8.173165676349102 9.238795325112868 -1.2
      vertex 7.5771130978099865 8.968727415326882 -1.2
    endloop
  endfacet
  facet normal 0 0 -1
    outer loop
      vertex -8.173165676349102 9.238795325112868 -1.2
      vertex -8.785605346968385 9.469301294951057 -1.2
      vertex 8.173165676349102 9.238795325112868 -1.2
    endloop
  endfacet
  facet normal 0 0 -1
    outer loop
      vertex -8.785605346968385 9.469301294951057 -1.2
      vertex -9.411809548974793 9.659258262890683 -1.2
      vertex 8.785605346968385 9.469301294951057 -1.2
    endloop
  endfacet
  facet normal 0 0 -1
    outer loop
      vertex -10.049096779838717 9.807852804032304 -1.2
      vertex 9.411809548974793 9.659258262890683 -1.2
      vertex -9.411809548974793 9.659258262890683 -1.2
    endloop
  endfacet
  facet normal 0 0 -1
    outer loop
      vertex -10.694738077799485 9.914448613738104 -1.2
      vertex 10.049096779838717 9.807852804032304 -1.2
      vertex -10.049096779838717 9.807852804032304 -1.2
    endloop
  endfacet
  facet normal 0 0 -1
    outer loop
      vertex -10.694738077799485 9.914448613738104 -1.2
      vertex -11.34596870769857 9.978589232386035 -1.2
      vertex 10.694738077799485 9.914448613738104 -1.2
    endloop
  endfacet
  facet normal 0 0 -1
    outer loop
      vertex 58.5 15 -1.2
      vertex -56.78560534696838 9.469301294951057 -1.2
      vertex -57.411809548974794 9.659258262890683 -1.2
    endloop
  endfacet
  facet normal 0 0 -1
    outer loop
      vertex 58.5 15 -1.2
      vertex -58.04909677983872 9.807852804032304 -1.2
      vertex -58.694738077799485 9.914448613738104 -1.2
    endloop
  endfacet
  facet normal 0 0 -1
    outer loop
      vertex 58.5 15 -1.2
      vertex -57.411809548974794 9.659258262890683 -1.2
      vertex -58.04909677983872 9.807852804032304 -1.2
    endloop
  endfacet
  facet normal 0 0 -1
    outer loop
      vertex 58.5 15 -1.2
      vertex -36.65403129230143 9.978589232386035 -1.2
      vertex -56.1731656763491 9.238795325112868 -1.2
    endloop
  endfacet
  facet normal 0 0 -1
    outer loop
      vertex 58.5 15 -1.2
      vertex -36 10 -1.2
      vertex -36.65403129230143 9.978589232386035 -1.2
    endloop
  endfacet
  facet normal 0 1 0
    outer loop
      vertex -78 15 -1.2
      vertex -78 15 1.2
      vertex 58.5 15 -1.2
    endloop
  endfacet
  facet normal -1 0 0
    outer loop
      vertex -78 15 -1.2
      vertex -78 -11.464466094067262 1.2
      vertex -78 15 1.2
    endloop
  endfacet
  facet normal 0 0 -1
    outer loop
      vertex -74.46446609406726 -15 -1.2
      vertex 35.34596870769857 -9.978589232386035 -1.2
      vertex 58.5 -15 -1.2
    endloop
  endfacet
  facet normal 0 0 -1
    outer loop
      vertex -11.34596870769857 -9.978589232386035 -1.2
      vertex 11.34596870769857 -9.978589232386035 -1.2
      vertex 12 -10 -1.2
    endloop
  endfacet
  facet normal 0 0 -1
    outer loop
      vertex -10.694738077799485 -9.914448613738104 -1.2
      vertex 10.694738077799485 -9.914448613738104 -1.2
      vertex 11.34596870769857 -9.978589232386035 -1.2
    endloop
  endfacet
  facet normal 0 0 -1
    outer loop
      vertex -10.049096779838717 -9.807852804032304 -1.2
      vertex 10.049096779838717 -9.807852804032304 -1.2
      vertex 10.694738077799485 -9.914448613738104 -1.2
    endloop
  endfacet
  facet normal 0 0 -1
    outer loop
      vertex -9.411809548974793 -9.659258262890683 -1.2
      vertex 9.411809548974793 -9.659258262890683 -1.2
      vertex 10.049096779838717 -9.807852804032304 -1.2
    endloop
  endfacet
  facet normal 0 0 -1
    outer loop
      vertex -8.785605346968385 -9.469301294951057 -1.2
      vertex 8.785605346968385 -9.469301294951057 -1.2
      vertex 9.411809548974793 -9.659258262890683 -1.2
    endloop
  endfacet
  facet normal 0 0 -1
    outer loop
      vertex -8.173165676349102 -9.238795325112868 -1.2
      vertex 8.173165676349102 -9.238795325112868 -1.2
      vertex 8.785605346968385 -9.469301294951057 -1.2
    endloop
  endfacet
  facet normal 0 0 -1
    outer loop
      vertex -7.5771130978099865 -8.968727415326882 -1.2
      vertex 7.5771130978099865 -8.968727415326882 -1.2
      vertex 8.173165676349102 -9.238795325112868 -1.2
    endloop
  endfacet
  facet normal 0 0 -1
    outer loop
      vertex -7 -8.660254037844386 -1.2
      vertex 7 -8.660254037844386 -1.2
      vertex 7.5771130978099865 -8.968727415326882 -1.2
    endloop
  endfacet
  facet normal 0 0 -1
    outer loop
      vertex -6.444297669803978 -8.314696123025453 -1.2
      vertex 6.444297669803978 -8.314696123025453 -1.2
      vertex 7 -8.660254037844386 -1.2
    endloop
  endfacet
  facet normal 0 0 -1
    outer loop
      vertex 5.912385709912794 -7.933533402912351 -1.2
      vertex 6.444297669803978 -8.314696123025453 -1.2
      vertex -5.912385709912794 -7.933533402912351 -1.2
    endloop
  endfacet
  facet normal 0 0 -1
    outer loop
      vertex -5.406541848999312 -7.518398074789775 -1.2
      vertex 5.406541848999312 -7.518398074789775 -1.2
      vertex 5.912385709912794 -7.933533402912351 -1.2
    endloop
  endfacet
  facet normal 0 0 -1
    outer loop
      vertex 12.65403129230143 -9.978589232386035 -1.2
      vertex 13.305261922200515 -9.914448613738104 -1.2
      vertex 34.694738077799485 -9.914448613738104 -1.2
    endloop
  endfacet
  facet normal 0 0 -1
    outer loop
      vertex 13.305261922200515 -9.914448613738104 -1.2
      vertex 13.950903220161283 -9.807852804032304 -1.2
      vertex 34.694738077799485 -9.914448613738104 -1.2
    endloop
  endfacet
  facet normal 0 0 -1
    outer loop
      vertex 13.950903220161283 -9.807852804032304 -1.2
      vertex 14.588190451025207 -9.659258262890683 -1.2
      vertex 34.04909677983872 -9.807852804032304 -1.2
    endloop
  endfacet
  facet normal 0 0 -1
    outer loop
      vertex 14.588190451025207 -9.659258262890683 -1.2
      vertex 15.214394653031615 -9.469301294951057 -1.2
      vertex 33.411809548974794 -9.659258262890683 -1.2
    endloop
  endfacet
  facet normal 0 0 -1
    outer loop
      vertex 15.214394653031615 -9.469301294951057 -1.2
      vertex 15.826834323650898 -9.238795325112868 -1.2
      vertex 32.78560534696838 -9.469301294951057 -1.2
    endloop
  endfacet
  facet normal 0 0 -1
    outer loop
      vertex 14.588190451025207 -9.659258262890683 -1.2
      vertex 33.411809548974794 -9.659258262890683 -1.2
      vertex 34.04909677983872 -9.807852804032304 -1.2
    endloop
  endfacet
  facet normal 0 0 -1
    outer loop
      vertex 13.950903220161283 -9.807852804032304 -1.2
      vertex 34.04909677983872 -9.807852804032304 -1.2
      vertex 34.694738077799485 -9.914448613738104 -1.2
    endloop
  endfacet
  facet normal 0 0 -1
    outer loop
      vertex 15.214394653031615 -9.469301294951057 -1.2
      vertex 32.78560534696838 -9.469301294951057 -1.2
      vertex 33.411809548974794 -9.659258262890683 -1.2
    endloop
  endfacet
  facet normal 0 0 -1
    outer loop
      vertex 15.826834323650898 -9.238795325112868 -1.2
      vertex 16.422886902190015 -8.968727415326882 -1.2
      vertex 32.1731656763491 -9.238795325112868 -1.2
    endloop
  endfacet
  facet normal 0 0 -1
    outer loop
      vertex 16.422886902190015 -8.968727415326882 -1.2
      vertex 17 -8.660254037844386 -1.2
      vertex 31.577113097809985 -8.968727415326882 -1.2
    endloop
  endfacet
  facet normal 0 0 -1
    outer loop
      vertex 17 -8.660254037844386 -1.2
      vertex 17.55570233019602 -8.314696123025453 -1.2
      vertex 31 -8.660254037844386 -1.2
    endloop
  endfacet
  facet normal 0 0 -1
    outer loop
      vertex 17.55570233019602 -8.314696123025453 -1.2
      vertex 18.087614290087206 -7.933533402912351 -1.2
      vertex 30.44429766980398 -8.314696123025453 -1.2
    endloop
  endfacet
  facet normal 0 0 -1
    outer loop
      vertex 18.087614290087206 -7.933533402912351 -1.2
      vertex 18.59345815100069 -7.518398074789775 -1.2
      vertex 29.912385709912794 -7.933533402912351 -1.2
    endloop
  endfacet
  facet normal 0 0 -1
    outer loop
      vertex 16.422886902190015 -8.968727415326882 -1.2
      vertex 31.577113097809985 -8.968727415326882 -1.2
      vertex 32.1731656763491 -9.238795325112868 -1.2
    endloop
  endfacet
  facet normal 0 0 -1
    outer loop
      vertex 17 -8.660254037844386 -1.2
      vertex 31 -8.660254037844386 -1.2
      vertex 31.577113097809985 -8.968727415326882 -1.2
    endloop
  endfacet
  facet normal 0 0 -1
    outer loop
      vertex 15.826834323650898 -9.238795325112868 -1.2
      vertex 32.1731656763491 -9.238795325112868 -1.2
      vertex 32.78560534696838 -9.469301294951057 -1.2
    endloop
  endfacet
  facet normal 0 0 -1
    outer loop
      vertex 17.55570233019602 -8.314696123025453 -1.2
      vertex 30.44429766980398 -8.314696123025453 -1.2
      vertex 31 -8.660254037844386 -1.2
    endloop
  endfacet
  facet normal 0 0 -1
    outer loop
      vertex 18.087614290087206 -7.933533402912351 -1.2
      vertex 29.912385709912794 -7.933533402912351 -1.2
      vertex 30.44429766980398 -8.314696123025453 -1.2
    endloop
  endfacet
  facet normal 0 0 -1
    outer loop
      vertex 18.59345815100069 -7.518398074789775 -1.2
      vertex 29.40654184899931 -7.518398074789775 -1.2
      vertex 29.912385709912794 -7.933533402912351 -1.2
    endloop
  endfacet
  facet normal 0 -1 0
    outer loop
      vertex -74.46446609406726 -15 -1.2
      vertex 58.5 -15 -1.2
      vertex 58.5 -15 1.2
    endloop
  endfacet
  facet normal 0 0 -1
    outer loop
      vertex -4.9289321881345245 -7.0710678118654755 -1.2
      vertex 4.9289321881345245 -7.0710678118654755 -1.2
      vertex 5.406541848999312 -7.518398074789775 -1.2
    endloop
  endfacet
  facet normal 0 0 -1
    outer loop
      vertex -4.481601925210225 -6.593458151000688 -1.2
      vertex 4.481601925210225 -6.593458151000688 -1.2
      vertex 4.9289321881345245 -7.0710678118654755 -1.2
    endloop
  endfacet
  facet normal 0 0 -1
    outer loop
      vertex -4.066466597087649 -6.087614290087206 -1.2
      vertex 4.066466597087649 -6.087614290087206 -1.2
      vertex 4.481601925210225 -6.593458151000688 -1.2
    endloop
  endfacet
  facet normal 0 0 -1
    outer loop
      vertex 4.066466597087649 -6.087614290087206 -1.2
      vertex -3.6853038769745474 -5.555702330196022 -1.2
      vertex 3.6853038769745474 -5.555702330196022 -1.2
    endloop
  endfacet
  facet normal 0 0 -1
    outer loop
      vertex 3.6853038769745474 -5.555702330196022 -1.2
      vertex -3.3397459621556145 -5 -1.2
      vertex 3.3397459621556145 -5 -1.2
    endloop
  endfacet
  facet normal 0 0 -1
    outer loop
      vertex 3.3397459621556145 -5 -1.2
      vertex -3.0312725846731183 -4.4228869021900135 -1.2
      vertex 3.0312725846731183 -4.4228869021900135 -1.2
    endloop
  endfacet
  facet normal 0 0 -1
    outer loop
      vertex 3.0312725846731183 -4.4228869021900135 -1.2
      vertex -2.761204674887132 -3.826834323650898 -1.2
      vertex 2.761204674887132 -3.826834323650898 -1.2
    endloop
  endfacet
  facet normal 0 0 -1
    outer loop
      vertex -2.530698705048943 -3.214394653031616 -1.2
      vertex 2.530698705048943 -3.214394653031616 -1.2
      vertex 2.761204674887132 -3.826834323650898 -1.2
    endloop
  endfacet
  facet normal 0 0 -1
    outer loop
      vertex -2.340741737109317 -2.5881904510252074 -1.2
      vertex 2.340741737109317 -2.5881904510252074 -1.2
      vertex 2.530698705048943 -3.214394653031616 -1.2
    endloop
  endfacet
  facet normal 0 0 -1
    outer loop
      vertex -2.1921471959676957 -1.9509032201612824 -1.2
      vertex 2.1921471959676957 -1.9509032201612824 -1.2
      vertex 2.340741737109317 -2.5881904510252074 -1.2
    endloop
  endfacet
  facet normal 0 0 -1
    outer loop
      vertex -2.085551386261896 -1.3052619222005157 -1.2
      vertex 2.085551386261896 -1.3052619222005157 -1.2
      vertex 2.1921471959676957 -1.9509032201612824 -1.2
    endloop
  endfacet
  facet normal 0 0 -1
    outer loop
      vertex 2.085551386261896 -1.3052619222005157 -1.2
      vertex -2.0214107676139648 -0.6540312923014306 -1.2
      vertex 2.0214107676139648 -0.6540312923014306 -1.2
    endloop
  endfacet
  facet normal 0 0 -1
    outer loop
      vertex -2 0 -1.2
      vertex 2 0 -1.2
      vertex 2.0214107676139648 -0.6540312923014306 -1.2
    endloop
  endfacet
  facet normal 0 0 -1
    outer loop
      vertex 18.59345815100069 -7.518398074789775 -1.2
      vertex 19.071067811865476 -7.0710678118654755 -1.2
      vertex 29.40654184899931 -7.518398074789775 -1.2
    endloop
  endfacet
  facet normal 0 0 -1
    outer loop
      vertex 19.071067811865476 -7.0710678118654755 -1.2
      vertex 19.518398074789776 -6.593458151000688 -1.2
      vertex 28.928932188134524 -7.0710678118654755 -1.2
    endloop
  endfacet
  facet normal 0 0 -1
    outer loop
      vertex 19.933533402912353 -6.087614290087206 -1.2
      vertex 28.481601925210224 -6.593458151000688 -1.2
      vertex 19.518398074789776 -6.593458151000688 -1.2
    endloop
  endfacet
  facet normal 0 0 -1
    outer loop
      vertex 20.314696123025453 -5.555702330196022 -1.2
      vertex 28.066466597087647 -6.087614290087206 -1.2
      vertex 19.933533402912353 -6.087614290087206 -1.2
    endloop
  endfacet
  facet normal 0 0 -1
    outer loop
      vertex 19.071067811865476 -7.0710678118654755 -1.2
      vertex 28.928932188134524 -7.0710678118654755 -1.2
      vertex 29.40654184899931 -7.518398074789775 -1.2
    endloop
  endfacet
  facet normal 0 0 -1
    outer loop
      vertex 19.518398074789776 -6.593458151000688 -1.2
      vertex 28.481601925210224 -6.593458151000688 -1.2
      vertex 28.928932188134524 -7.0710678118654755 -1.2
    endloop
  endfacet
  facet normal 0 0 -1
    outer loop
      vertex 19.933533402912353 -6.087614290087206 -1.2
      vertex 28.066466597087647 -6.087614290087206 -1.2
      vertex 28.481601925210224 -6.593458151000688 -1.2
    endloop
  endfacet
  facet normal 0 0 -1
    outer loop
      vertex 20.314696123025453 -5.555702330196022 -1.2
      vertex 27.685303876974547 -5.555702330196022 -1.2
      vertex 28.066466597087647 -6.087614290087206 -1.2
    endloop
  endfacet
  facet normal 0 0 -1
    outer loop
      vertex 20.660254037844386 -5 -1.2
      vertex 27.685303876974547 -5.555702330196022 -1.2
      vertex 20.314696123025453 -5.555702330196022 -1.2
    endloop
  endfacet
  facet normal 0 0 -1
    outer loop
      vertex 20.96872741532688 -4.4228869021900135 -1.2
      vertex 27.339745962155614 -5 -1.2
      vertex 20.660254037844386 -5 -1.2
    endloop
  endfacet
  facet normal 0 0 -1
    outer loop
      vertex 21.238795325112868 -3.826834323650898 -1.2
      vertex 27.03127258467312 -4.4228869021900135 -1.2
      vertex 20.96872741532688 -4.4228869021900135 -1.2
    endloop
  endfacet
  facet normal 0 0 -1
    outer loop
      vertex 20.660254037844386 -5 -1.2
      vertex 27.339745962155614 -5 -1.2
      vertex 27.685303876974547 -5.555702330196022 -1.2
    endloop
  endfacet
  facet normal 0 0 -1
    outer loop
      vertex 20.96872741532688 -4.4228869021900135 -1.2
      vertex 27.03127258467312 -4.4228869021900135 -1.2
      vertex 27.339745962155614 -5 -1.2
    endloop
  endfacet
  facet normal 0 0 -1
    outer loop
      vertex 21.238795325112868 -3.826834323650898 -1.2
      vertex 26.761204674887132 -3.826834323650898 -1.2
      vertex 27.03127258467312 -4.4228869021900135 -1.2
    endloop
  endfacet
  facet normal 0 0 -1
    outer loop
      vertex 21.46930129495106 -3.214394653031616 -1.2
      vertex 26.761204674887132 -3.826834323650898 -1.2
      vertex 21.238795325112868 -3.826834323650898 -1.2
    endloop
  endfacet
  facet normal 0 0 -1
    outer loop
      vertex 21.65925826289068 -2.5881904510252074 -1.2
      vertex 26.53069870504894 -3.214394653031616 -1.2
      vertex 21.46930129495106 -3.214394653031616 -1.2
    endloop
  endfacet
  facet normal 0 0 -1
    outer loop
      vertex 21.807852804032304 -1.9509032201612824 -1.2
      vertex 26.34074173710932 -2.5881904510252074 -1.2
      vertex 21.65925826289068 -2.5881904510252074 -1.2
    endloop
  endfacet
  facet normal 0 0 -1
    outer loop
      vertex 21.46930129495106 -3.214394653031616 -1.2
      vertex 26.53069870504894 -3.214394653031616 -1.2
      vertex 26.761204674887132 -3.826834323650898 -1.2
    endloop
  endfacet
  facet normal 0 0 -1
    outer loop
      vertex 21.65925826289068 -2.5881904510252074 -1.2
      vertex 26.34074173710932 -2.5881904510252074 -1.2
      vertex 26.53069870504894 -3.214394653031616 -1.2
    endloop
  endfacet
  facet normal 0 0 -1
    outer loop
      vertex 21.807852804032304 -1.9509032201612824 -1.2
      vertex 26.192147195967696 -1.9509032201612824 -1.2
      vertex 26.34074173710932 -2.5881904510252074 -1.2
    endloop
  endfacet
  facet normal 0 0 -1
    outer loop
      vertex 21.914448613738102 -1.3052619222005157 -1.2
      vertex 26.192147195967696 -1.9509032201612824 -1.2
      vertex 21.807852804032304 -1.9509032201612824 -1.2
    endloop
  endfacet
  facet normal 0 0 -1
    outer loop
      vertex 21.914448613738102 -1.3052619222005157 -1.2
      vertex 21.978589232386035 -0.6540312923014306 -1.2
      vertex 26.085551386261898 -1.3052619222005157 -1.2
    endloop
  endfacet
  facet normal 0 0 -1
    outer loop
      vertex 21.978589232386035 -0.6540312923014306 -1.2
      vertex 22 0 -1.2
      vertex 26.021410767613965 -0.6540312923014306 -1.2
    endloop
  endfacet
  facet normal 0 0 -1
    outer loop
      vertex 21.914448613738102 -1.3052619222005157 -1.2
      vertex 26.085551386261898 -1.3052619222005157 -1.2
      vertex 26.192147195967696 -1.9509032201612824 -1.2
    endloop
  endfacet
  facet normal 0 0 -1
    outer loop
      vertex 21.978589232386035 -0.6540312923014306 -1.2
      vertex 26.021410767613965 -0.6540312923014306 -1.2
      vertex 26.085551386261898 -1.3052619222005157 -1.2
    endloop
  endfacet
  facet normal 0 0 -1
    outer loop
      vertex 22 0 -1.2
      vertex 26 0 -1.2
      vertex 26.021410767613965 -0.6540312923014306 -1.2
    endloop
  endfacet
  facet normal 0 0 -1
    outer loop
      vertex 58.5 -15 -1.2
      vertex 35.34596870769857 -9.978589232386035 -1.2
      vertex 36 -10 -1.2
    endloop
  endfacet
  facet normal 0 0 -1
    outer loop
      vertex 58.5 -15 -1.2
      vertex 36 -10 -1.2
      vertex 36.65403129230143 -9.978589232386035 -1.2
    endloop
  endfacet
  facet normal 0 0 -1
    outer loop
      vertex 58.5 -15 -1.2
      vertex 36.65403129230143 -9.978589232386035 -1.2
      vertex 37.305261922200515 -9.914448613738104 -1.2
    endloop
  endfacet
  facet normal 0 0 -1
    outer loop
      vertex 58.5 -15 -1.2
      vertex 37.305261922200515 -9.914448613738104 -1.2
      vertex 37.95090322016128 -9.807852804032304 -1.2
    endloop
  endfacet
  facet normal 0 0 -1
    outer loop
      vertex 58.5 -15 -1.2
      vertex 37.95090322016128 -9.807852804032304 -1.2
      vertex 38.588190451025206 -9.659258262890683 -1.2
    endloop
  endfacet
  facet normal 0 0 -1
    outer loop
      vertex 58.5 -15 -1.2
      vertex 38.588190451025206 -9.659258262890683 -1.2
      vertex 39.21439465303162 -9.469301294951057 -1.2
    endloop
  endfacet
  facet normal 0 0 -1
    outer loop
      vertex 58.5 -15 -1.2
      vertex 43.071067811865476 -7.0710678118654755 -1.2
      vertex 58.5 -13 -1.2
    endloop
  endfacet
  facet normal 0 0 -1
    outer loop
      vertex 58.5 -15 -1.2
      vertex 39.21439465303162 -9.469301294951057 -1.2
      vertex 39.8268343236509 -9.238795325112868 -1.2
    endloop
  endfacet
  facet normal 0 0 -1
    outer loop
      vertex 58.5 -15 -1.2
      vertex 39.8268343236509 -9.238795325112868 -1.2
      vertex 40.422886902190015 -8.968727415326882 -1.2
    endloop
  endfacet
  facet normal 0 0 -1
    outer loop
      vertex 58.5 -15 -1.2
      vertex 40.422886902190015 -8.968727415326882 -1.2
      vertex 41 -8.660254037844386 -1.2
    endloop
  endfacet
  facet normal 0 0 -1
    outer loop
      vertex 58.5 -15 -1.2
      vertex 41 -8.660254037844386 -1.2
      vertex 41.55570233019602 -8.314696123025453 -1.2
    endloop
  endfacet
  facet normal 0 0 -1
    outer loop
      vertex 58.5 -15 -1.2
      vertex 41.55570233019602 -8.314696123025453 -1.2
      vertex 42.0876142900872 -7.933533402912351 -1.2
    endloop
  endfacet
  facet normal 0 0 -1
    outer loop
      vertex 58.5 -15 -1.2
      vertex 42.0876142900872 -7.933533402912351 -1.2
      vertex 42.59345815100069 -7.518398074789775 -1.2
    endloop
  endfacet
  facet normal 0 0 -1
    outer loop
      vertex 58.5 -15 -1.2
      vertex 42.59345815100069 -7.518398074789775 -1.2
      vertex 43.071067811865476 -7.0710678118654755 -1.2
    endloop
  endfacet
  facet normal 0 0 -1
    outer loop
      vertex 58.5 -13 -1.2
      vertex 43.071067811865476 -7.0710678118654755 -1.2
      vertex 43.51839807478977 -6.593458151000688 -1.2
    endloop
  endfacet
  facet normal 0 0 -1
    outer loop
      vertex 58.5 -13 -1.2
      vertex 43.51839807478977 -6.593458151000688 -1.2
      vertex 43.93353340291235 -6.087614290087206 -1.2
    endloop
  endfacet
  facet normal 0 0 -1
    outer loop
      vertex 58.5 -13 -1.2
      vertex 43.93353340291235 -6.087614290087206 -1.2
      vertex 44.314696123025456 -5.555702330196022 -1.2
    endloop
  endfacet
  facet normal 0 0 -1
    outer loop
      vertex 58.5 -13 -1.2
      vertex 44.314696123025456 -5.555702330196022 -1.2
      vertex 44.66025403784438 -5 -1.2
    endloop
  endfacet
  facet normal 0 0 -1
    outer loop
      vertex 61.5 -13 -1.2
      vertex 58.5 -13 -1.2
      vertex 45.978589232386035 0.6540312923014306 -1.2
    endloop
  endfacet
  facet normal 0 0 -1
    outer loop
      vertex 78 -15 -1.2
      vertex 61.5 -15 -1.2
      vertex 61.5 -13 -1.2
    endloop
  endfacet
  facet normal 0 -1 0
    outer loop
      vertex 78 -15 -1.2
      vertex 78 -15 1.2
      vertex 61.5 -15 -1.2
    endloop
  endfacet
  facet normal 0 0 -1
    outer loop
      vertex 58.5 -13 -1.2
      vertex 44.66025403784438 -5 -1.2
      vertex 44.96872741532688 -4.4228869021900135 -1.2
    endloop
  endfacet
  facet normal 0 0 -1
    outer loop
      vertex 58.5 -13 -1.2
      vertex 44.96872741532688 -4.4228869021900135 -1.2
      vertex 45.23879532511287 -3.826834323650898 -1.2
    endloop
  endfacet
  facet normal 0 0 -1
    outer loop
      vertex 58.5 -13 -1.2
      vertex 45.23879532511287 -3.826834323650898 -1.2
      vertex 45.46930129495106 -3.214394653031616 -1.2
    endloop
  endfacet
  facet normal 0 0 -1
    outer loop
      vertex 58.5 -13 -1.2
      vertex 45.46930129495106 -3.214394653031616 -1.2
      vertex 45.65925826289068 -2.5881904510252074 -1.2
    endloop
  endfacet
  facet normal 0 0 -1
    outer loop
      vertex 58.5 -13 -1.2
      vertex 45.65925826289068 -2.5881904510252074 -1.2
      vertex 45.80785280403231 -1.9509032201612824 -1.2
    endloop
  endfacet
  facet normal 0 0 -1
    outer loop
      vertex 58.5 -13 -1.2
      vertex 45.80785280403231 -1.9509032201612824 -1.2
      vertex 45.9144486137381 -1.3052619222005157 -1.2
    endloop
  endfacet
  facet normal 0 0 -1
    outer loop
      vertex 58.5 -13 -1.2
      vertex 45.9144486137381 -1.3052619222005157 -1.2
      vertex 45.978589232386035 -0.6540312923014306 -1.2
    endloop
  endfacet
  facet normal 0 0 -1
    outer loop
      vertex 58.5 -13 -1.2
      vertex 45.978589232386035 -0.6540312923014306 -1.2
      vertex 46 0 -1.2
    endloop
  endfacet
  facet normal 0 0 -1
    outer loop
      vertex 58.5 -13 -1.2
      vertex 46 0 -1.2
      vertex 45.978589232386035 0.6540312923014306 -1.2
    endloop
  endfacet
  facet normal 0 0 -1
    outer loop
      vertex 78 -15 -1.2
      vertex 61.5 -13 -1.2
      vertex 78 15 -1.2
    endloop
  endfacet
  facet normal 1 0 0
    outer loop
      vertex 78 -15 -1.2
      vertex 78 15 -1.2
      vertex 78 -15 1.2
    endloop
  endfacet
  facet normal 0 0 1
    outer loop
      vertex -74.46446609406726 -15 1.2
      vertex 58.5 -15 1.2
      vertex 58.5 -13 1.2
    endloop
  endfacet
  facet normal 0 0 1
    outer loop
      vertex -78 15 1.2
      vertex 58.5 -13 1.2
      vertex 61.5 -13 1.2
    endloop
  endfacet
  facet normal 0 0 1
    outer loop
      vertex -78 15 1.2
      vertex 61.5 -13 1.2
      vertex 78 -15 1.2
    endloop
  endfacet
  facet normal 0 -1 0
    outer loop
      vertex 78 -15 1.2
      vertex 61.5 -15 1.2
      vertex 61.5 -15 -1.2
    endloop
  endfacet
  facet normal 0 0 1
    outer loop
      vertex 78 -15 1.2
      vertex 61.5 -13 1.2
      vertex 61.5 -15 1.2
    endloop
  endfacet
  facet normal 0 0 -1
    outer loop
      vertex 2 0 -1.2
      vertex -2.0214107676139648 0.6540312923014306 -1.2
      vertex 2.0214107676139648 0.6540312923014306 -1.2
    endloop
  endfacet
  facet normal 0 0 -1
    outer loop
      vertex -2.085551386261896 1.3052619222005157 -1.2
      vertex 2.085551386261896 1.3052619222005157 -1.2
      vertex 2.0214107676139648 0.6540312923014306 -1.2
    endloop
  endfacet
  facet normal 0 0 -1
    outer loop
      vertex -2.1921471959676957 1.9509032201612824 -1.2
      vertex 2.1921471959676957 1.9509032201612824 -1.2
      vertex 2.085551386261896 1.3052619222005157 -1.2
    endloop
  endfacet
  facet normal 0 0 -1
    outer loop
      vertex -2.340741737109317 2.5881904510252074 -1.2
      vertex 2.340741737109317 2.5881904510252074 -1.2
      vertex 2.1921471959676957 1.9509032201612824 -1.2
    endloop
  endfacet
  facet normal 0 0 -1
    outer loop
      vertex -2.530698705048943 3.214394653031616 -1.2
      vertex 2.530698705048943 3.214394653031616 -1.2
      vertex 2.340741737109317 2.5881904510252074 -1.2
    endloop
  endfacet
  facet normal 0 0 -1
    outer loop
      vertex -2.761204674887132 3.826834323650898 -1.2
      vertex 2.761204674887132 3.826834323650898 -1.2
      vertex 2.530698705048943 3.214394653031616 -1.2
    endloop
  endfacet
  facet normal 0 0 -1
    outer loop
      vertex -3.0312725846731183 4.4228869021900135 -1.2
      vertex 3.0312725846731183 4.4228869021900135 -1.2
      vertex 2.761204674887132 3.826834323650898 -1.2
    endloop
  endfacet
  facet normal 0 0 -1
    outer loop
      vertex -3.3397459621556145 5 -1.2
      vertex 3.3397459621556145 5 -1.2
      vertex 3.0312725846731183 4.4228869021900135 -1.2
    endloop
  endfacet
  facet normal 0 0 -1
    outer loop
      vertex -3.6853038769745474 5.555702330196022 -1.2
      vertex 3.6853038769745474 5.555702330196022 -1.2
      vertex 3.3397459621556145 5 -1.2
    endloop
  endfacet
  facet normal 0 0 -1
    outer loop
      vertex -4.066466597087649 6.087614290087206 -1.2
      vertex 4.066466597087649 6.087614290087206 -1.2
      vertex 3.6853038769745474 5.555702330196022 -1.2
    endloop
  endfacet
  facet normal 0 0 -1
    outer loop
      vertex -4.481601925210225 6.593458151000688 -1.2
      vertex 4.481601925210225 6.593458151000688 -1.2
      vertex 4.066466597087649 6.087614290087206 -1.2
    endloop
  endfacet
  facet normal 0 0 -1
    outer loop
      vertex -4.9289321881345245 7.0710678118654755 -1.2
      vertex 4.9289321881345245 7.0710678118654755 -1.2
      vertex 4.481601925210225 6.593458151000688 -1.2
    endloop
  endfacet
  facet normal 0 0 -1
    outer loop
      vertex -5.406541848999312 7.518398074789775 -1.2
      vertex 5.406541848999312 7.518398074789775 -1.2
      vertex 4.9289321881345245 7.0710678118654755 -1.2
    endloop
  endfacet
  facet normal 0 0 -1
    outer loop
      vertex 21.978589232386035 0.6540312923014306 -1.2
      vertex 26 0 -1.2
      vertex 22 0 -1.2
    endloop
  endfacet
  facet normal 0 0 -1
    outer loop
      vertex 21.914448613738102 1.3052619222005157 -1.2
      vertex 26.021410767613965 0.6540312923014306 -1.2
      vertex 21.978589232386035 0.6540312923014306 -1.2
    endloop
  endfacet
  facet normal 0 0 -1
    outer loop
      vertex 21.914448613738102 1.3052619222005157 -1.2
      vertex 21.807852804032304 1.9509032201612824 -1.2
      vertex 26.085551386261898 1.3052619222005157 -1.2
    endloop
  endfacet
  facet normal 0 0 -1
    outer loop
      vertex 21.978589232386035 0.6540312923014306 -1.2
      vertex 26.021410767613965 0.6540312923014306 -1.2
      vertex 26 0 -1.2
    endloop
  endfacet
  facet normal 0 0 -1
    outer loop
      vertex 21.914448613738102 1.3052619222005157 -1.2
      vertex 26.085551386261898 1.3052619222005157 -1.2
      vertex 26.021410767613965 0.6540312923014306 -1.2
    endloop
  endfacet
  facet normal 0 0 -1
    outer loop
      vertex 21.807852804032304 1.9509032201612824 -1.2
      vertex 26.192147195967696 1.9509032201612824 -1.2
      vertex 26.085551386261898 1.3052619222005157 -1.2
    endloop
  endfacet
  facet normal 0 0 -1
    outer loop
      vertex 21.65925826289068 2.5881904510252074 -1.2
      vertex 26.192147195967696 1.9509032201612824 -1.2
      vertex 21.807852804032304 1.9509032201612824 -1.2
    endloop
  endfacet
  facet normal 0 0 -1
    outer loop
      vertex 21.46930129495106 3.214394653031616 -1.2
      vertex 26.34074173710932 2.5881904510252074 -1.2
      vertex 21.65925826289068 2.5881904510252074 -1.2
    endloop
  endfacet
  facet normal 0 0 -1
    outer loop
      vertex 21.238795325112868 3.826834323650898 -1.2
      vertex 26.53069870504894 3.214394653031616 -1.2
      vertex 21.46930129495106 3.214394653031616 -1.2
    endloop
  endfacet
  facet normal 0 0 -1
    outer loop
      vertex 21.65925826289068 2.5881904510252074 -1.2
      vertex 26.34074173710932 2.5881904510252074 -1.2
      vertex 26.192147195967696 1.9509032201612824 -1.2
    endloop
  endfacet
  facet normal 0 0 -1
    outer loop
      vertex 21.46930129495106 3.214394653031616 -1.2
      vertex 26.53069870504894 3.214394653031616 -1.2
      vertex 26.34074173710932 2.5881904510252074 -1.2
    endloop
  endfacet
  facet normal 0 0 -1
    outer loop
      vertex 21.238795325112868 3.826834323650898 -1.2
      vertex 26.761204674887132 3.826834323650898 -1.2
      vertex 26.53069870504894 3.214394653031616 -1.2
    endloop
  endfacet
  facet normal 0 0 -1
    outer loop
      vertex 20.96872741532688 4.4228869021900135 -1.2
      vertex 26.761204674887132 3.826834323650898 -1.2
      vertex 21.238795325112868 3.826834323650898 -1.2
    endloop
  endfacet
  facet normal 0 0 -1
    outer loop
      vertex 27.339745962155614 5 -1.2
      vertex 20.96872741532688 4.4228869021900135 -1.2
      vertex 20.660254037844386 5 -1.2
    endloop
  endfacet
  facet normal 0 0 -1
    outer loop
      vertex 27.339745962155614 5 -1.2
      vertex 20.660254037844386 5 -1.2
      vertex 20.314696123025453 5.555702330196022 -1.2
    endloop
  endfacet
  facet normal 0 0 -1
    outer loop
      vertex 20.96872741532688 4.4228869021900135 -1.2
      vertex 27.03127258467312 4.4228869021900135 -1.2
      vertex 26.761204674887132 3.826834323650898 -1.2
    endloop
  endfacet
  facet normal 0 0 -1
    outer loop
      vertex 20.96872741532688 4.4228869021900135 -1.2
      vertex 27.339745962155614 5 -1.2
      vertex 27.03127258467312 4.4228869021900135 -1.2
    endloop
  endfacet
  facet normal 0 0 -1
    outer loop
      vertex 27.339745962155614 5 -1.2
      vertex 20.314696123025453 5.555702330196022 -1.2
      vertex 27.685303876974547 5.555702330196022 -1.2
    endloop
  endfacet
  facet normal 0 0 -1
    outer loop
      vertex 19.933533402912353 6.087614290087206 -1.2
      vertex 27.685303876974547 5.555702330196022 -1.2
      vertex 20.314696123025453 5.555702330196022 -1.2
    endloop
  endfacet
  facet normal 0 0 -1
    outer loop
      vertex 19.518398074789776 6.593458151000688 -1.2
      vertex 28.066466597087647 6.087614290087206 -1.2
      vertex 19.933533402912353 6.087614290087206 -1.2
    endloop
  endfacet
  facet normal 0 0 -1
    outer loop
      vertex 19.071067811865476 7.0710678118654755 -1.2
      vertex 28.481601925210224 6.593458151000688 -1.2
      vertex 19.518398074789776 6.593458151000688 -1.2
    endloop
  endfacet
  facet normal 0 0 -1
    outer loop
      vertex 19.071067811865476 7.0710678118654755 -1.2
      vertex 18.59345815100069 7.518398074789775 -1.2
      vertex 28.928932188134524 7.0710678118654755 -1.2
    endloop
  endfacet
  facet normal 0 0 -1
    outer loop
      vertex 19.933533402912353 6.087614290087206 -1.2
      vertex 28.066466597087647 6.087614290087206 -1.2
      vertex 27.685303876974547 5.555702330196022 -1.2
    endloop
  endfacet
  facet normal 0 0 -1
    outer loop
      vertex 19.518398074789776 6.593458151000688 -1.2
      vertex 28.481601925210224 6.593458151000688 -1.2
      vertex 28.066466597087647 6.087614290087206 -1.2
    endloop
  endfacet
  facet normal 0 0 -1
    outer loop
      vertex 19.071067811865476 7.0710678118654755 -1.2
      vertex 28.928932188134524 7.0710678118654755 -1.2
      vertex 28.481601925210224 6.593458151000688 -1.2
    endloop
  endfacet
  facet normal 0 0 -1
    outer loop
      vertex 18.59345815100069 7.518398074789775 -1.2
      vertex 29.40654184899931 7.518398074789775 -1.2
      vertex 28.928932188134524 7.0710678118654755 -1.2
    endloop
  endfacet
  facet normal 0 0 -1
    outer loop
      vertex -5.912385709912794 7.933533402912351 -1.2
      vertex 5.912385709912794 7.933533402912351 -1.2
      vertex 5.406541848999312 7.518398074789775 -1.2
    endloop
  endfacet
  facet normal 0 0 -1
    outer loop
      vertex 5.912385709912794 7.933533402912351 -1.2
      vertex -6.444297669803978 8.314696123025453 -1.2
      vertex 6.444297669803978 8.314696123025453 -1.2
    endloop
  endfacet
  facet normal 0 0 -1
    outer loop
      vertex -7 8.660254037844386 -1.2
      vertex 7 8.660254037844386 -1.2
      vertex 6.444297669803978 8.314696123025453 -1.2
    endloop
  endfacet
  facet normal 0 0 -1
    outer loop
      vertex -7.5771130978099865 8.968727415326882 -1.2
      vertex 7.5771130978099865 8.968727415326882 -1.2
      vertex 7 8.660254037844386 -1.2
    endloop
  endfacet
  facet normal 0 0 -1
    outer loop
      vertex -8.173165676349102 9.238795325112868 -1.2
      vertex 8.173165676349102 9.238795325112868 -1.2
      vertex 7.5771130978099865 8.968727415326882 -1.2
    endloop
  endfacet
  facet normal 0 0 -1
    outer loop
      vertex -8.785605346968385 9.469301294951057 -1.2
      vertex 8.785605346968385 9.469301294951057 -1.2
      vertex 8.173165676349102 9.238795325112868 -1.2
    endloop
  endfacet
  facet normal 0 0 -1
    outer loop
      vertex -9.411809548974793 9.659258262890683 -1.2
      vertex 9.411809548974793 9.659258262890683 -1.2
      vertex 8.785605346968385 9.469301294951057 -1.2
    endloop
  endfacet
  facet normal 0 0 -1
    outer loop
      vertex -10.049096779838717 9.807852804032304 -1.2
      vertex 10.049096779838717 9.807852804032304 -1.2
      vertex 9.411809548974793 9.659258262890683 -1.2
    endloop
  endfacet
  facet normal 0 0 -1
    outer loop
      vertex -10.694738077799485 9.914448613738104 -1.2
      vertex 10.694738077799485 9.914448613738104 -1.2
      vertex 10.049096779838717 9.807852804032304 -1.2
    endloop
  endfacet
  facet normal 0 0 -1
    outer loop
      vertex -11.34596870769857 9.978589232386035 -1.2
      vertex 11.34596870769857 9.978589232386035 -1.2
      vertex 10.694738077799485 9.914448613738104 -1.2
    endloop
  endfacet
  facet normal 0 0 -1
    outer loop
      vertex 58.5 15 -1.2
      vertex -12 10 -1.2
      vertex -36 10 -1.2
    endloop
  endfacet
  facet normal 0 0 -1
    outer loop
      vertex 58.5 15 -1.2
      vertex -11.34596870769857 9.978589232386035 -1.2
      vertex -12 10 -1.2
    endloop
  endfacet
  facet normal 0 0 -1
    outer loop
      vertex 18.087614290087206 7.933533402912351 -1.2
      vertex 17.55570233019602 8.314696123025453 -1.2
      vertex 29.912385709912794 7.933533402912351 -1.2
    endloop
  endfacet
  facet normal 0 0 -1
    outer loop
      vertex 17.55570233019602 8.314696123025453 -1.2
      vertex 17 8.660254037844386 -1.2
      vertex 30.44429766980398 8.314696123025453 -1.2
    endloop
  endfacet
  facet normal 0 0 -1
    outer loop
      vertex 18.59345815100069 7.518398074789775 -1.2
      vertex 18.087614290087206 7.933533402912351 -1.2
      vertex 29.40654184899931 7.518398074789775 -1.2
    endloop
  endfacet
  facet normal 0 0 -1
    outer loop
      vertex 17 8.660254037844386 -1.2
      vertex 16.422886902190015 8.968727415326882 -1.2
      vertex 31 8.660254037844386 -1.2
    endloop
  endfacet
  facet normal 0 0 -1
    outer loop
      vertex 16.422886902190015 8.968727415326882 -1.2
      vertex 15.826834323650898 9.238795325112868 -1.2
      vertex 31.577113097809985 8.968727415326882 -1.2
    endloop
  endfacet
  facet normal 0 0 -1
    outer loop
      vertex 15.826834323650898 9.238795325112868 -1.2
      vertex 15.214394653031615 9.469301294951057 -1.2
      vertex 32.1731656763491 9.238795325112868 -1.2
    endloop
  endfacet
  facet normal 0 0 -1
    outer loop
      vertex 18.087614290087206 7.933533402912351 -1.2
      vertex 29.912385709912794 7.933533402912351 -1.2
      vertex 29.40654184899931 7.518398074789775 -1.2
    endloop
  endfacet
  facet normal 0 0 -1
    outer loop
      vertex 17.55570233019602 8.314696123025453 -1.2
      vertex 30.44429766980398 8.314696123025453 -1.2
      vertex 29.912385709912794 7.933533402912351 -1.2
    endloop
  endfacet
  facet normal 0 0 -1
    outer loop
      vertex 17 8.660254037844386 -1.2
      vertex 31 8.660254037844386 -1.2
      vertex 30.44429766980398 8.314696123025453 -1.2
    endloop
  endfacet
  facet normal 0 0 -1
    outer loop
      vertex 16.422886902190015 8.968727415326882 -1.2
      vertex 31.577113097809985 8.968727415326882 -1.2
      vertex 31 8.660254037844386 -1.2
    endloop
  endfacet
  facet normal 0 0 -1
    outer loop
      vertex 15.826834323650898 9.238795325112868 -1.2
      vertex 32.1731656763491 9.238795325112868 -1.2
      vertex 31.577113097809985 8.968727415326882 -1.2
    endloop
  endfacet
  facet normal 0 0 -1
    outer loop
      vertex 14.588190451025207 9.659258262890683 -1.2
      vertex 13.950903220161283 9.807852804032304 -1.2
      vertex 33.411809548974794 9.659258262890683 -1.2
    endloop
  endfacet
  facet normal 0 0 -1
    outer loop
      vertex 13.950903220161283 9.807852804032304 -1.2
      vertex 13.305261922200515 9.914448613738104 -1.2
      vertex 34.04909677983872 9.807852804032304 -1.2
    endloop
  endfacet
  facet normal 0 0 -1
    outer loop
      vertex 15.214394653031615 9.469301294951057 -1.2
      vertex 14.588190451025207 9.659258262890683 -1.2
      vertex 32.78560534696838 9.469301294951057 -1.2
    endloop
  endfacet
  facet normal 0 0 -1
    outer loop
      vertex 15.214394653031615 9.469301294951057 -1.2
      vertex 32.78560534696838 9.469301294951057 -1.2
      vertex 32.1731656763491 9.238795325112868 -1.2
    endloop
  endfacet
  facet normal 0 0 -1
    outer loop
      vertex 14.588190451025207 9.659258262890683 -1.2
      vertex 33.411809548974794 9.659258262890683 -1.2
      vertex 32.78560534696838 9.469301294951057 -1.2
    endloop
  endfacet
  facet normal 0 0 -1
    outer loop
      vertex 13.950903220161283 9.807852804032304 -1.2
      vertex 34.04909677983872 9.807852804032304 -1.2
      vertex 33.411809548974794 9.659258262890683 -1.2
    endloop
  endfacet
  facet normal 0 0 -1
    outer loop
      vertex 13.305261922200515 9.914448613738104 -1.2
      vertex 34.694738077799485 9.914448613738104 -1.2
      vertex 34.04909677983872 9.807852804032304 -1.2
    endloop
  endfacet
  facet normal 0 0 -1
    outer loop
      vertex 58.5 15 -1.2
      vertex 11.34596870769857 9.978589232386035 -1.2
      vertex -11.34596870769857 9.978589232386035 -1.2
    endloop
  endfacet
  facet normal 0 0 -1
    outer loop
      vertex 58.5 15 -1.2
      vertex 12 10 -1.2
      vertex 11.34596870769857 9.978589232386035 -1.2
    endloop
  endfacet
  facet normal 0 0 -1
    outer loop
      vertex 58.5 15 -1.2
      vertex 12.65403129230143 9.978589232386035 -1.2
      vertex 12 10 -1.2
    endloop
  endfacet
  facet normal 0 0 -1
    outer loop
      vertex 58.5 15 -1.2
      vertex 13.305261922200515 9.914448613738104 -1.2
      vertex 12.65403129230143 9.978589232386035 -1.2
    endloop
  endfacet
  facet normal 0 0 -1
    outer loop
      vertex 58.5 15 -1.2
      vertex 34.694738077799485 9.914448613738104 -1.2
      vertex 13.305261922200515 9.914448613738104 -1.2
    endloop
  endfacet
  facet normal 0 0 -1
    outer loop
      vertex 78 15 -1.2
      vertex 45.978589232386035 0.6540312923014306 -1.2
      vertex 45.9144486137381 1.3052619222005157 -1.2
    endloop
  endfacet
  facet normal 0 0 -1
    outer loop
      vertex 78 15 -1.2
      vertex 45.9144486137381 1.3052619222005157 -1.2
      vertex 45.80785280403231 1.9509032201612824 -1.2
    endloop
  endfacet
  facet normal 0 0 -1
    outer loop
      vertex 78 15 -1.2
      vertex 45.80785280403231 1.9509032201612824 -1.2
      vertex 45.65925826289068 2.5881904510252074 -1.2
    endloop
  endfacet
  facet normal 0 0 -1
    outer loop
      vertex 78 15 -1.2
      vertex 45.65925826289068 2.5881904510252074 -1.2
      vertex 45.46930129495106 3.214394653031616 -1.2
    endloop
  endfacet
  facet normal 0 0 -1
    outer loop
      vertex 78 15 -1.2
      vertex 45.46930129495106 3.214394653031616 -1.2
      vertex 45.23879532511287 3.826834323650898 -1.2
    endloop
  endfacet
  facet normal 0 0 -1
    outer loop
      vertex 78 15 -1.2
      vertex 61.5 -13 -1.2
      vertex 45.978589232386035 0.6540312923014306 -1.2
    endloop
  endfacet
  facet normal 0 0 -1
    outer loop
      vertex 58.5 15 -1.2
      vertex 40.422886902190015 8.968727415326882 -1.2
      vertex 39.8268343236509 9.238795325112868 -1.2
    endloop
  endfacet
  facet normal 0 0 -1
    outer loop
      vertex 58.5 15 -1.2
      vertex 39.8268343236509 9.238795325112868 -1.2
      vertex 39.21439465303162 9.469301294951057 -1.2
    endloop
  endfacet
  facet normal 0 0 -1
    outer loop
      vertex 58.5 15 -1.2
      vertex 41.55570233019602 8.314696123025453 -1.2
      vertex 41 8.660254037844386 -1.2
    endloop
  endfacet
  facet normal 0 0 -1
    outer loop
      vertex 58.5 15 -1.2
      vertex 41 8.660254037844386 -1.2
      vertex 40.422886902190015 8.968727415326882 -1.2
    endloop
  endfacet
  facet normal 0 0 -1
    outer loop
      vertex 78 15 -1.2
      vertex 44.96872741532688 4.4228869021900135 -1.2
      vertex 44.66025403784438 5 -1.2
    endloop
  endfacet
  facet normal 0 0 -1
    outer loop
      vertex 78 15 -1.2
      vertex 45.23879532511287 3.826834323650898 -1.2
      vertex 44.96872741532688 4.4228869021900135 -1.2
    endloop
  endfacet
  facet normal 0 0 -1
    outer loop
      vertex 78 15 -1.2
      vertex 44.66025403784438 5 -1.2
      vertex 44.314696123025456 5.555702330196022 -1.2
    endloop
  endfacet
  facet normal 0 0 -1
    outer loop
      vertex 78 15 -1.2
      vertex 44.314696123025456 5.555702330196022 -1.2
      vertex 43.93353340291235 6.087614290087206 -1.2
    endloop
  endfacet
  facet normal 0 0 -1
    outer loop
      vertex 78 15 -1.2
      vertex 43.93353340291235 6.087614290087206 -1.2
      vertex 43.51839807478977 6.593458151000688 -1.2
    endloop
  endfacet
  facet normal 0 0 -1
    outer loop
      vertex 78 15 -1.2
      vertex 43.51839807478977 6.593458151000688 -1.2
      vertex 43.071067811865476 7.0710678118654755 -1.2
    endloop
  endfacet
  facet normal 0 0 -1
    outer loop
      vertex 78 15 -1.2
      vertex 43.071067811865476 7.0710678118654755 -1.2
      vertex 42.59345815100069 7.518398074789775 -1.2
    endloop
  endfacet
  facet normal 0 0 -1
    outer loop
      vertex 78 15 -1.2
      vertex 42.59345815100069 7.518398074789775 -1.2
      vertex 42.0876142900872 7.933533402912351 -1.2
    endloop
  endfacet
  facet normal 0 0 -1
    outer loop
      vertex 78 15 -1.2
      vertex 42.0876142900872 7.933533402912351 -1.2
      vertex 41.55570233019602 8.314696123025453 -1.2
    endloop
  endfacet
  facet normal 0 0 -1
    outer loop
      vertex 58.5 15 -1.2
      vertex 35.34596870769857 9.978589232386035 -1.2
      vertex 34.694738077799485 9.914448613738104 -1.2
    endloop
  endfacet
  facet normal 0 0 -1
    outer loop
      vertex 58.5 15 -1.2
      vertex 36 10 -1.2
      vertex 35.34596870769857 9.978589232386035 -1.2
    endloop
  endfacet
  facet normal 0 0 -1
    outer loop
      vertex 58.5 15 -1.2
      vertex 36.65403129230143 9.978589232386035 -1.2
      vertex 36 10 -1.2
    endloop
  endfacet
  facet normal 0 0 -1
    outer loop
      vertex 58.5 15 -1.2
      vertex 37.305261922200515 9.914448613738104 -1.2
      vertex 36.65403129230143 9.978589232386035 -1.2
    endloop
  endfacet
  facet normal 0 0 -1
    outer loop
      vertex 58.5 15 -1.2
      vertex 37.95090322016128 9.807852804032304 -1.2
      vertex 37.305261922200515 9.914448613738104 -1.2
    endloop
  endfacet
  facet normal 0 0 -1
    outer loop
      vertex 58.5 15 -1.2
      vertex 38.588190451025206 9.659258262890683 -1.2
      vertex 37.95090322016128 9.807852804032304 -1.2
    endloop
  endfacet
  facet normal 0 0 -1
    outer loop
      vertex 58.5 15 -1.2
      vertex 39.21439465303162 9.469301294951057 -1.2
      vertex 38.588190451025206 9.659258262890683 -1.2
    endloop
  endfacet
  facet normal 0 0 -1
    outer loop
      vertex 58.5 15 -1.2
      vertex 58.5 13 -1.2
      vertex 41.55570233019602 8.314696123025453 -1.2
    endloop
  endfacet
  facet normal 0 0 -1
    outer loop
      vertex 41.55570233019602 8.314696123025453 -1.2
      vertex 58.5 13 -1.2
      vertex 61.5 13 -1.2
    endloop
  endfacet
  facet normal 0 0 -1
    outer loop
      vertex 78 15 -1.2
      vertex 41.55570233019602 8.314696123025453 -1.2
      vertex 61.5 13 -1.2
    endloop
  endfacet
  facet normal 0 0 -1
    outer loop
      vertex 78 15 -1.2
      vertex 61.5 13 -1.2
      vertex 61.5 15 -1.2
    endloop
  endfacet
  facet normal 0 1 0
    outer loop
      vertex 78 15 -1.2
      vertex 61.5 15 -1.2
      vertex 61.5 15 1.2
    endloop
  endfacet
  facet normal 0 0 1
    outer loop
      vertex -78 15 1.2
      vertex 78 -15 1.2
      vertex 58.5 13 1.2
    endloop
  endfacet
  facet normal 0 1 0
    outer loop
      vertex -78 15 1.2
      vertex 58.5 15 1.2
      vertex 58.5 15 -1.2
    endloop
  endfacet
  facet normal 0 0 1
    outer loop
      vertex -78 15 1.2
      vertex 58.5 13 1.2
      vertex 58.5 15 1.2
    endloop
  endfacet
  facet normal 1 0 0
    outer loop
      vertex 78 -15 1.2
      vertex 78 15 -1.2
      vertex 78 15 1.2
    endloop
  endfacet
  facet normal 0 0 1
    outer loop
      vertex 78 -15 1.2
      vertex 61.5 13 1.2
      vertex 58.5 13 1.2
    endloop
  endfacet
  facet normal 0 0 1
    outer loop
      vertex 78 -15 1.2
      vertex 78 15 1.2
      vertex 61.5 13 1.2
    endloop
  endfacet
  facet normal 0 1 0
    outer loop
      vertex 78 15 -1.2
      vertex 61.5 15 1.2
      vertex 78 15 1.2
    endloop
  endfacet
  facet normal 0 0 1
    outer loop
      vertex 78 15 1.2
      vertex 61.5 15 1.2
      vertex 61.5 13 1.2
    endloop
  endfacet
  facet normal -0.7071067811865476 -0.7071067811865476 0
    outer loop
      vertex -74.46446609406726 -15 1.2
      vertex -78 -11.464466094067262 -1.2
      vertex -74.46446609406726 -15 -1.2
    endloop
  endfacet
  facet normal -0.7071067811865476 -0.7071067811865476 0
    outer loop
      vertex -78 -11.464466094067262 1.2
      vertex -78 -11.464466094067262 -1.2
      vertex -74.46446609406726 -15 1.2
    endloop
  endfacet
endsolid OpenSCAD_Model
